code,name,scie,lang,grup,tags,regn,enerc,water,protcnt,fatce,choavldf,fibtg,fsugar,fasat,cholc,ca,fe,na,k,mg,zn,vitc
A001,"Amaranth seed, black",Amaranthus cruentus,A. Moricha guti; H. Ramdana; Kan. Danthu beeja; Kash. Mawal; Mal. Cheera vithu; M. Chengkruk Maru; Mar. Cavali biya; O. Kosala sag manji Dhala; P. Chaulali beej; Tam. Keerai vidai; Tel. Thotakoora ginjalu.,Cereals and Millets,vegetarian eggetarian fishetarian veg,1,1490,9.89,14.59,5.74,59.98,7.02,0.88,1.28,0,0.181,0.00933,0.0027,0.433,0.325,0.00266,0
A002,"Amaranth seed, pale brown",Amaranthus cruentus,A. Moricha guti; G. Rajagaro; H. Ramdana; Kan. Danthu beeja; Kash. Mawal; Mal. Cheera vithu; M. Chengkruk Maru; Mar. Cavali biya; O. Kosala sag maji kale; P. Chaulali beej; Tam. Keerai vidai; Tel. Thotakoora ginjalu.,Cereals and Millets,vegetarian eggetarian fishetarian veg,6,1489,9.2,13.27,5.56,61.46,7.47,0.8,1.14,0,0.162,0.00802,0.00281,0.413,0.27,0.00252,0
A003,Bajra,Pennisetum typhoideum,"A., Kash. Baajra; B. Bajra; E. Pearl millet; G. Bajri; H. Bajra; Kan. Sajje; Kh. Krai; Mal. Kambam; Mar. Bajra; N. Bajara; O. Bajra; P. Bajra; Tam. Kambu; Tel. Sajjalu; U. Bajra.",Cereals and Millets,vegetarian eggetarian fishetarian veg,6,1456,8.97,10.96,5.43,61.78,11.49,0.81,0.875,0,0.02735,0.00642,0.00411,0.365,0.124,0.00276,0
A004,Barley,Hordeum vulgare,A. Barli; B. Barley; G. Jav; H. Jau; Kan. Barley; Kash. Wushke; Kh. Krai; Mal. Barley; Mar. Sath; N. Jau; O. Jaba; P. Jao; S. Yava; Tam. Baarli Arisi; Tel. Barley; U. Jau.,Cereals and Millets,vegetarian eggetarian fishetarian veg,6,1321,9.77,10.94,1.3,61.29,15.64,0.06,0.232,0,0.02864,0.00156,0.00756,0.268,0.04897,0.0015,0
A005,Jowar,Sorghum vulgare,A. Jowar; B. Jowar; E. Sorghum; G. Jowar; H. Jowar; Kan. Jolada; Kash. Pingu; Kh. Krai; Mal. irunku; Mar. Jondhahlaa; O. Janha; P. Javara; Tam. Cholam; Tel. Jonna; U. Jowar.,Cereals and Millets,vegetarian eggetarian fishetarian veg,6,1398,9.01,9.97,1.73,67.68,10.22,1.27,0.163,0,0.0276,0.00395,0.00542,0.328,0.133,0.00196,0
A006,"Maize, dry",Zea mays,A. Makoi; B. Bhutta; E. Corn; G. Makai; H. Makka; Kan. Mekke jola; Kash. Makai; Kh. Symbai riewhadem stem; Mal. Maize; M. Chujaak; Mar. Maka; N. Sukha makai; O. Maka; P. Chhali; S. Yaavanaala; Tam. Makka Cholam; Tel. Mokkajonna; U. makai.,Cereals and Millets,vegetarian eggetarian fishetarian veg,6,1398,9.26,8.8,3.77,64.77,12.24,1.66,0.413,0,0.00891,0.00249,0.00444,0.291,0.145,0.00227,0
A007,"Maize, tender, local",Zea mays,A. Makoi; B. Bhutta; E. Corn; G. Lili makai; H. Makka; Kan. Mekke jola; Kash. Makai; Kh. Riewhadem Stem; Mal. Maize; M. Chujaak; Mar. Maka; N. Makai; O. Maka; P. Chhali; Tam. Makka Cholam; Tel. Mokkajonna; U. Makai.,Cereals and Millets,vegetarian eggetarian fishetarian veg,6,502,68.29,3.57,1.4,22.69,3.67,1.47,0.109,0,0.00635,0.00071,0.00224,0.167,0.04762,0.00097,0.00426
A008,"Maize, tender, sweet",Zea mays,A. Makoi; B. Bhutta; E. Corn; G. Lili makai; H. Makka; Kan. Mekke jola; Kash. Makai; Kh. Riewhadem lieh; Mal. Maize; M. Chujaak; Mar. Maka; N. Makai; O. Maka; P. Chhali; Tam. Makka Cholam; Tel. Mokkajonna; U. makai.,Cereals and Millets,vegetarian eggetarian fishetarian veg,4,405,74.4,4.16,1.35,16.42,3.3,4.67,0.123,0,0.00637,0.00054,0.00223,0.297,0.03651,0.00077,0.00572
A009,Quinoa,Chenopodium quinoa,,Cereals and Millets,vegetarian eggetarian fishetarian veg,1,1374,10.43,13.11,5.5,53.65,14.66,1.41,0.57,0,0.198,0.00751,0.0045,0.474,0.119,0.00331,0
A010,Ragi,Eleusine coracana,A. Ragi; B. Ragi; E. Finger millet; G. Bavato; H. Ragi; Kan. Bhakri; Kh. Ukrai; Mal. Panjapulle; Mar. Bhakri; N. Kodo; O. Mandia; P.  Mandal; S. Madhulika; Tam. Kelvaragu; Tel. Ragi; U. Mandwa.,Cereals and Millets,vegetarian eggetarian fishetarian veg,5,1342,10.89,7.16,1.92,66.82,11.18,0.34,0.317,0,0.364,0.00462,0.00475,0.443,0.146,0.00253,0
A011,Rice flakes,Oryza sativa,"A. Chira, Chiura; B. Chide, Chira; E. Flattened rice, Beaten rice; G. Paunva; H. Poha; Kan. Avalakki; Kash. Chevri; Kh. Shira; Mal. Aval; M. Chengpaak; Mar. Pohe; O. Chudaa, Chuda; P. Chirwre; Tam. Aval; Tel. Atukulu, Attukulu.",Cereals and Millets,vegetarian eggetarian fishetarian veg,6,1480,10.36,7.44,1.14,76.75,3.46,0.34,0.284,0,0.00919,0.00446,0.00258,0.148,0.07792,0.00149,0
A012,Rice puffed,Oryza sativa,A. Muri; B. Muri; G. Mamra; H. Muramure; Kan. Kalle Puri; Kash. Tomul; Kh. Muri; Mal. Pori; M. Kabok Mur; Mar. Chirmure; N. Murai; O. Mudhi; P. Phulian; Tam. Pori; Tel. Maramaralu; U. Murmure.,Cereals and Millets,vegetarian eggetarian fishetarian veg,6,1514,9.4,7.47,1.62,77.68,2.56,0.64,0.04684,0,0.01509,0.00455,0.00369,0.14,0.06459,0.00145,0
A013,"Rice, raw, brown",Oryza sativa,A. Matia rangar chaul; E. Whole grain rice; G. Kathai chokha; H. Chawal; P. Bhura choul; Kash. Tomul; Kh. Khaw saw; Mal. Kuthari ; M. Cheng; Tam. Arisi; Tel. Dampudu biyyam.,Cereals and Millets,vegetarian eggetarian fishetarian veg,6,1480,9.33,9.16,1.24,74.8,4.43,0.69,0.346,0,0.01093,0.00102,0.00364,0.199,0.09391,0.00168,0
A014,"Rice, parboiled, milled",Oryza sativa,A. Ukhua chaul; B. Siddha chowl; E. Converted rice; G. Bafela Chokha; H. Usna chawal; Kan. Kusubalakki; Kash. Tomul; Kh. Khaw boil; Mal. Puzhungal ari; M. Cheng; Mar. Ukadla tandool; O. Usuna chaula; P. Biga hua chawal; Tam. Puzhungal arisi; Tel. Uppudu biyyam.,Cereals and Millets,vegetarian eggetarian fishetarian veg,6,1471,10.09,7.81,0.55,77.16,3.74,0.67,0.15,0,0.00811,0.00072,0.00316,0.142,0.02672,0.00108,0
A015,"Rice, raw, milled",Oryza sativa,A. Milat khunda chaul; B. Chowl; G. Choka; H. Chawal; Kan. Akki; Kash. Tomul; Kh. Khaw boil; M. Cheng; Mar. Tondool; O. Chaula; P. Chaul; Tam. Arisi; Tel. Biyyam.,Cereals and Millets,vegetarian eggetarian fishetarian veg,6,1491,9.93,7.94,0.52,78.24,2.81,0.69,0.184,0,0.00749,0.00065,0.00234,0.108,0.0193,0.00121,0
A016,Samai,Panicum miliare,B. Sama; E. Little millet; G. Kuri; H. Shavan; Kan. Sama; Kash. Ganuhaar; Mal. Chama; Mar. Sava; O. Suan; P. Swank; Tam. Samai; Tel. Sama.,Cereals and Millets,vegetarian eggetarian fishetarian veg,6,1449,11.36,10.13,3.89,65.55,7.72,0.37,0.589,0,0.01606,0.00126,0.00477,0.105,0.09141,0.00182,0
A017,Varagu,Setaria italica,A. Konidhan; B. Syama dhan; E. Kodo millet; G. Ral gana; Kan. Priyangu thene; Kash. Snol; Mal. Thina; Mar. Rala; P. Kangni; Tam. Thinai; Tel. Karralu.,Cereals and Millets,vegetarian eggetarian fishetarian veg,5,1388,14.23,8.92,2.55,66.19,6.39,1.29,0.246,0,0.01527,0.00234,0.00335,0.094,0.122,0.00165,0
A018,"Wheat flour, refined",Triticum aestivum,A. Moida; B. Maida; G. Maido; H. Maida; Kan. Maida; Kash. Oat; Kh. Moida; Mal. Maida mavu; M. Moida; Mar. Maida; N. Maida; O. Maida; P. Maida; Tam. Maida mavu; Tel. Maida pindi; U. Maida.,Cereals and Millets,vegetarian eggetarian fishetarian veg,6,1472,11.34,10.36,0.76,74.27,2.76,1.79,0.09855,0,0.0204,0.00177,0.00154,0.148,0.03069,0.00088,0
A019,"Wheat flour, atta",Triticum aestivum,B. Ata; G. Samagra gha; H. Atta; Kan. Sampurna godhi hittu; Kash. Oat unno lota ghaun no lot; Mal. Godhambu mavu; Mar. Kaneek; O. Gahama atta; P. Atta; Tam. Mulu Godumai maavu; Tel. Sampurna godhuma pindi.,Cereals and Millets,vegetarian eggetarian fishetarian veg,6,1340,11.1,10.57,1.53,64.17,11.36,1.8,0.206,0,0.03094,0.0041,0.00204,0.311,0.125,0.00285,0
A020,"Wheat, whole",Triticum aestivum,A. Ghehu; B. Gom; G. Ghaun; H. Gehun; Kan. Godhi; Kash. Kinek; Kh. Ukew; Mal. Godhumbu; M. Ghehu; Mar. Gehu; N. Gau; O. Gahama; P. Kanaka; S. Godhum; Tam. Godumai; Tel. Godhumalu; U. Gehun.,Cereals and Millets,vegetarian eggetarian fishetarian veg,6,1347,10.58,10.59,1.47,64.72,11.23,1.77,0.191,0,0.03936,0.00397,0.0025,0.366,0.125,0.00285,0
A021,"Wheat, bulgur",Triticum aestivum,"A. Dalia; B. Dalia; E. Burghul, Groats, Durum Wheat, Pasta wheat, Macaroni wheat; G. Bulgur ghaum; H. Dalia; Kan. Bulgur godhi; Kash. Kinek; Kh. Kew; Mal. Godhambu Ravu; Mar. Bulgur gahu; N. Gau ko pitho; O. Dalia; P. Dalia; Tam. Godumai ravai; Tel. Bulgur; U. Dalia.",Cereals and Millets,vegetarian eggetarian fishetarian veg,6,1430,8.61,10.84,1.45,69.06,8.81,1.2,0.196,0,0.02709,0.00386,0.00209,0.33,0.116,0.00197,0
A022,"Wheat, semolina",Triticum aestivum,"A. Suji; B. Suji; E. Durum wheat, Pasta wheat, Macaroni wheat; G. Ghaum soji; H. Gehun suji; Kan. Godhi rave; Kash. Sooj; Kh. Suji; Mal. Uppumavu; M. Suji; Mar. Gahu rava; N. Suji; O. Suji; P. Suji; Tam. Godumai ravai; Tel. Godhuma rava.",Cereals and Millets,vegetarian eggetarian fishetarian veg,6,1396,8.94,11.38,0.74,68.43,9.72,1.65,0.08887,0,0.02938,0.00298,0.00231,0.284,0.03789,0.00213,0
A023,"Wheat, vermicelli",Triticum aestivum,A. Sewai; B. Semai; E. Very thin pasta; G. Ghaun ni sev; H. Siwain; Kan. Shevige; Kash. Sewian; Kh. Sewai lieh; Mal. Semiya; Mar. Siwain; O. Simai; P. Sevian; Tam. Semiya; Tel. Semiya; U. Semiya.,Cereals and Millets,vegetarian eggetarian fishetarian veg,6,1392,9.59,9.7,0.45,70.39,9.28,1.68,0.06459,0,0.01942,0.00202,0.00271,0.163,0.03418,0.00083,0
A024,"Wheat, vermicelli, roasted",Triticum aestivum,A. Gom sewai; B. Semai; E. Very thin pasta; G. Ghaun ni Shekeli sev; H. Siwain; Kan. Shevige; Kash. Sewian; Kh. Sewai saw; Mal. Semiya; Mar. Siwain; O. Simai; P. Bhooni sevian; Tam. Semiya; Tel. Semiya; U. Semiya.,Cereals and Millets,vegetarian eggetarian fishetarian veg,6,1423,7.61,10.37,0.49,71.42,9.55,2.14,0.04995,0,0.02263,0.00209,0.00343,0.177,0.03903,0.00088,0
B001,"Bengal gram, dal",Cicer arietinum,"A. Boot dail; B. Cholar dal; E. Split Bengal gram, Chickpea; G. Chana-ni-daad; H. Chan-ki-dal; Kan. Kadale bele; Kash. Chanu dal; Kh. Dai shana; Mal. Kadala parippu; M. Chana Tangkhai; Mar. Harabara dal; N. Chana ko Dal; O. Channa dali (Buta dali); P. Sholedi dal; Tam. Kadalaiparuppu; Tel. Sanaga papu; U. Chane ki dal.",Grain Legumes,vegetarian eggetarian fishetarian veg,6,1377,9.18,21.55,5.31,46.72,15.15,1.03,0.469,0,0.04632,0.00608,0.02083,0.957,0.118,0.00365,0
B002,"Bengal gram, whole",Cicer arietinum,"A. Boot; B. Chola; E. Chickpea; G. Chana; H. Chana, Kala chana; Kan. Kadale; Kash. Chanu; Kh. Shana kulai; Mal. Kadala; Mar. Harbara; M. Chana Mapum; N. Kabuli Chana; O. Buta; P. Shole; S. Chanak; Tam. Kondaikadalai; Tel. Sanagalu; U. Chana.",Grain Legumes,vegetarian eggetarian fishetarian veg,6,1201,8.56,18.77,5.11,39.56,25.22,0.99,0.453,0,0.15,0.00678,0.02656,0.935,0.16,0.00337,0
B003,"Black gram, dal",Phaseolus mungo,"A. Matir dail phola; B. Biulir dal; E. Urad bean, Mungo bean, Black matpe bean; G. Aadad ni daad; H. Urad dal; Kan. Uddhina bele; Kash. Kaha; Mal. Uzhunnu parippu; M. Sagol Hawai Tangkhai; Mar. Uddachi dal; N. Maas ko dal; O. Birri dali, Biri dali; P. Maa ki daal; S. Maassa; Tam. Ulutham paruppu; Tel. Minapa pappu; U. Mash ki dal.",Grain Legumes,vegetarian eggetarian fishetarian veg,6,1356,9.16,23.06,1.69,51,11.93,0.84,0.276,0,0.05567,0.00467,0.01888,1.157,0.173,0.003,0
B004,"Black gram, whole",Phaseolus mungo,"A. Gota mati mah; B. Mashkolail; E. Urad bean, Mungo bean, Black matpe bean; G. Adad; H. Chhilke wali urad dal; Kan. Uddhina bele; Kash. Kaha; Kh. Dai iong; Mal. Uzhunu; M. Sagol Hawai; Mar. Uddachi dal; O. Birri, Biri; P. Sabut maa ki daal; Tam. Ulundhu; Tel. Minumulu Mapum",Grain Legumes,vegetarian eggetarian fishetarian veg,6,1219,8.7,21.97,1.58,43.99,20.41,0.45,0.258,0,0.08618,0.00597,0.0268,1.093,0.19,0.00305,0
B005,"Cowpea, brown",Vigna catjang,"A. Lesera mahor guti; B. Barbati; E. Black eyed peas, Lobia peas; G. Chorap; H. Lobia; Kan. Alasande; Kh. Rymbai; Mal. Vella payaru; M. Pong Hawai; Mar. Chavli; N. Bodi; O. Jhudunga; P. Lobia; S. Raajamaassa; Tam. Karamani; Tel. Bobbarlu; U. baunir.",Grain Legumes,vegetarian eggetarian fishetarian veg,6,1340,9.42,20.36,1.15,54.62,11.54,1.6,0.283,0,0.08173,0.0059,0.01368,1.241,0.213,0.00341,0
B006,"Cowpea, white",Vigna catjang,"A. Lesera mahor guti; B. Barbati; E. Black eyed peas, Lobia peas; G. Chorap; H. Lobia; Kan. Alasande; Kh. Rymbai lieh; Mal. Vella payaru; M. Pong Hawai; Mar. Chavli; N. Bodi; O. Jhudunga; P. Lobia; S. Raajamaassa; Tam. Karamani; Tel. Bobbarlu; U. Baunir.",Grain Legumes,vegetarian eggetarian fishetarian veg,1,1340,9.32,21.25,1.14,53.77,11.7,1.18,0.285,0,0.0841,0.00504,0.01252,1.243,0.213,0.00357,0
B007,"Field bean, black",Phaseolus vulgaris,"A. Urohi guti; B. Shim; E. Common bean, Fieldbean, Broad bean, String bean; G. Valpapdi; H. Sem; Kan. Avare; Kash. Moang; Kh. Symbai Ri iong; Mal. Avar; Mar. Papta; O. Baragudi; P. Sem dal; Tam. Mochai; Tel. Chikkudu ginjalu.",Grain Legumes,vegetarian eggetarian fishetarian veg,1,1155,9.57,19.93,0.92,43.46,23.4,1.15,0.188,0,0.07816,0.0045,0.00135,1.272,0.197,0.00242,0
B008,"Field bean, brown",Phaseolus vulgaris,"A. Urohi guti; B. Shim; E. Common bean, Fieldbean, Broad bean, String bean; G. Valpapdi; H. Sem; Kan. Avare; Kash. Moang; Kh. Symbai ri saw; Mal. Avar; Mar. Papta; O. Baragudi; Tam. Mochai; Tel. Chikkudu ginjalu.",Grain Legumes,vegetarian eggetarian fishetarian veg,1,1184,8.74,19.9,0.98,45.24,22.4,1.17,0.198,0,0.0752,0.00499,0.00141,1.245,0.173,0.00244,0
B009,"Field bean, white",Phaseolus vulgaris,"A. Urohi guti; B. Shim; E. Common bean, Fieldbean, Broad bean, String bean; G. Valpapdi; H. Sem; Kan. Avare; Kash. Moang; Kh. Symbai Ri lieh; Mal. Avar; Mar. Papta; O. Baragudi; Tam. Mochai; Tel. Chikkudu ginjalu.",Grain Legumes,vegetarian eggetarian fishetarian veg,5,1173,8.61,19.84,0.94,44.53,22.99,1.07,0.186,0,0.07724,0.0055,0.0017,1.36,0.19,0.0028,0
B010,"Green gram, dal",Phaseolus aureus,"A. Dhua mogu dail; B. Mung dal; E. Mung bean, Maash, Moong; G. Mug ni daad; H. Mug dal; Kan. Hesara bele; Kash. Muang dal; Kh. U dai stem; Mal. Cheru payar parippu; M. Mung Hawai; Mar. Mug dal; N. Moong ko khoste; O. Muga Dali; P. Mungi-di-dal; Tam. Payatham paruppu; Tel. Pesara pappu; U. Moong dal.",Grain Legumes,vegetarian eggetarian fishetarian veg,6,1363,9.77,23.88,1.35,52.59,9.37,0.95,0.247,0,0.04313,0.00393,0.01014,1.268,0.155,0.00249,0
B011,"Green gram, whole",Phaseolus aureus,"A. Gota mogu mah; B. Moog; E. Mung bean, Maash, Moong; G. Mug; H. Mung; Kan. Hesare kalu; Kash. Muang; Kh. U dai jyrngam; Mal. Cheru Pararu; M. Mung Hawai; Mar. Mun; N. Moong; O. Muga; P. Sabut moong dal; S. Mudra; Tam. Pasipayir; Tel. Pesalu; U. Moong.",Grain Legumes,vegetarian eggetarian fishetarian veg,6,1229,9.95,22.53,1.14,46.13,17.04,0.54,0.274,0,0.09243,0.00489,0.01248,1.177,0.198,0.00267,0
B012,"Horse gram, whole",Dolicus biflorus,"B. Kulotto- kalai; E. Kulthi bean, Hurali, Madras gram; G. Kuleeth; H. Kulthi; Kan. Hurule; Kash. Kurath; Mal. Muthira; Mar. Kuleeth; N. Bakulla; O. Kolatha; S. Kulattha; Tam. Kollu; Tel. Ulavalu; U. Kulthi.",Grain Legumes,vegetarian eggetarian fishetarian veg,6,1379,9.28,21.73,0.62,57.24,7.88,0.35,0.135,0,0.269,0.00876,0.01214,1.065,0.152,0.00271,0
B013,Lentil dal,Lens culinaris,A. Masur dail; B. Mosur dal; G. Masoor ni daad; H. Masoor dal; Kan. Laki Bele; Kash. Masoor; Kh. U dai saw; Mal. Vattu parippu; M. Hawai Masuri; Mar. lank dal; O. Masura dali; P. Dhooli masari dal; S. Triputta; Tam. Khesari paruppu; Tel. Lanka pappu.,Grain Legumes,vegetarian eggetarian fishetarian veg,6,1349,9.71,24.35,0.75,52.53,10.43,1.95,0.09102,0,0.04432,0.00706,0.01027,0.786,0.07469,0.00361,0
B014,"Lentil whole, brown",Lens culinaris,A. Gota masur mah; B. Mosur; G. Masoor (Kathai); H. Masur dal; Kan. Masur bele; Kash. Masoor; Mal. Masur parippu; M. Hawai Masuri; Mar. Masur dal; N. Musuroo; O. Masura; P. Saboot masari dal; S. Masura; Tam. Mysore paruppu; Tel. Misur pappu; U. Masur dal.,Grain Legumes,vegetarian eggetarian fishetarian veg,6,1251,9.2,22.49,0.64,48.47,16.82,1.63,0.08122,0,0.07613,0.00757,0.0112,0.756,0.101,0.0036,0
B015,"Lentil whole, yellowish",Lens culinaris,H. Masur dal; Tel. Misur pappu; Tam. Mysore paruppu; Kan. Masur bele; Mal. Masur parippu; Mar. Masur dal; O. Masura; B. Mosur; G. Masoor rakhoda; P. Saboot masari dal; U. Masur dal; A. Mosur (Dail); Kash. Masoor; S. Masura Musuroo; M. Hawai Masuri; Kh. U dai saw.,Grain Legumes,vegetarian eggetarian fishetarian veg,2,1246,9.75,22.87,0.61,47.91,16.66,1.5,0.07617,0,0.07666,0.00791,0.01087,0.764,0.08638,0.00331,0
B016,Moth bean,Vigna aconitifolia,"E. Mat bean, Turkish gram, Dew bean; H. Motha; Tam. Narippayir; Kan. Matki Kal; Mar. Matki; B. Kheri; G. Math; P. Bhiopnitam; P. Moth dal; Kh. Rymbai.",Grain Legumes,vegetarian eggetarian fishetarian veg,6,1291,8.14,19.75,1.76,52.09,15.12,1.36,0.434,0,0.154,0.0079,0.02634,1.356,0.205,0.00192,0
B017,"Peas, dry",Pisum sativum,"A. Gota motor; B. Matar; G. Sukha vatana; H. Sukhi Matar; Kan. Batani; Kash. Kaza; Kh. Shana mator; Mal. Pattani; Tam. Pattani; O. Matara; P. Sukhe hare matar dal; Kan., Tel. Batani; Kash. Kara; M. Hawai mangal.",Grain Legumes,vegetarian eggetarian fishetarian veg,6,1269,9.33,20.43,1.89,48.93,17.01,2.03,0.242,0,0.07511,0.00509,0.0234,0.922,0.123,0.0031,0
B018,"Rajmah, black",Phaseolus vulgaris,"A. Rajmah; B. Barbati beej; E. Rajma, Razma; G. Phansi (Kadi); H. Rajmah; Kan. Thugare bele; Kash. Razma; Kh. Rajma heh; Mal. Rajmah; M. Rajmah; Mar. Shravangheveda; N. Rajma; P. Kale rajmah; S. Makussttaka; Tam. Karamani Payir; Tel. Barigalu; U. Rajma.",Grain Legumes,vegetarian eggetarian fishetarian veg,2,1247,8.69,19.01,1.62,49.59,17.74,2.02,0.238,0,0.134,0.00617,0.0094,1.362,0.16,0.00308,0
B019,"Rajmah, brown",Phaseolus vulgaris,"A. Rajmah; B. Barbati beej; E. Rajma, Razma; G. Phansi (Gulabi); H. Rajmah; Kan. Thugare bele; Kash. Razma; Kh. Rajma lieh; Mal. Rajmah; M. Rajmah; Mar. Shravangheveda; N. Rajma; P. Bhoore rajmah; S. Makussttaka; Tam. Karamani Payir; Tel. Barigalu; U. Rajma.",Grain Legumes,vegetarian eggetarian fishetarian veg,6,1245,9.68,19.5,1.68,48.83,16.95,2.27,0.242,0,0.134,0.0063,0.01047,1.366,0.164,0.0026,0
B020,"Rajmah, red",Phaseolus vulgaris,"A. Rajmah; B. Barbati beej; E. Rajma, Razma; G. Phansi (lal); H. Rajmah; Kan. Thugare bele; Kash. Razma; Kh. Rajma rit; Mal. Rajmah; M. Rajmah; Mar. Shravangheveda; N. Rajma; P. Lal rajmah; S. Makussttaka; Tam. Karamani Payir; Tel. Barigalu; U. Rajma.",Grain Legumes,vegetarian eggetarian fishetarian veg,3,1252,9.87,19.91,1.77,48.61,16.57,1.52,0.256,0,0.126,0.00613,0.01045,1.324,0.173,0.00269,0
B021,"Red gram, dal",Cajanus cajan,"A. Rohor dail; B., Kash., H. Arhar dal; E. Pigeon pea; G. Tuver ni daad; Kan. Thugare bele; Kash. Masur; Kh. Dai shana; Mal. Tuvaru parippu; M. Mairongbi; Mar. Turdal; N. Rahar ko dal; O. Harada dal; P. Arhar dal; S. Aaddhakii; Tel. Kandi pappu; Tam. Tuvaramparuppu; U. Tuvar ki dal.",Grain Legumes,vegetarian eggetarian fishetarian veg,6,1384,9.2,21.7,1.56,55.23,9.06,2.08,0.257,0,0.07173,0.0039,0.01801,1.395,0.119,0.00263,0
B022,"Red gram, whole",Cajanus cajan,A. Gota rohor; E. Pigeon pea; G. Tuver; H. Arhar sabud; Kash. Masur; Kh. Rymbai ja; Mal. Tuvaru parippu; M. Mairongbi; Mar. Turdal; O. Harada; P. Arhar sabut dal; Tam. Tuvarai; Tel. Kandulu; U. Tuvar.,Grain Legumes,vegetarian eggetarian fishetarian veg,6,1146,9.3,20.47,1.38,42.48,22.84,1.3,0.277,0,0.139,0.00537,0.01903,1.303,0.155,0.00299,0
B023,Ricebean,Vigna umbellata,B. Galmoong; E. Ricebean; H. Meth; Kh. Rymbai ja; Mal. Kattuzhunnu; M. Chakwai ; N. Shiltong.,Grain Legumes,vegetarian eggetarian fishetarian veg,1,1265,11.12,19.97,0.74,51.26,13.37,1.33,0.172,0,0.2,0.00476,0.01062,1.196,0.201,0.00229,0.00111
B024,"Soya bean, brown",Glycine max,A. Soya bean; B. Garikalai; E. Soybean; G. Soya bean; H. Bhatmas; Kan. Soya bean; Kash. Muth; Kh. Toh rymbai; Mal. Soya bean; M. Nunghawai; Mar. Soya bean; N. Bhatmas; O. Soya bean; P. Soya bean dal; Tam. Soya bean; Tel. Soya bean; U. Soya.,Grain Legumes,vegetarian eggetarian fishetarian veg,6,1596,5.51,35.58,19.82,12.79,21.55,2.51,3.092,0,0.239,0.00829,0.00207,1.613,0.259,0.00401,0
B025,"Soya bean, white",Glycine max,A. Soya bean; B. Garikalai; E. Soybean; G. Soya bean; H. Bhatmas; Kan. Soya bean; Kash. Muth; Kh. Toh rymbai; Mal. Soya bean; M. Nunghawai; Mar. Soya bean; N. Bhatmas; O. Soya bean; P. Soya bean dal; Tel. Soya bean; Tam. Soya bean; U. Soya.,Grain Legumes,vegetarian eggetarian fishetarian veg,1,1579,5.47,37.8,19.42,10.16,22.63,2.2,3.002,0,0.195,0.00822,0.00283,1.634,0.189,0.00347,0
C001,Agathi leaves,Sesbania grandiflora,"A. Bok phular paat; B. Bak ful shak; E. August tree leaves, Humming bird tree leaves, spinach; G. Agathio; H. Agasthi; Kan. Agase soppu; Mal. Agathi cheera; M. Chu chu Rangmei; Mar. Agasthi ka sag; O. Agasti; Tam. Agathi keerai; Tel. Avise akulu.",Green Leafy Vegetables,vegetarian eggetarian fishetarian veg,1,295,74.43,8.01,1.35,5.21,8.6,0.23,0.49,0,0.901,0.00436,0.01812,0.674,0.09664,0.00053,0.121
C002,"Amaranth leaves, green",Amaranthus gangeticus,A. Moricha sak; B. Notya Shaakh; G. Taldalja ni bhaaji; H. Chaulai; Kan. Danthu; Kash. Mawal; Mal. Cheera; M. Chengkruk; Mar. Math; N. Latte to saag; O. Neutia sag; P. Chaulai sag; S. Maarissa; Tam. Thandu keerai; Tel. Thotakoora; U. Cholai.,Green Leafy Vegetables,vegetarian eggetarian fishetarian veg,6,128,86.85,3.29,0.65,2.28,4.41,0.32,0.194,0,0.33,0.00464,0.01608,0.572,0.194,0.00086,0.08354
C003,"Amaranth leaves, red mix",Amaranthus gangeticus,A. Moricha; B. Lal Shaakh; G. Lal tandaljo; H. Chaulai; Kan. Danthu; Kash. Mawal; Mal. Cheera; M. Chengkruk; Mar. Math; N. Latte to saag; O. Neutia sag; P. Lal chaulai sag; S. Maarissa; Tel. Thotakoora; Tam. Thandu keerai; U. Cholai.,Green Leafy Vegetables,vegetarian eggetarian fishetarian veg,1,140,85.56,3.93,0.63,2.37,4.91,0.28,0.21,0,0.245,0.00725,0.01458,0.564,0.177,0.00137,0.0862
C004,"Amaranth leaves, red and green mix",Amaranthus gangeticus,A. Moricha; B. Notya Shaakh; G. Tandaljo; H. Chaulai; Kan. Danthu; Kash. Mawal; Mal. Cheera; M. Chengkruk; Mar. Math; N. Latte to saag; O. Neutia sag; P. Chaulai sag; S. Maarissa; Tam. Thandu keerai; Tel. Thotakoora; U. Cholai.,Green Leafy Vegetables,vegetarian eggetarian fishetarian veg,4,132,86.37,3.09,0.53,2.87,4.6,0.15,0.197,0,0.269,0.00528,0.01755,0.597,0.146,0.00103,0.07724
C005,"Amaranth spinosus, leaves, green mix",Amaranthus spinosus,A. Moricha sak; B. Kanta-notya; G. Kanta vado tandaljo; H. Kantewali-notya; Kan. Mulla danthu; Kash. Mawal; Mal. Mullancheru- cheera; M. Chengkruk; Mar. Kantemanth; O. Kanta notay shak; P. Kantewali chaulai; Tam. Mulaikeerai; Tel. Mulla thotakura.,Green Leafy Vegetables,vegetarian eggetarian fishetarian veg,4,110,86.46,3.54,0.36,1.61,5.1,0.14,0.08513,0,0.359,0.00637,0.01566,0.569,0.202,0.00157,0.08256
C006,"Amaranth spinosus, leaves, red and green mix",Amaranthus spinosus,B. Kanta-notya shaak; G. Kanta vado tandaljo; H. Kantewali-notya; Kan. Mulla danthu; Kash. Mawal; Kh. Sla longmar; Mal. Mullancheru-cheera; M. Chengkruk; Mar. Kantemanth; O. Kanta neutia sag; P. Kantewali chaulai; Tam. Mulakeerai; Tel. Mulla thotakura.,Green Leafy Vegetables,vegetarian eggetarian fishetarian veg,2,99,86.64,2.8,0.34,1.45,5.57,0.13,0.08596,0,0.372,0.00458,0.01627,0.588,0.187,0.00111,0.0773
C007,Basella leaves,Basella alba,A. Puroi sak; B. Pui shaak; E. Malabar spinach; G. Poi ni bhaji; H. Palak; Kan. Basale soppu; Kh. Sla palong dkhar; Mal. Vallicheera; Mar. Mayalu; O. Poi saaga; P. Paalak; Tam. Kodippasali; Tel. Bachhali.,Green Leafy Vegetables,vegetarian eggetarian fishetarian veg,2,82,92.68,1.57,0.45,2.01,2.21,0.02,0.101,0,0.09389,0.0042,0.01874,0.337,0.153,0.00039,0.06335
C008,Bathua leaves,Chenopodium album,A. Jilmil sak; B. Beto sak; G. Chilni bhaji; H. Bathua sagu; Kan. Sakothina soppu; Kash. Ushtahak; Kh. Sla jada; Mal. Parippuchira; M. Monsaobi; Mar. Chakavath; N. Bethe ko saag; O. Bathua sag; P. Bathu sag; Tel. Pappukura; Tam. Paruppukkeerai.,Green Leafy Vegetables,vegetarian eggetarian fishetarian veg,2,116,88.77,2.5,0.44,2.56,4.01,0.52,0.12,0,0.211,0.00266,0.01075,0.438,0.04841,0.00098,0.04103
C009,Beet greens,Beta vulgaris,A. Beetar sak; E. Beet greens; G. Beet ni bhaji; H. Chukandhar sag; Kan. Beet root soppu; Kash. Chogander Munji; Kh. Sla bit; Mal. Beet root cheera; Mar. Beet root ka sag; N. Bengali Palungo ko Saag; P. Chukandhar da sag; Tam. Beet root keerai; Tel. Beet root; U. beet patta.,Green Leafy Vegetables,vegetarian eggetarian fishetarian veg,6,145,86.68,2.38,0.75,3.86,3.64,0.13,0.188,0,0.151,0.0058,0.111,0.53,0.12,0.00016,0.03583
C010,"Betel leaves, big (kolkata)",Piper betle,A. paan; B. Pan; G. Nagarvelna pan; H. Pan ka patha; Kan. Kadale soppu; Kh. Tympew Dkhar; Mal. Vettiiai; M. Kwa Mana; Mar. Pan-ka-patta; O. Pana; P.  Pan-da-patta; Tam. Vetrilai; Tel. Thamala paku; U. Paan ka patta.,Green Leafy Vegetables,vegetarian eggetarian fishetarian veg,6,202,84.93,2.51,0.75,7.37,2.12,0.37,0.25,0,0.207,0.003,0.0168,0.649,0.107,0.00047,0.0184
C011,"Betel leaves, small",Piper betle,A. Paan; B. Pan; G. Nagarvelna pan; H. Pan ka patha; Kan. Kadale soppu; Kh. Tympew; Mal. Vettiiai; M. Kwa Mana; Mar. Pan-ka-patta; O. Pana; P. Pan-da-patta; Tel. Thamala paku; Tam. Vetrilai; U. Paan ka patta.,Green Leafy Vegetables,vegetarian eggetarian fishetarian veg,4,183,85.92,2.62,0.75,6.16,1.97,0.4,0.238,0,0.196,0.00287,0.01404,0.678,0.08994,0.00039,0.02451
C012,Brussels sprouts,Brassica oleracea var. gemmifera,B. Biliti Bandhakopi; G. Nani kobi; H. Choote gobi; Kan. Mara kosu; Kash. Haakh; Mal. Kalakose; Mar. Chotee gobi; O. Chota bandha; P. Chooti band gobi; Tam. Kalaikose; Tel. Chinna cabbage; U. Choti bund gobh.,Green Leafy Vegetables,vegetarian eggetarian fishetarian veg,1,185,84.39,4.26,0.5,5.09,4.29,0.17,0.226,0,0.05399,0.00154,0.01851,0.639,0.03299,0.00057,0.08945
C013,"Cabbage, Chinese",Brassica rupa,A. China lai; G. Chinese kobi; Kash. Bandh; Kh. Salat chaina.,Green Leafy Vegetables,vegetarian eggetarian fishetarian veg,1,75,93.19,1.58,0.13,2.36,2.01,0.42,0.03301,0,0.05846,0.00039,0.02028,0.258,0.01151,0.00019,0.01932
C014,"Cabbage, collard greens",Brassica oleracea var. viridis,G. Kobi na pan; Kash. Bandh; Kh. Sla kubi; Tam. Seemai parattai keerai.,Green Leafy Vegetables,vegetarian eggetarian fishetarian veg,1,126,89.53,3.63,0.27,2.79,2.98,0.76,0.06187,0,0.17,0.00267,0.02298,0.292,0.0459,0.00035,0.04076
C015,"Cabbage, green",Brassica oleracea var. capitata f. alba,A. Bondhakobi; B. Badha kopi; G. Lili kobi; H. Bandh gobi; Kan. Kosu; Kash. Bandh gobi; Kh. Kubi; Mal. Muttu gose; M. Kobi Mana; Mar. Kobi; N. Banda kovi; O. Bandha kobi; P. Patta gobhi; S. Shaakaprabhedah; Tel. Gos koora; Tam. Muttaikose; U. Gobhi.,Green Leafy Vegetables,vegetarian eggetarian fishetarian veg,6,90,91.85,1.36,0.12,3.25,2.76,1,0.04654,0,0.05176,0.00035,0.01498,0.233,0.01799,0.00016,0.03325
C016,"Cabbage, violet",Brassica oleracea var. capitata f. rubra,"A. Bondhakobi; B. Badha kopi; E. Red cabbage, Purple cabbage, Red Kraut, Blur kraut; G. Lal kobi; H. Bandh gobi; Kan. Kosu; Kash. Bandh gobi; Kh. Kubi saw; Mal. Muttu gose; Mar. Kobi; N. Banda kovi; O. Bandha kopee; P. Patta gobhi; S. Shaakaprabhedah; Tam. Muttaikose; Tel. Gos koora; U. Gobhi.",Green Leafy Vegetables,vegetarian eggetarian fishetarian veg,2,97,91.94,1.39,0.21,3.54,2.21,0.8,0.05842,0,0.048,0.00024,0.024,0.201,0.02687,0.00013,0.04349
C017,Cauliflower leaves,Brassica oleracea var. botrytis,A. Phul kobir pat; B. Phul gopi pata; G. Fulawar na pan; H. Phul gobi patta; Kan. Hukosu; Kash. Phoolgobi panwathir; Kh. Sla phul; Mal. Cauliflower; M. Kobithamchetmai mana; Mar. Phul gobi; N. Kauli; O. Phula Kobi patra; P. Phool gobi di patte; S. Gojihvaa; Tam. Pookosu keerai; Tel. Go puvvu; U. Phul gobi.,Green Leafy Vegetables,vegetarian eggetarian fishetarian veg,6,148,87.64,3.9,0.42,3.39,3.43,0.61,0.115,0,0.0967,0.00242,0.02431,0.374,0.0415,0.00031,0.05284
C018,"Colocasia leaves, green",Colocasia anti-quorum,A. Kasu sak; B. Kochu pata; G. Advi na pan; H. Arvi ka sag; Kan. Shamangadda yele; Kh. Sla wang; Mal. Chembu ilagal; M. Paan mana; Mar. Alu pan; N. Karkalo; O. Saru saga; P. Arbi-di-patte; Tam. Seppam ilaigal; Tel. Chama akulu; U. Arvi ka patta.,Green Leafy Vegetables,vegetarian eggetarian fishetarian veg,6,182,83.61,3.42,1.38,3.69,5.6,0.63,0.426,0,0.216,0.00341,0.01208,0.404,0.05944,0.00082,0.04071
C019,Drumstick leaves,Moringa oleifera,"A. Sajina paat; B. Sajna pata; E. Horseradish leaves, Benzoil leaves; G. Saragwa na pan; H. Saijan patta; Kan. Nuggeyele; Mal. Muringa ela; M. Sajana mana; Mar. Shevaga pan; O. Sajna sag; P. Soanjhna da patta; Tam. Murungai keerai; Tel. Mulaga akulu; U. Sujineki palli.",Green Leafy Vegetables,vegetarian eggetarian fishetarian veg,3,282,75.65,6.41,1.64,5.62,8.21,0.02,0.56,0,0.314,0.00456,0.00934,0.397,0.09709,0.00072,0.108
C020,Fenugreek leaves,Trigonella foenum graecum,A. Methi paat; B. Methi shak; G. Methi pandada; H. Methi sag; Kan. Menthya soppu; Kash. Kasori Methi; Kh. Sla methi; Mal. Uluva ila; M. Methi man; Mar. Methi sag; N. Methi pata; O. Methi sag; P. Methi di patte; Tel. Menthikoora; Tam. Vendhaiya keerai; U. Methi.,Green Leafy Vegetables,vegetarian eggetarian fishetarian veg,5,144,86.73,3.68,0.83,2.17,4.9,0.88,0.199,0,0.274,0.00569,0.04701,0.226,0.06367,0.00054,0.05825
C021,Garden cress,Lepidium sativum,A. Bor manimuni; B. Halim sag; G. Asadio na pan; H. Halim ka patta; Kan. Allibija soppu; Kash. Halyun; Kh. Khliang syiar; Mal. Alivirai cheera; Mar. Ahiva ka patta; N. Chamsoor ko Saag; O. Kakharu Saga; P. Halim-da-sag; Tam. Alivirai keerai; Tel. Adityala akulu.,Green Leafy Vegetables,vegetarian eggetarian fishetarian veg,2,208,84.02,5.62,0.8,4.48,2.6,0.92,0.02868,0,0.217,0.00619,0.02535,0.379,0.07924,0.00152,0.04275
C022,"Gogu leaves, green",Hibiscus cannabinus,A. Tengamora; B. Mestapat; E. Roselle Leaves; G. Ambadi; H. Pitwa; Kan. Pundi; Kh. Sla jajew jyrngam; Mal. Pulichai cheera; M. Sougri mana; Mar. Ambadi; O. Nalite saga; P. Pitwa sag; Tam. Pulichchai keerai; Tel. Gongura; U. Ambada ki bhaji.,Green Leafy Vegetables,vegetarian eggetarian fishetarian veg,4,152,87.42,1.86,1.09,4.06,4.59,0.01,0.245,0,0.145,0.00765,0.01234,0.26,0.08309,0.00065,0.02965
C023,"Gogu leaves, red",Hibiscus cannabinus,A. Tengamora; B. Mestapat; E. Roselle Leaves; G. Ambadi; H. Pitwa; Kan. Pundi; Kh. Sla jajew saw; Mal. Pulichai cheera; M. Sougri mana; Mar. Ambadi; O. Nalite saga; P. Pitwa sag; Tam. Pulichchai keerai; Tel. Gongura; U. Ambada ki bhaji.,Green Leafy Vegetables,vegetarian eggetarian fishetarian veg,1,153,87.98,1.85,1.07,4.24,3.89,0.01,0.243,0,0.129,0.00956,0.01408,0.161,0.07575,0.00063,0.03543
C024,"Knol-Khol, leaves",Brassica oleracea var. gongylodes,"A. Ool kobi; B. Olkopi sag; E. Knol Knol, Kohlrabi, Wild cabbage greens; G. Gath kobi na pan; H. Ganth gobi ka sag; Kan. Gedde kosu; Kash. Hakh Monji; Kh. Phan Kubi; Mal. Knol-khol cheera; M. Kobi Maru Kabi; Mar. Nol khol ka patta; N. Salgam ko saag; O. Ulgobi saga; P. Ganth gobi sag; Tam. Knol-Khol keerai; Tel. Knol-khol akulu.",Green Leafy Vegetables,vegetarian eggetarian fishetarian veg,2,178,86.2,3.12,0.35,6.16,2.76,0.1,0.107,0,0.368,0.00251,0.0268,0.309,0.066,0.00042,0.07111
C025,Lettuce,Lactuca sativa,A. Salad paat; G. Lettuce na pan; H. Salad ka patta; Kan. Lettuce soppu; Kash. Hakh; Kh. Salat dkhar; Mal. Lettuce cheera; Mar. Lettuce ka patta; N. Saalad ko paat; P. Salada sag; Tam. Ilaikosu; Tel. Kavu akulu; U. Kismisaag.,Green Leafy Vegetables,vegetarian eggetarian fishetarian veg,3,91,92.27,1.54,0.27,3.01,1.79,0.22,0.116,0,0.05671,0.00273,0.01753,0.279,0.04322,0.00051,0.01191
C026,Mustard leaves,Brassica juncea,A. Horiyo paat; B. Sorisa sag; E. Mustard greens; G. Sarasava pandada; H. Sarson ka sag; Kan. Sasuve yele; Kash. Hakh; Kh. Tyrso; Mal. Kadugu ila; M. Hangaam; Mar. Mochari-chi pan; N. Raayo ko Saag; O. Sarson ka saga; P. Saro da sag; Tam. Kadugu ilai; Tel. Ava akulu; U. Sarson ki patta.,Green Leafy Vegetables,vegetarian eggetarian fishetarian veg,3,127,88.17,3.52,0.51,2.41,3.92,0.04,0.142,0,0.191,0.00284,0.01914,0.403,0.05163,0.00068,0.06032
C027,Pak Choi leaves,Brassica rapa var. Chinensis,"E. Bok choy, Horse`s ear, Chinese celery cabbage, White mustard cabbage; G. Pak choi na pan.",Green Leafy Vegetables,vegetarian eggetarian fishetarian veg,1,67,93.56,1.41,0.25,1.78,1.91,0.52,0.03898,0,0.15,0.00378,0.03373,0.25,0.04528,0.00016,0.0556
C028,Parsley,Petroselinum crispum,A. Sugandhi lota; E. Garden parsley; G. Leela dhana; Mal. Seema malli; Mar. Kothimbir/dhane; Tam. Verkosu; Kan. Auchumooda; U. Ajmod; P. Parsley.,Green Leafy Vegetables,vegetarian eggetarian fishetarian veg,3,305,77.76,5.55,1.14,9.43,3.87,0.69,0.345,0,0.288,0.00551,0.05308,0.466,0.04918,0.00129,0.133
C029,Ponnaganni,Alternanthera sessilis,A. Matikaduri; B. Khanchari;G. Saranthi na pan; H. Saranthi sag; Kan. Honagone soppu; Mal. Ponnaganni cheera; M. Phakchet; Mar. Saranthi sag; O. Madarangh; Tam. Ponnaganni keerai; Tel. Ponnaganti koora; U. Kunte ki bhaji.,Green Leafy Vegetables,vegetarian eggetarian fishetarian veg,2,213,79.43,5.29,0.71,5.17,6.74,0.44,0.204,0,0.388,0.00388,0.03936,0.457,0.08039,0.00099,0.103
C030,"Pumpkin leaves, tender",Cucurbita maxima,A. Rongalao paat; B. Kumra shak; G. Kolam na pan; H. Kumhra sag; Kan. Kumbale soppu; Kash. Aal kaniji; Kh. Sla pathaw; Mal. Manthan elakai; M. Mairen mana; Mar. Bhopla chipan; O. Khakaru saga; P. Petha de pate; Tel. Gummadi akulu; Tam. Parangi ilai; U. Kaddu ka patta.,Green Leafy Vegetables,vegetarian eggetarian fishetarian veg,6,185,85.82,4.21,0.74,4.75,2.25,0.1,0.267,0,0.271,0.00558,0.0122,0.423,0.08421,0.0009,0.01233
C031,Radish leaves,Raphanus sativus,A. Dherua; B. Mulo shak; G. Muda na pan; H. Muli ka sag; Kan. Mullangi soppu; Kash. Mooji Hakh; Kh. Sla muli; Mal. Mullangi ilaigal; M. Hangham mula; Mar. Mula ka sag; N. Moolaa ko saag; O. Mula ka sag; P. Muli di patte; Tel. Mullangi akulu; Tam. Mullangi ilai; U. Muli ka patta..,Green Leafy Vegetables,vegetarian eggetarian fishetarian veg,6,109,91.19,2.22,0.51,2.77,1.82,0.29,0.147,0,0.234,0.00382,0.01739,0.304,0.05796,0.00049,0.06576
C032,Rumex leaves,Rumex patientia,A. Suka sak; B. Bun palung; G. Ambada (sorrel); Kan. Chukki soppu; Mar. Amlavetasa; S. Amlavetasa; U. Tukhm hummaz.,Green Leafy Vegetables,vegetarian eggetarian fishetarian veg,2,82,93.18,1.62,0.33,2.33,1.27,0.45,0.06092,0,0.131,0.00367,0.01995,0.336,0.04833,0.00046,0.05376
C033,Spinach,Spinacia oleracea,A. Paleng; B. Palong shak; G. Palak ni bhaji; H. Palak; Kan. Spinak soppu; Kash. Palak; Kh. Palong heh; Mal. Basala cheera; M. Palak; Mar. Palak; N. Paalungo ko Saag; O. Palang sag; P. Palak; S. Paalakya; Tam. Pasalai keerai; Tel. Palakoora; U. Palak.,Green Leafy Vegetables,vegetarian eggetarian fishetarian veg,6,102,90.31,2.14,0.64,2.05,2.38,0.24,0.183,0,0.08229,0.00295,0.04255,0.625,0.08697,0.00046,0.03028
C034,"Tamarind leaves, tender",Tamarindus indica,"B. Tetul pata; G. Amli na pan; H., P. Imli patte; K. Hunise chiguru; Mal., Tam. Puliam ilaigal; Mar. Chinchecha pala; O. Tentuli; Tel. Chinta chiguru; A. Teteli paat; M. Mange Mana; Kh. Sla sohkyntoi.",Green Leafy Vegetables,vegetarian eggetarian fishetarian veg,3,299,71.69,5.84,0.49,10.04,10.7,0.17,0.176,0,0.06693,0.00284,0.01343,0.465,0.0421,0.00093,0.02822
D001,Ash gourd,Benincasa hispida,"A. Kumura; B. Chalkumra; E. Wax gourd, White gourd, Winter gourd, Tallow gourd, Ash pumpkin, Winter melon, Chinese preserving melon; G. Bhuru kodu; H. Petha; Kan. Budagumbala; Kash. Aal; Kh. Pathaw iiwbih; Mal. Kumbalanga; M. Torbot; Mar. Kohala; N. Kubhindo; O. Panikakharu; P. Petha; Tam. Venpoosani; Tel. Boodida gummadi; U. Peta.",Other Vegetables,vegetarian eggetarian fishetarian veg,6,73,92.17,0.79,0.14,2.84,3.37,0.19,0.02526,0,0.01939,0.00047,0.00077,0.372,0.01995,0.00013,0.01141
D002,"Bamboo shoot, tender",Bambusa vulgaris,"A. Bahgaj; B. Bansber ankur; E. Bamboo sprouts; G. Lilo vans; H. Baans; Kan. Baimbale, Kanile; Kh. Ka lung siej; Mal. Mulankoombu; M. Soidon; Mar. Kalkipan; O. Bhet ki lakdi; P. Baans; Tam. Moongil kuruthu; Tel. Veduru chiguru; U. Bhet ki lakdi.",Other Vegetables,vegetarian eggetarian fishetarian veg,1,68,94.56,1.33,0.35,1.67,1.55,0.09,0.04109,0,0.01,0.00033,0.00112,0.422,0.00828,0.00037,0.01574
D003,"Bean scarlet, tender",Phaseolus coccineus,"A. Lesera mah; E. Runner bean, Scarlet runner bean, Multiflora bean; G. Chodi; H. Sem; Kash. Hyambi; Kh. U buri; M. Hawai Ashaangbi; P. Sem fali.",Other Vegetables,vegetarian eggetarian fishetarian veg,5,179,85.51,2.86,0.99,5.16,4.5,1.03,0.266,0,0.04348,0.00073,0.00146,0.164,0.04375,0.00057,0.00661
D004,"Bitter gourd, jagged, teeth ridges, elongate",Momordica charantia,"A. Kerela; B. Korola; E. Bitter melon, Bitter squash, Balsam pear; G. Karela; H. Karela; Kan. Hagal kai; Kash. Karela; Kh. Kerela heh; Mal. Kaippakka; M. Karon Akhabi; Mar. Karle ; N. Tite karela; O. Kalara; P. Karela; S. Tillikaa; Tel. Kakara kaya; Tam. Paavakkai; U. Karela.",Other Vegetables,vegetarian eggetarian fishetarian veg,6,87,90.87,1.44,0.24,2.82,3.78,0.04,0.144,0,0.02136,0.00115,0.01309,0.326,0.03214,0.00031,0.04653
D005,"Bitter gourd, jagged, teeth ridges, short",Momordica charantia,"A. Kerela; B. Uchhe; E. Bitter melon, Bitter squash, Balsam pear; G. Marela; H. Karela; Kan. Hagal kai; Kash. Karela; Kh. Kerela rit; Mal. Kaippakka; M. Karon Akhabi; Mar. Karle; N. Tite karela; O. Kalara; P. Karela; S. Tillikaa; Tam. Paavakkai; Tel. Kakara kaya; U. Karela.",Other Vegetables,vegetarian eggetarian fishetarian veg,4,79,91.6,1.34,0.24,2.53,3.49,0.06,0.139,0,0.01627,0.00108,0.01259,0.282,0.03158,0.00036,0.05087
D006,"Bitter gourd, jagged, smooth ridges, elongate",Momordica charantia,"A. Kerela; B. Korola; E. Bitter melon, Bitter squash, Balsam pear; G. Karela; H. Karela; Kan. Hagal kai; Kash. Karela; Kh. Kerela; Mal. Kaippakka; M. Karon Akhabi; Mar. Karle; N. Tite karela; O. Kalara; P. Karela; S. Tillikaa; Tam. Paavakkai; Tel. Kakara kaya; U. Karela.",Other Vegetables,vegetarian eggetarian fishetarian veg,1,81,91.24,1.61,0.26,2.29,3.72,0.08,0.142,0,0.01762,0.00128,0.01116,0.356,0.03334,0.00043,0.0543
D007,"Bottle gourd, elongate, pale green",Lagenaria vulgaris,"A. Jatilao; B. Lau; E. Calabash, White flowered gourd; G. Dudhi; H. Lowki; Kan. Sorekai; Kash. Zeeth aal; Kh. U klong; Mal. Cheranga; M. Khongdrum; Mar. Pandhara; N. Lauka; O. Lau; P. Kadu; S. Kaarabellam; Tam. Suraikkai; Tel. Sorrakaya; U. Lowki.",Other Vegetables,vegetarian eggetarian fishetarian veg,6,46,95.17,0.53,0.13,1.68,2.12,0.36,0.04144,0,0.01542,0.00026,0.00146,0.124,0.01093,0.00015,0.00433
D008,"Bottle gourd, round, pale green",Lagenaria vulgaris,"A. Jatilao; B. Lau; E. Calabash, White flowered gourd; G. Dudhi; G. Dudhi; H. Lowki; Kan. Sorekai; Kash. Gool aal; Kh. U klong heh; Mal. Cheranga; M. Khongdrum; Mar. Pandhara; N. Lauka; O. Lau; P. Kdu; S. Kaarabellam; Tam. Suraikkai; Tel. Sorrakaya; U. Lowki.",Other Vegetables,vegetarian eggetarian fishetarian veg,5,57,94.5,0.42,0.12,2.53,2.1,0.34,0.04107,0,0.01505,0.00028,0.00152,0.116,0.01089,0.00015,0.00454
D009,"Bottle gourd, elongate, dark green",Lagenaria vulgaris,"A. Jatilao; B. Lau; E. Calabash, White flowered gourd; G. Dudhi; G. Dudhi; H. Lowki; Kan. Sorekai; U. Lowki; Kash. Zeth aal; Kh. Klong jrong; Mal. Cheranga; M. Khongdrum; Mar. Pandhara; N. Lauka; O. Lau; P. Kadu; S. Kaarabellam; Tam. Suraikkai; Tel. Sorrakaya.",Other Vegetables,vegetarian eggetarian fishetarian veg,1,54,94.63,0.49,0.13,2.25,2.11,0.39,0.04204,0,0.01664,0.00034,0.00135,0.171,0.0129,0.00018,0.0038
D010,Brinjal-1,Solanum melongena,"A. Bengena; B. Begun; E. Eggplant, Aubergine; G. Ringna; H. Baingan; Kan. Badane; Kash. Wagun; Kh. Sohbaingon jyrngam; Mal. Vazhuthiniga; M. Lam Khamen; Mar. Vange; N. Bhantaa; O. Baigan; P. Baigan; S. Vruntaakam; Tam. Kathirikkai; Tel. Vankaya; U. Baigan.",Other Vegetables,vegetarian eggetarian fishetarian veg,1,114,89.95,1.77,0.39,3.49,3.57,0.88,0.09453,0,0.02217,0.00049,0.00315,0.302,0.02675,0.00032,0.00158
D011,Brinjal-2,Solanum melongena,"A. Bengena; B. Begun; E. Eggplant, Aubergine; G. Ringna; H. Baingan; Kan. Badane; Kash. Wagun; Kh. Sohbaingon jyrngam; Mal. Vazhuthiniga; M. Lam Khamen; Mar. Vange; N. Bhantaa; O. Baigan; P. Baigan; S. Vruntaakam; Tam. Kathirikkai; Tel. Vankaya; U. Baigan.",Other Vegetables,vegetarian eggetarian fishetarian veg,1,99,90.28,1.82,0.34,2.71,4.01,0.98,0.08811,0,0.01713,0.00044,0.00392,0.206,0.02956,0.00023,0.00103
D012,Brinjal-3,Solanum melongena,"A. Bengena; B. Begun; E. Eggplant, Aubergine; G. Ringna; H. Baingan; Kan. Badane; Kash. Wagun; Kh. Sohbaingon jyrngam; Mal. Vazhuthiniga; M. Lam Khamen; Mar. Vange; N. Bhantaa; O. Baigan; P. Baigan; S. Vruntaakam; Tam. Kathirikkai; Tel. Vankaya; U. Baigan.",Other Vegetables,vegetarian eggetarian fishetarian veg,2,102,90.02,1.36,0.33,3.38,4.26,0.93,0.07234,0,0.01458,0.00034,0.00312,0.192,0.01862,0.0002,0.00234
D013,Brinjal-4,Solanum melongena,"A. Bengena; B. Begun; E. Eggplant, Aubergine; G. Ringna; H. Baingan; Kan. Badane; Kash. Wagun; Kh. Sohbaingon jyrngam; Mal. Vazhuthiniga; M. Lam Khamen; Mar. Vange; N. Bhantaa; O. Baigan; P. Baigan; S. Vruntaakam; Tam. Kathirikkai; Tel. Vankaya; U. Baigan.",Other Vegetables,vegetarian eggetarian fishetarian veg,4,100,90.28,1.51,0.31,3.19,4.04,0.86,0.06691,0,0.01339,0.00038,0.00331,0.268,0.02065,0.00021,0.00222
D014,Brinjal-5,Solanum melongena,"A. Bengena; B. Begun; E. Eggplant, Aubergine; G. Ringna; H. Baingan; Kan. Badane; Kash. Wagun; Kh. Sohbaingon jyrngam; Mal. Vazhuthiniga; M. Lam Khamen; Mar. Vange; N. Bhantaa; O. Baigan; P. Baigan; S. Vruntaakam; Tam. Kathirikkai; Tel. Vankaya; U. Baigan",Other Vegetables,vegetarian eggetarian fishetarian veg,3,111,89.45,1.38,0.29,4.02,4.13,0.99,0.06924,0,0.01703,0.00036,0.00403,0.227,0.02536,0.0002,0.00315
D015,Brinjal-6,Solanum melongena,"A. Bengena; B. Begun; E. Eggplant, Aubergine; G. Ringna; H. Baingan; Kan. Badane; Kash. Wagun; Kh. Sohbaingon jyrngam; Mal. Vazhuthiniga; M. Lam Khamen; Mar. Vange; N. Bhantaa; O. Baigan; P. Baigan; S. Vruntaakam; Tam. Kathirikkai; Tel. Vankaya; U. Baigan",Other Vegetables,vegetarian eggetarian fishetarian veg,2,97,90.57,1.46,0.29,3.29,3.68,1,0.07099,0,0.01717,0.00039,0.00375,0.289,0.01882,0.0002,0.00149
D016,Brinjal-7,Solanum melongena,"A. Bengena; B. Begun; E. Eggplant, Aubergine; G. Ringna; H. Baingan; Kan. Badane; Kash. Wagun; Kh. Sohbaingon jyrngam; Mal. Vazhuthiniga; M. Lam Khamen; Mar. Vange; N. Bhantaa; O. Baigan; P. Baigan; S. Vruntaakam; Tam. Kathirikkai; Tel. Vankaya; U. Baigan",Other Vegetables,vegetarian eggetarian fishetarian veg,1,98,91.25,1.4,0.37,3.1,3.32,1.38,0.07172,0,0.01995,0.00027,0.00345,0.238,0.01526,0.00016,0.00108
D017,Brinjal-8,Solanum melongena,"A. Bengena; B. Begun; E. Eggplant, Aubergine; G. Ringna; H. Baingan; Kan. Badane; Kash. Wagun; Kh. Sohbaingon jyrngam; Mal. Vazhuthiniga; M. Lam Khamen; Mar. Vange; N. Bhantaa; O. Baigan; P. Baigan; S. Vruntaakam; Tam. Kathirikkai; Tel. Vankaya; U. Baigan.",Other Vegetables,vegetarian eggetarian fishetarian veg,3,117,89.28,1.82,0.33,3.75,4.01,0.79,0.06817,0,0.021,0.00042,0.00473,0.284,0.02663,0.00024,0.00189
D018,Brinjal-9,Solanum melongena,"A. Bengena; B. Begun; E. Eggplant, Aubergine; G. Ringna; H. Baingan; Kan. Badane; Kash. Wagun; Kh. Sohbaingon jyrngam; Mal. Vazhuthiniga; M. Lam Khamen; Mar. Vange; N. Bhantaa; O. Baigan; P. Baigan; S. Vruntaakam; Tam. Kathirikkai; Tel. Vankaya; U. Baigan.",Other Vegetables,vegetarian eggetarian fishetarian veg,2,106,89.83,1.47,0.35,3.52,4,0.91,0.08049,0,0.01879,0.00038,0.00308,0.224,0.02623,0.00023,0.00172
D019,Brinjal-10,Solanum melongena,"A. Bengena; B. Begun; E. Eggplant, Aubergine; G. Ringna; H. Baingan; Kan. Badane; Kash. Wagun; Kh. Sohbaingon jyrngam; Mal. Vazhuthiniga; M. Lam Khamen; Mar. Vange; N. Bhantaa; O. Baigan; P. Baigan; S. Vruntaakam; Tam. Kathirikkai; Tel. Vankaya; U. Baigan.",Other Vegetables,vegetarian eggetarian fishetarian veg,2,116,89.38,1.68,0.25,4.08,3.9,0.86,0.066,0,0.01559,0.00041,0.00435,0.252,0.02211,0.00023,0.0024
D020,Brinjal-11,Solanum melongena,"A. Bengena; B. Begun; E. Eggplant, Aubergine; G. Ringna; H. Baingan; Kan. Badane; Kash. Wagun; Kh. Sohbaingon jyrngam; Mal. Vazhuthiniga; M. Lam Khamen; Mar. Vange; N. Bhantaa; O. Baigan; P. Baigan; S. Vruntaakam; Tam. Kathirikkai; Tel. Vankaya; U. Baigan.",Other Vegetables,vegetarian eggetarian fishetarian veg,6,105,89.93,1.43,0.31,3.53,4.12,1.05,0.06814,0,0.01592,0.00037,0.00347,0.26,0.02073,0.00022,0.00224
D021,Brinjal-12,Solanum melongena,"A. Bengena; B. Begun; E. Eggplant, Aubergine; G. Ringna; H. Baingan; Kan. Badane; Kash. Wagun; Kh. Sohbaingon jyrngam; Mal. Vazhuthiniga; M. Lam Khamen; Mar. Vange; N. Bhantaa; O. Baigan; P. Baigan; S. Vruntaakam; Tam. Kathirikkai; Tel. Vankaya; U. Baigan.",Other Vegetables,vegetarian eggetarian fishetarian veg,2,93,90.94,1.6,0.27,2.73,3.89,1.22,0.06852,0,0.01985,0.00037,0.00388,0.259,0.01926,0.00025,0.00255
D022,Brinjal-13,Solanum melongena,"A. Bengena; B. Begun; E. Eggplant, Aubergine; G. Ringna; H. Baingan; Kan. Badane; Kash. Wagun; Kh. Sohbaingon jyrngam; Mal. Vazhuthiniga; M. Lam Khamen; Mar. Vange; N. Bhantaa; O. Baigan; P. Baigan; S. Vruntaakam; Tam. Kathirikkai; Tel. Vankaya; U. Baigan.",Other Vegetables,vegetarian eggetarian fishetarian veg,1,124,89.14,1.49,0.31,4.51,3.92,1.15,0.08296,0,0.01895,0.00032,0.003,0.26,0.018,0.00019,0.00149
D023,Brinjal-14,Solanum melongena,"A. Bengena; B. Begun; E. Eggplant, Aubergine; G. Ringna; H. Baingan; Kan. Badane; Kash. Wagun; Kh. Sohbaingon jyrngam; Mal. Vazhuthiniga; M. Lam Khamen; Mar. Vange; N. Bhantaa; O. Baigan; P. Baigan; S. Vruntaakam; Tam. Kathirikkai; Tel. Vankaya; U. Baigan.",Other Vegetables,vegetarian eggetarian fishetarian veg,3,106,90.31,1.56,0.35,3.27,3.87,0.88,0.05914,0,0.01443,0.00032,0.00371,0.246,0.01919,0.00019,0.00183
D024,Brinjal-15,Solanum melongena,"A. Bengena; B. Begun; E. Eggplant, Aubergine; G. Ringna; H. Baingan; Kan. Badane; Kash. Wagun; Kh. Sohbaingon jyrngam; Mal. Vazhuthiniga; M. Lam Khamen; Mar. Vange; N. Bhantaa; O. Baigan; P. Baigan; S. Vruntaakam; Tam. Kathirikkai; Tel. Vankaya; U. Baigan.",Other Vegetables,vegetarian eggetarian fishetarian veg,4,114,89.44,1.58,0.29,3.96,3.99,0.82,0.06708,0,0.01782,0.00036,0.00334,0.215,0.02189,0.00022,0.00201
D025,Brinjal-16,Solanum melongena,"A. Bengena; B. Begun; E. Eggplant, Aubergine; G. Ringna; H. Baingan; Kan. Badane; Kash. Wagun; Kh. Sohbaingon jyrngam; Mal. Vazhuthiniga; M. Lam Khamen; Mar. Vange; N. Bhantaa; O. Baigan; P. Baigan; S. Vruntaakam; Tam. Kathirikkai; Tel. Vankaya; U. Baigan.",Other Vegetables,vegetarian eggetarian fishetarian veg,1,103,90.39,1.26,0.34,3.46,3.74,0.99,0.08365,0,0.01833,0.00032,0.00322,0.294,0.01706,0.00019,0.00153
D026,Brinjal-17,Solanum melongena,"A. Bengena; B. Begun; E. Eggplant, Aubergine; G. Ringna; H. Baingan; Kan. Badane; Kash. Wagun; Kh. Sohbaingon jyrngam; Mal. Vazhuthiniga; M. Lam Khamen; Mar. Vange; N. Bhantaa; O. Baigan; P. Baigan; S. Vruntaakam; Tam. Kathirikkai; Tel. Vankaya; U. Baigan.",Other Vegetables,vegetarian eggetarian fishetarian veg,1,91,90.83,1.18,0.36,2.89,3.94,0.85,0.08114,0,0.02083,0.0005,0.00309,0.233,0.02313,0.00025,0.00195
D027,Brinjal-18,Solanum melongena,"A. Bengena; B. Begun; E. Eggplant, Aubergine; G. Ringna; H. Baingan; Kan. Badane; Kash. Wagun; Kh. Sohbaingon jyrngam; Mal. Vazhuthiniga; M. Lam Khamen; Mar. Vange; N. Bhantaa; O. Baigan; P. Baigan; S. Vruntaakam; Tam. Kathirikkai; Tel. Vankaya; U. Baigan.",Other Vegetables,vegetarian eggetarian fishetarian veg,3,116,89.07,1.47,0.33,4.1,4.38,1.44,0.06918,0,0.01624,0.00038,0.00363,0.208,0.01548,0.00018,0.00197
D028,Brinjal-19,Solanum melongena,"A. Bengena; B. Begun; E. Eggplant, Aubergine; G. Ringna; H. Baingan; Kan. Badane; Kash. Wagun; Kh. Sohbaingon jyrngam; Mal. Vazhuthiniga; M. Lam Khamen; Mar. Vange; N. Bhantaa; O. Baigan; P. Baigan; S. Vruntaakam; Tam. Kathirikkai; Tel. Vankaya; U. Baigan.",Other Vegetables,vegetarian eggetarian fishetarian veg,3,100,90.41,1.26,0.31,3.39,3.97,0.96,0.05927,0,0.0161,0.00032,0.00311,0.243,0.01841,0.00019,0.00253
D029,Brinjal-20,Solanum melongena,"A. Bengena; B. Begun; E. Eggplant, Aubergine; G. Ringna; H. Baingan; Kan. Badane; Kash. Wagun; Kh. Sohbaingon jyrngam; Mal. Vazhuthiniga; M. Lam Khamen; Mar. Vange; N. Bhantaa; O. Baigan; P. Baigan; S. Vruntaakam; Tam. Kathirikkai; Tel. Vankaya; U. Baigan.",Other Vegetables,vegetarian eggetarian fishetarian veg,5,99,90.65,1.44,0.34,3.15,3.73,0.76,0.07991,0,0.01436,0.00033,0.00358,0.239,0.01851,0.0002,0.00221
D030,Brinjal-21,Solanum melongena,"A. Bengena; B. Begun; E. Eggplant, Aubergine; G. Ringna; H. Baingan; Kan. Badane; Kash. Wagun; Kh. Sohbaingon jyrngam; Mal. Vazhuthiniga; M. Lam Khamen; Mar. Vange; N. Bhantaa; O. Baigan; P. Baigan; S. Vruntaakam; Tam. Kathirikkai; Tel. Vankaya; U. Baigan.",Other Vegetables,vegetarian eggetarian fishetarian veg,2,113,89.83,1.36,0.35,3.93,3.85,0.93,0.08828,0,0.01527,0.00034,0.00306,0.252,0.0173,0.0002,0.00138
D031,Brinjal - all varieties,Solanum melongena,"A. Bengena; B. Begun; E. Eggplant, Aubergine; G. Ringna; H. Baingan; Kan. Badane; Kash. Wagun; Kh. Sohbaingon jyrngam; Mal. Vazhuthiniga; M. Lam Khamen; Mar. Vange; N. Bhantaa; O. Baigan; P. Baigan; S. Vruntaakam; Tam. Kathirikkai; Tel. Vankaya; U. Baigan.",Other Vegetables,vegetarian eggetarian fishetarian veg,6,106,90,1.48,0.32,3.52,3.98,0.97,0.07115,0,0.01659,0.00037,0.00355,0.247,0.021,0.00021,0.00209
D032,Broad beans,Vicia faba,"A. Urahi; B. Makhon shim; E. Fava bean, Faba bean, Field bean, Bell bean, Tic bean; G. Fafda papdi; H. Bakla; Kan. Chkaooaradavare; Kash. Thool Haymbe; Kh. Ri majai; Mal. Amarakka; Mar. Ghewda; O. Simba; Tam. Avarai; Tel. Pedda chikkudu.",Other Vegetables,vegetarian eggetarian fishetarian veg,3,123,84.2,3.85,0.15,2.11,8.63,1.22,0.04262,0,0.06437,0.00094,0.02074,0.362,0.04018,0.00061,0.01098
D033,"Capsicum, green",Capsicum annuum,A. Kashmiri jalakia; B. Lanka (bilathi); G. Bhuler marcha; H. Shimla mirch; Kan. Donnmena-sinakayi; Kash. Shimla marchwangan; Kh. Sohmynken jhur jyrngam; Mal. Undamulagu; Mar. Bhoplimirchi; O. Shimla Lanka; P. Shimle-di-mirchi; Tam. Koda milagai; Tel. Shimla mirchi; U. Shimla mirchi.,Other Vegetables,vegetarian eggetarian fishetarian veg,6,68,93.89,1.11,0.34,1.84,2.06,0.86,0.07703,0,0.01475,0.00048,0.00184,0.154,0.01184,0.00015,0.123
D034,"Capsicum, red",Capsicum annuum,A. Kashmiri jalakia; B. Lanka (bilathi); G. Bhuler marcha; H. Shimla mirch; Kan.  Donnmena- sinakayi; Kash.  Shimla marchwangan; Kh. Sohmynken jhur jyrngam; Mal. Undamulagu; Mar. Bhoplimirchi; O. Shimla Lanka; P. Shimle-di-mirchi; Tam. Koda milagai; Tel. Shimla mirchi; U. Shimla mirchi.,Other Vegetables,vegetarian eggetarian fishetarian veg,4,83,92.99,1.47,0.47,2.14,2.19,0.93,0.08639,0,0.01576,0.00038,0.0017,0.224,0.01957,0.00034,0.112
D035,"Capsicum, yellow",Capsicum annuum,A. Kashmiri jalakia; B. Lanka (bilathi); G. Bhuler marcha; H. Shimla mirch; Kan.  Donnmena-sinakayi; Kash. Shimla marchwangan; Kh. Sohmynken jhur stem; Mal. Undamulagu; Mar. Bhoplimirchi; O. Shimla Lanka; P. Shimle-di-mirchi; Tam. Koda milagai; Tel. Shimla mirchi; U. Shimla mirchi.,Other Vegetables,vegetarian eggetarian fishetarian veg,4,78,93.38,1.35,0.41,1.95,2.19,0.97,0.102,0,0.01913,0.00069,0.00156,0.242,0.01723,0.00026,0.127
D036,Cauliflower,Brassica oleracea,A. Phul kobi; B. Phul kopi; G. Fulawar; H. Phul gobi; Kan. Hukosu; Kash. Phoolgobi; Kh. Phul kubi; Mal. Cauliflower; M. Kobithamchetmai; Mar. Phul gobi; N. Kauli; O. Phul Kobi; P. Phul gobi; S. Gojihvaa; Tam. Pookosu; Tel. Go puvvu; U. Phul gobi.,Other Vegetables,vegetarian eggetarian fishetarian veg,6,96,90.76,2.15,0.44,2.03,3.71,0.47,0.117,0,0.02516,0.00096,0.03072,0.329,0.02308,0.00031,0.04714
D037,Celery stalk,Apium graveolens,B. Randhuni; H. Ajmud; Kh. Dieng seleri; G. Celery daandi; Tam. Sivarikkeerai.,Other Vegetables,vegetarian eggetarian fishetarian veg,3,69,92.87,0.98,0.24,2.33,2.09,0.75,0.06276,0,0.03873,0.00136,0.01068,0.298,0.01712,0.00018,0.0123
D038,Cho-cho-marrow,Sechium edule,"A. Squash; E. Cho cho marrow, Chayote; H. Cho-cho-marrow; Kan. Cho-cho-marrow; M. Dasakusa; Mal. Cho-cho-marrow; Mar. Cho cho sara; O. Phuti kakudi; Kh. Biskot; Tam. Chow-chow.",Other Vegetables,vegetarian eggetarian fishetarian veg,4,79,93.78,0.66,0.15,3.47,1.55,0.76,0.07612,0,0.01864,0.00048,0.00128,0.12,0.01305,0.0001,0.02021
D039,Cluster beans,Cyamopsis tetragonobola,A. Mah; B. Jhar sim; E. Guar; G. Govar; H. Gaur-ki-phalli; Kan. Gori koyi; Kash. Hyambi; Mal. Kothavara; Mar. Govari; O. Guanra chhuin; P. Guarae-di-faliya; Tam. Kothavaranga; Tel. Goruchikkudu; U. Gavar ki palli.,Other Vegetables,vegetarian eggetarian fishetarian veg,6,168,84.65,3.55,0.37,4.91,4.83,0.12,0.107,0,0.121,0.0039,0.00405,0.301,0.08174,0.00061,0.01796
D040,"Colocasia, stem, black",Colocasia antiquorum,A. kosu thari; B. Kochur loti; H. Arwi-ki-dandi; Kan. Kesu danthu; Kh. Kawang iong; Mal. Chembin thandu; M. Paan Makhok; Mar. Alu-che-dath; O. Sarunada; P. Arbi de dande; Tam. Seppanthandu; Tel. Chama kada; U. Arwi ke kade.,Other Vegetables,vegetarian eggetarian fishetarian veg,1,100,91.15,0.76,0.34,3.83,3.01,0.53,0.103,0,0.02946,0.00077,0.00045,0.381,0.01107,0.00054,0.00515
D041,"Colocasia, stem, green",Colocasia antiquorum,A. Kosu thari; B. Kochur loti; H. Arwi-ki-dandi; Kan. Kesu danthu; Kh. Ka wang jyrngam; Mal. Chembin thandu; M. Paan Makhok; Mar. Alu-che-dath; O. Sarunada; P. Arbi de dande; Tam. Seppanthandu; Tel. Chama kada; U. Arwi ke kade.,Other Vegetables,vegetarian eggetarian fishetarian veg,5,81,92.67,0.91,0.22,2.86,2.33,0.25,0.06753,0,0.04021,0.00055,0.0006,0.414,0.01956,0.0002,0.00583
D042,"Corn, Baby",Zea mays,Kash. Makai; Kh. Riewhadem lung; M. Chujaak; P. Shoti shalli.,Other Vegetables,vegetarian eggetarian fishetarian veg,6,306,75.44,2.69,1.33,11.66,6.09,0.49,0.211,0,0.07651,0.00145,0.0014,0.26,0.02547,0.00113,0.00859
D043,"Cucumber, green, elongate",Cucumis sativus,"A. Tiyoh; B. Sosha; G. Kakdi; H. Kheera, Kachumbar; Kan. Southe kayi; Kash. Laar; Kh. Sohkhia; Mal. Vellarikka; M. Thabi; Mar. Kakadi; N. Kakro; O. Kakudi; P. Khira; S. Patolah; Tam. Vellarikkai; Tel. Dosa kaya; U. Kheera.",Other Vegetables,vegetarian eggetarian fishetarian veg,6,82,92.96,0.71,0.16,3.48,2.14,0.27,0.06417,0,0.01639,0.00046,0.00633,0.183,0.02038,0.00017,0.00611
D044,"Cucumber, green, short",Cucumis sativus,"A. Tiyoh; B. Sosha; G. Kakdi; H. Kheera, Kachumbar; Kan. Southe kayi; Kash. Laar; Kh. Sohkhia; M. Thabi; Mal. Vellarikka; Mar. Kakadi; N. Kakro; O. Kakudi; P. Khira; S. Patolah; Tam. Vellarikkai; Tel. Dosa kaya; U. Kheera.",Other Vegetables,vegetarian eggetarian fishetarian veg,6,73,93.52,0.83,0.18,2.82,2.13,0.21,0.06777,0,0.01925,0.00059,0.00611,0.198,0.01848,0.00019,0.00621
D045,"Cucumber, orange, round",Cucumis sativus,A. Tiyoh; B. Sosha; G. Kakdi; H. Kakadi; Kan. Southe kayi; Kash. Laar; Kh. Sohkhia pyllon; Mal. Vellarikka; Mar. Kakadi; N. Kakro; O. Kakudi; P. Khira; S. Patolah; Tam. Vellarikkai; Tel. Dosa kaya; U. Kheera.,Other Vegetables,vegetarian eggetarian fishetarian veg,2,82,92.8,0.98,0.24,3.01,2.46,0.22,0.0719,0,0.02198,0.00045,0.00816,0.185,0.02034,0.00016,0.00624
D046,Drumstick,Moringa oleifera,"A. Sajina; B. Sajna danta; E. Horseradish, Benzoil; G. Saragavo; H. Saijan-ki-phalli; Kan. Nugga kayi; Kh. Dieng sajana; Mal. Muringakkai; M. Sajana; Mar. Shevanga sheng; O. Sajana chhuin; P. Suhanjana di phalliya; Tam. Murungakkai; Tel. Mulakaada; U. Sujne ki palli.",Other Vegetables,vegetarian eggetarian fishetarian veg,6,123,85.39,2.62,0.12,3.76,6.83,1.47,0.02905,0,0.0333,0.00073,0.02238,0.419,0.0381,0.00031,0.07186
D047,"Field beans, tender, broad",Vicia faba,"A. Urohi; B. Shim; E. Common bean, Fieldbean, Broad bean, String bean; G. Valpapdi; H. Sem; Kan. Avare; Kash. Hyambi; Kh. Ri majai; Mal. Avar; Mar. Papta; O. Baragudi; Tam. Vidaiavarai; Tel. Chikkudu ginjalu; U. Sem ki palli.",Other Vegetables,vegetarian eggetarian fishetarian veg,2,129,86.98,3.06,0.64,2.75,5.64,0.95,0.182,0,0.07057,0.00195,0.01414,0.345,0.05088,0.00064,0.00599
D048,"Field beans, tender, lean",Vicia faba,"A.Urohi; B. Shim; E. Common bean, Fieldbean, Broad bean, String bean; G. Valpapdi; H. Sem; Kan. Avare; Kash. Hyambi; Kh. Ri majai; Mal. Avar; Mar. Papta; O. Baragudi; Tel. Chikkudu ginjalu; Tam. Vidaiavarai; U. Sem ki palli.",Other Vegetables,vegetarian eggetarian fishetarian veg,6,140,85.57,3.71,0.6,2.85,6.19,0.76,0.175,0,0.05859,0.00148,0.01276,0.314,0.04742,0.00063,0.00384
D049,"French beans, country",Phaseolus vulgaris,A. French bean; E. Green beans; G. Fansi; H. Bakla; Kan. Huruli kayi; Kash. Hyambi; Kh. Presbin phyrngop; Mal. Beans; Mar. Pharasebee; N. Ghiu Simi; O. Beans; P. Fras bean; Tam. Vidaiavarai; Tel. Sannachikkudu; U. Beans.,Other Vegetables,vegetarian eggetarian fishetarian veg,5,102,89.14,2.49,0.26,2.68,4.38,1.06,0.07107,0,0.05599,0.00125,0.00884,0.324,0.04301,0.0005,0.01581
D050,"French beans, hybrid",Phaseolus vulgaris,A. French bean; E. Green beans; G. Fansi; H. Bakla; Kan. Huruli kayi; Kash. Hyambi; Kh. Presbin; Mal. Beans; Mar. Pharasebee; N. Ghiu Simi; O. Beans; P. Fras bean; Tam. Vidaiavarai; Tel. Sannachikkudu; U. Beans.,Other Vegetables,vegetarian eggetarian fishetarian veg,2,93,90.11,2.12,0.19,2.63,4.18,1,0.0668,0,0.0499,0.00098,0.00918,0.317,0.03498,0.00037,0.00138
D051,"Jack fruit, raw",Artocarpus heterophyllus,A. Kothal; B. Kanthal; E. Jackfruit; G. Phanas; H. Kathal; Kash. Bindu; Kan. Halasu; Kh. Soh phan; M. Theibong; Mal. Chakka; Mar. Phanas; N. Katahar; O. Panasa; P. Kathal ki beej; S. Panasa; Tam. Palapazham; Tel. Panasa; U. Kathahal.,Other Vegetables,vegetarian eggetarian fishetarian veg,5,110,85.52,1.98,0.35,3.48,7.69,2.02,0.04736,0,0.04574,0.00031,0.00353,0.327,0.0266,0.00017,0.01751
D052,"Jack fruit, seed, mature",Artocarpus heterophyllus,A. Kothal guti; B. Kanthal; E. Jackfruit; G. Phanas; H. Kathal; Kan. Halasu; Kash. Bindu; Kh. Shyieng soh phan; Mal. Chakka; M. Theibong Maru; Mar. Phanas; N. Katahar; P. Kathal; S. Panasa; Tam. Palakkottai; Tel. Panasa; U. Kathahal.,Other Vegetables,vegetarian eggetarian fishetarian veg,5,322,72.32,5.79,0.44,11.81,8.63,2.23,0.146,0,0.03756,0.00037,0.004,0.376,0.03704,0.00029,0.00968
D053,Knol - Khol,Brassica oleracea,A. Oolkobi; B. Olkopi; E. Wild cabbage; G. Nol-kol; H. Kohl-rabi; Kan. Noolkol; Kash. Monjh haak; Kh. Phan kubi; Mal. Noolkol; M. Kobi Maru Kabi; Mar. Nol-kol; N. Gyathkopi; O. Ulkobi; P. Ganth gobi; Tam. Knoolkol; Tel. Noolkol.,Other Vegetables,vegetarian eggetarian fishetarian veg,6,67,93.14,1.58,0.35,1.39,2.75,0.43,0.0974,0,0.03526,0.00024,0.02746,0.327,0.01905,0.00015,0.0647
D054,"Kovai, big",Coccinia cordifolia,"A. Kunduli; B. Telakucha; E. Ivy gourd, Scarlet gourd; G. Ghole gluru; H. Konduri, Kowai; Kan. Tondekayi; Kh. Jhur thliem; Mal. Kova kai; Mar. Tondale; O. Kunduru; Tam. Kova kai; Tel. Donda kaya; U. Tindli.",Other Vegetables,vegetarian eggetarian fishetarian veg,6,73,92.78,1.39,0.24,2.01,3,0.98,0.06884,0,0.03439,0.00038,0.00153,0.198,0.0196,0.00018,0.01762
D055,"Kovai, small",Coccinia cordifolia,"A. Kunduli; B. Telakucha; E. Ivy gourd, Scarlet gourd; G. Ghole gluru; H. Konduri, Kowai; Kan. Tondekayi; Kh. Jhur thliem; Mal. Kova kai; Mar. Tondale; O. Kunduru; Tam. Kova kai; Tel. Donda kaya; U. Tindli.",Other Vegetables,vegetarian eggetarian fishetarian veg,1,80,92.4,1.22,0.24,2.41,3.25,1.07,0.07533,0,0.03712,0.00029,0.0022,0.167,0.01887,0.00013,0.02108
D056,Ladies finger,Abelmoschus esculentus,"A. Bhendi; B. Dherosh; E. Okra, Okro, Ochro; G. Bhinda; H. Bhindi; Kan. Bende; Kash. Bindi; Kh. bindi; Mal. Vendakkai; M. Belandri; Mar. Bhendi; N. Ramtoriya; O. Bhendi; P. Bhindi; S. Bhindikaa; Tam. Vendaikkai; Tel. Bendakaya; U. Bhendi.",Other Vegetables,vegetarian eggetarian fishetarian veg,6,115,89.06,2.08,0.22,3.62,4.08,0.48,0.06937,0,0.08612,0.00084,0.00737,0.263,0.0661,0.00045,0.02251
D057,"Mango, green, raw",Mangifera indica,A. Keasa aam; B. Aam (kancha); G. Ambo; H. Katcha Aam; Kan. Mavinakayi; Kash. Kach Aamb; Kh. Soh pieng im; Mal. Manga; M. Heinou Ashangba; Mar. Amba; O. Ambu (kacha); P. Kaccha aam; Tam. Mangai; Tel. Mamidikaya; U. Kaccha aam.,Other Vegetables,vegetarian eggetarian fishetarian veg,6,205,85.14,0.69,0.08,10.59,3.01,2.42,0.02728,0,0.027,0.0004,0.03315,0.147,0.01754,0.00009,0.09024
D058,"Onion, stalk",Allium cepa,"A. Piyaj paat; B. Piyaz kali; E. Spring onion, Onion greens; G. Dunglina dakkadi (Onion dakkadi); H. Pyaz; Kan. Erulli soppu; Kash. Pichiganda; Kh. Sla piat; Mal. Ulli thandu; M. Tilhou mana; Mar. Pati; N. Chhayapi ko Saag; O. Piaja sandha; P. Hare pyaaz; Tam. Vengaya thaal; Tel. Ulli kadalu; U. Hari pyaaz.",Other Vegetables,vegetarian eggetarian fishetarian veg,6,107,88.35,2.07,0.26,2.99,5.21,0.41,0.09208,0,0.03112,0.00309,0.01552,0.312,0.06671,0.00099,0.02723
D059,"Papaya, raw",Carica papaya,"A. Kesa omita; B. Pempe (Kacha); E. Papaw, Pawpaw; G. Papayi; H. Katcha pepita; Kan. Parangi; Kh. Soh kymphor im; Kash. Papita; Kon. Dudde; Mal. Omakaya; M. Awathabi Ashangba; Mar. Papaya; O. Amrutabhanda; P. Katcha Pepita; Tam. Pappalikkaai; Tel. Boppayi kaya; U. Papaya.",Other Vegetables,vegetarian eggetarian fishetarian veg,6,100,92.04,0.5,0.23,4.4,2.28,3.63,0.06915,0,0.02272,0.0002,0.00755,0.173,0.01503,0.00008,0.02073
D060,Parwar,Trichosanthes dioica,A. Potol; B. Potol; E. Pointed gourd; G. Padval; H. Parwal; Kan. Mara thonde; Kh. Patol rit; Mal. Kovakkai; Mar. Parwar; O. Potala; P. Parwal; Tel. Kommu potla; U. Parwal.,Other Vegetables,vegetarian eggetarian fishetarian veg,6,101,91.57,1.4,0.3,3.54,2.61,0.37,0.09593,0,0.03076,0.0005,0.00229,0.117,0.02459,0.00023,0.01924
D061,"Peas, fresh",Pisum sativum,"A. Matar mah; B. Motor shuti; G., Mar. Vatana; Kash. Kaza; O. Matara; H. Matar; Kan., Tel. Batani; Kash. Matar; Kh. Mator; M. Hawai tharaak; P. Hare matar; Mal., Tam. Paccha pattani.",Other Vegetables,vegetarian eggetarian fishetarian veg,6,340,73.37,7.25,0.13,11.88,6.32,0.97,0.01901,0,0.02824,0.00158,0.00366,0.249,0.04011,0.00109,0.0384
D062,"Plantain, flower",Musa x paradisiaca,A. Koldil; B. Mocha; E. Banana flower; G. Kel phool; H. Kele-ka phool; Kan. Bale motho; Kh. Pashor kait; Mal. Vazhapoo; M. Lafu Tharo; Mar. Kel phool; O. Kadali bhanda; P. Kele-da-phool; Tam. Vazhapoo; Tel. Arati puvvu; U. Kela ka phool.,Other Vegetables,vegetarian eggetarian fishetarian veg,6,89,89.14,1.47,0.63,2.15,5.25,0.17,0.273,0,0.03406,0.0004,0.00751,0.488,0.03976,0.00042,0.00649
D063,"Plantain, green",Musa x paradisiaca,A. Kaskol/Purakol; B. Kela (kanch); E. Cooking banana; G. Kela; H. Kele (hara); Kan. Bale kayi; Kash. Kham kael; Kh. Kait im; Mal. Vazhakkai; M. Laphoi Ashangba; M. Laphoi Ashangba; Mar. Kel (hara); N. Bungo; O. Bantala kadali; P. Kela (hara); S. Rambhaa ; Tam. Vazhakkaai; Tel. Arati kayi; U. Kaccha kela.,Other Vegetables,vegetarian eggetarian fishetarian veg,6,334,76.15,1.18,0.23,17.58,3.6,0.86,0.05713,0,0.0138,0.00034,0.01857,0.402,0.03564,0.00023,0.02328
D064,"Plantain, stem",Musa x paradisiaca,A. Posola; B. Thor; E. Banana stem; G. Kelanu thed; H. Kele-ka-tana; Kan. Bele Dindu; Kh. Nud kait; Mal. Unnipindi; M. Lafu; Mar. Kelicha khunt; O. Kadali manja; P. Kele da tana; Tam. Vazhai thandu; Tel. Arati doota.,Other Vegetables,vegetarian eggetarian fishetarian veg,6,165,87.53,0.35,0.16,8.64,2.12,0.65,0.02745,0,0.01124,0.00026,0.02317,0.373,0.03282,0.00014,0.00377
D065,"Pumpkin, green, cylindrical",Cucurbita maxima,A. Rongalao; B. Kumro; G. Kohlu; H. Kaddu; Kan. Kumbala kash; Kash. Paarimal; Kh. Pathaw; Mal. Mathan; M. Mairen; Mar. Lal bhopla; N. Farsi; O. Kakharu; P. Kaddu; S. Kummaandah; Tam. Parangikkai; Tel. Gummadi kaya; U. Kaddu.,Other Vegetables,vegetarian eggetarian fishetarian veg,1,103,91.73,0.87,0.18,4.22,2.53,2.9,0.05332,0,0.0241,0.00029,0.00521,0.186,0.01327,0.00014,0.00729
D066,"Pumpkin, orange, round",Cucurbita maxima,A. Rongalao; B. Kumro; G. Kohlu; H. Kaddu; Kan. Kumbala kash; Kash. Paarimal; Kh. Pathaw saw; Mal. Mathan; M. Mairen; Mar. Lal bhopla; N. Farsi; O. Kakharu; P. Kaddu; S. Kummaandah; Tam. Parangikkai; Tel. Gummadi; U. Kaddu.,Other Vegetables,vegetarian eggetarian fishetarian veg,6,97,91.85,0.84,0.16,4,2.56,2.97,0.04458,0,0.02306,0.00036,0.00881,0.253,0.01043,0.00011,0.00804
D067,"Red gram, tender, fresh",Cajanus cajan,E. Pigeon pea; H. Arhar ki fali; Tam. Thuvarai; Tel. Pacchi Kandulu; U. Hara tuvar.,Other Vegetables,vegetarian eggetarian fishetarian veg,1,520,64,8.09,0.92,19.46,5.9,0.55,0.211,0,0.05858,0.00118,0.00254,0.616,0.05695,0.0011,0.01513
D068,Ridge gourd,Luffa acutangula,"A. Jikaa; B. Jhinge; E. Luffa, Loofah; G. Turia; H. Torai; Kan. Heeraikai; Kash. Turrel ; Kh. Jingka; Kon. Gurdudde; Mal. Peechinga; M. Sebot; Mar. Dodka; O. Janhi; P. Kali tori; Tam. Peerkankai; Tel. Beera kaya; U. Turai.",Other Vegetables,vegetarian eggetarian fishetarian veg,6,55,94.99,0.91,0.14,1.72,1.81,0.62,0.05449,0,0.0137,0.00042,0.00471,0.118,0.01615,0.00022,0.00542
D069,"Ridge gourd, smooth skin",Luffa acutangula,"A. Bhol; B. Jhinge; E. Luffa, Loofah; G. Turia; H. Torai; Kan. Heeraikai; Kash. Turrel; Kh. Jingka; Kon. Gurdudde; Mal. Peechinga; M. Sebot; Mar. Dodka; O. Janchi; P.  Kali tori; Tam. Peerkankai; Tel. Beera kaya; U. Turai.",Other Vegetables,vegetarian eggetarian fishetarian veg,3,64,94.27,0.98,0.13,2.24,1.85,0.41,0.04307,0,0.01496,0.0005,0.00627,0.125,0.01766,0.00026,0.0081
D070,"Snake gourd, long, pale green",Trichosanthes anguina,A. Dhunduli; B. Chichinga; G. Pandola; H. Chachinda; Kan. Podavala; Kh. Jingka; Mal. Padavalanga; Mar. Padwal; N. Chichindo; O. Chachinda; P. Galartori; S. Cicinndda; Tam. Pudalangai; Tel. Potla kaya; U. Chichinda.,Other Vegetables,vegetarian eggetarian fishetarian veg,6,52,94.81,0.98,0.25,1.27,2.27,0.42,0.0949,0,0.0246,0.00032,0.00707,0.1,0.0187,0.00014,0.00272
D071,"Snake gourd, long, dark green",Trichosanthes anguina,A. Dhunduli; B. Chichinga; G. Pandola; H. Chachinda; Kan. Podavala; Kh. Jingka; Mal. Padavalanga; Mar. Padwal; N. Chichindo; O. Chachinda; P. Galartori; S. Cicinndda; Tam. Pudalangai; Tel. Potla kaya; U. Chichinda.,Other Vegetables,vegetarian eggetarian fishetarian veg,2,50,94.92,0.89,0.25,1.23,2.27,0.45,0.09587,0,0.02711,0.00047,0.00504,0.104,0.0217,0.0002,0.00285
D072,"Snake gourd, short",Trichosanthes anguina,A. Dhunduli; B. Chichinga; G. Pandola; H. Chachinda; Kan. Podavala; Kh. Jingka; Mal. Padavalanga; Mar. Padwal; N. Chichindo; O. Chachinda; P. Galartori; S. Cicinndda; Tam. Pudalangai; Tel. Potla kaya; U. Chichinda.,Other Vegetables,vegetarian eggetarian fishetarian veg,1,61,94.35,0.54,0.26,2.15,2.29,0.46,0.1,0,0.0179,0.0002,0.0025,0.084,0.01507,0.00011,0.0023
D073,"Tinda, tender",Praecitrullus fistulosus,"E. Indian squash, Round melon, Indian round gourd, Apple gourd, Indian baby pumpkin; G. Tadabuch; H. Tinda; Kan. Thondekkai; Kash. Tinda; Mar. Dhemase; N. Tinda; P. Tinda; U. Tinde.",Other Vegetables,vegetarian eggetarian fishetarian veg,6,58,94.41,1.02,0.17,1.9,2,0.44,0.04897,0,0.01968,0.00041,0.02061,0.05618,0.01896,0.0002,0.0142
D074,"Tomato, green",Lycopersicon esculentum,A. Kesa bilahi; B. Kacha Tomato; H. Tamator ; Kan. Goore Hannu; Kash. Rowagun; Kh. Soh saw jyrngam; Mal. Takkali; M. Khamen Ashinba; Mar. Hara velvangi; O. Bilati Baigan; P. Kaccha tamator; Tam. Thakkali kai; Tel. Ramamulagakaya; U. Kaccha tamatar.,Other Vegetables,vegetarian eggetarian fishetarian veg,6,87,93.21,1.12,0.27,3.18,1.62,0.83,0.04691,0,0.00849,0.00042,0.01311,0.225,0.01357,0.00016,0.01641
D075,"Tomato, ripe, hybrid",Lycopersicon esculentum,A. Poka bilahi; B. Tomato; G. Tameta; H. Tamator; Kan. Goore Hannu; Kash. Rowangun; Kh. Soh saw dkhar; Mal. Takkali pazham; M. Khamen ashinba; Mar. Velvangi; O. Bilati baigan; P. Pakke tamator; S. Rakta phalam; N. Gholobheda; Tam. Takkali pazham; Tel. Ramamulagakaya; U. Pakka tamatar.,Other Vegetables,vegetarian eggetarian fishetarian veg,6,79,93.79,0.76,0.25,3.2,1.58,1.82,0.04765,0,0.0089,0.00022,0.01186,0.167,0.01186,0.00011,0.02527
D076,"Tomato, ripe, local",Lycopersicon esculentum,A. Poka bilahi; B. Tomato; G. Tameta; H. Tamator; Kan. Goore Hannu; Kash. Rowangun; Mal. Takkali pazham; M. Khamen ashinba; Mar. Velvangi; N. Gholobheda; O. Bilati Baigan; P. Pakke tamator; S. Rakta phalam; Kh. Soh saw khasii; Tam. Takkali pazham; Tel. Ramamulagakaya; U. Pakka tamatar.,Other Vegetables,vegetarian eggetarian fishetarian veg,6,82,93.62,0.9,0.47,2.71,1.77,1.34,0.07956,0,0.01017,0.0003,0.00973,0.204,0.01365,0.00012,0.02747
D077,"Zucchini, green",Cucurbita pepo,"B. Dhudul; E. Courgette, Summer squash; H. Sabed kaddu; Kan. Dilpasand; Kash. Kaashiral; Mar. Kashi bhopla; O. Golu phubi kakuri; Tam. Seemai suraikayi.",Other Vegetables,vegetarian eggetarian fishetarian veg,2,84,92.83,1.1,0.51,2.33,2.3,0.14,0.119,0,0.01726,0.00052,0.0004,0.178,0.01541,0.00029,0.01578
D078,"Zucchini, yellow",Cucurbita pepo,"B. Dhudul; E. Courgette, Summer squash; H. Sabed kaddu; Kan. Dilpasand; Kash. Kaashiral; Mar. Kashi bhopla; O. Golu phubi kakuri; Tam. Seemai suraikayi.",Other Vegetables,vegetarian eggetarian fishetarian veg,2,79,93.15,1.31,0.44,2.2,1.84,0.29,0.05692,0,0.02098,0.00034,0.00039,0.131,0.01082,0.00027,0.01671
E001,"Apple, big",Malus domestica,"A. Apel; B. Sev; G. Safarjan; H. Sev; Kan. Sebu; Kash. Tsoonth; Kh. Soh apple saw; Mal., Tam. Apple pazham; M. Sem; Mar. Safar chand; N. Shau; O. Sev; P. Seb; S. Seva; Tel. Sepu/Sema regu; U. Saib.",Fruits,vegetarian eggetarian fishetarian veg,6,261,83.01,0.29,0.64,13.11,2.59,9.53,0.154,0,0.01368,0.00026,0.00143,0.116,0.00809,0.00009,0.00357
E002,"Apple, green",Malus domestica,A. Apel; B. Sev; G. Lila safarjan; H. Sev; Kan. Sebu; Kash. Tsoonth; Kh. Soh apple Jyrngam; Mal. Apple pazham; M. Sem; Mar. Safar chand; N. Shau; O. Sev; P. Seb; S. Seva; Tam. Apple pazham; Tel. Sepu/Sema regu; U. Saib.,Fruits,vegetarian eggetarian fishetarian veg,6,214,85.54,0.46,0.5,10.65,2.54,8.39,0.116,0,0.00653,0.0002,0.00147,0.09455,0.00542,0.00008,0.0029
E003,"Apple, small",Malus domestica,A. Apel; B. Sev; G. Safarjan; H. Sev; Kan. Sebu; Kash. Tsoonth; Kh. Soh apple saw; Mal. Apple pazham; M. Sem; Mar. Safar chand; N. Shau; O. Sev; P. Seb; S. Seva; Tam. Apple pazham; Tel. Sepu/Sema regu; U. Saib.,Fruits,vegetarian eggetarian fishetarian veg,6,267,82.91,0.31,0.53,13.95,2.06,9.8,0.149,0,0.00539,0.00025,0.00145,0.1,0.00548,0.00005,0.004
E004,"Apple, small, Kashmir",Malus sylvestris,A. Apel; B. Sev; G. Safarjan; H. Sev; Kan. Seb; Kash. Tsoonth; Kh. Soh apple saw; Mal. Apple pazham; M. Sem; Mar. Safar chand; N. Shau; O. Sev; P. Seb; S. Seva; Tam. Apple pazham; Tel. Sepu/Sema regu; U. Saib.,Fruits,vegetarian eggetarian fishetarian veg,1,269,82.79,0.27,0.6,13.99,2.07,9.15,0.176,0,0.00472,0.00021,0.00122,0.106,0.00519,0.00008,0.00424
E005,"Apricot, dried",Prunus armeniaca,A. Malhoi; B. Suska khubani; G. Jardaloo (Suka velu); H. Khoomani; Kan. Jaldaru Hannu; Kash. Tser; Mal. Sheema bedhaam pazham; M. Malhei; Mar. Jardaalu; N. Khattu; P. Kharamani; Tel. Seema Badam/ Jallaru Pandu; Tam. Sakkarai badhami; U. Khubaani.,Fruits,vegetarian eggetarian fishetarian veg,6,1321,16.68,3.17,0.74,72.63,3.32,25.72,0.2,0,0.02857,0.0025,0.00394,0.285,0.01404,0.00041,0.00042
E006,"Apricot, processed",Prunus armeniaca,A. Malhoi; B. Suska khubani; G. Jardaloo; H. Khoomani; Kan. Jaldaru Hannu; Kash. Tser; Mal. Sheema bedhaam pazham; M. Malhei; Mar. Jardaalu; N. Khattu; P. Kharamani; Tam. Sakkarai badhami; Tel. Seema Badam/ Jallaru Pandu; U. Khubaani.,Fruits,vegetarian eggetarian fishetarian veg,3,236,85.75,1.47,0.64,10.93,0.59,4.36,0.185,0,0.00542,0.00112,0.0016,0.095,0.00429,0.00026,0.00798
E007,Avocado fruit,Persea americana,B.  Kulunashpati; H. Makhanphal; Kan. Bennephala/Bennehannu; Kash. Goshtub tang; Mal. Aathachakka/ Venna-pazham; Mar. Makhan phal; P. Makhan phal; Tam. Vennaipazham.,Fruits,vegetarian eggetarian fishetarian veg,1,604,73.56,2.95,13.86,1.75,6.69,1.65,1.237,0,0.02848,0.00081,0.00281,0.377,0.04814,0.00075,0.00936
E008,Bael fruit,Aegle marmelos,"B. Bel; E. Indian bael, Bengal quince, Golden apple, Japanese bitter orange, Stone apple, Wood apple; G. Bila; H. Bel; Kh. Soh bel; Mal. Vilwa pazham; M. Heiri Khagok; P. Bhel; Mar. Bel; Tam. Vilwa pazham; Tel. Marendu pandu.",Fruits,vegetarian eggetarian fishetarian veg,1,569,61.36,2.63,0.57,28.21,6.31,16.35,0.19,0,0.04795,0.00023,0.00156,0.409,0.0341,0.00014,0.0075
E009,"Banana, ripe, montham",Musa x paradisiaca,A. Poka kol; B. Kola(paka); G. Paka keda; H. Kela; Kan. Bale hannu; Kash. Kela; Kh. Kait syiem; Mal. Vazha pazham; M. Laphoi; Mar. Kele; N. Kera; O. Champa kadali; P. Kella;   S. Kadalii; Tam. Vazha pazham; Tel. Arati pandu; U. Kela.,Fruits,vegetarian eggetarian fishetarian veg,1,463,70.13,1.25,0.32,24.95,2.21,14.9,0.11,0,0.00677,0.0004,0.00125,0.362,0.03022,0.00015,0.00806
E010,"Banana, ripe, poovam",Musa x paradisiaca,A. Poka kol; B. Kola (paka); G. Paka keda; H. Kela; Kan. Bale hannu; Kash. Kela; Kh. Kait mon/ ja; Mal. Vazha pazham; M. Laphoi; Mar. Kele; N. Kera; O. Champa kadali; P. Kella; S. Kadalii; Tam. Vazha pazham; Tel. Arati pandu; U. Kela.,Fruits,vegetarian eggetarian fishetarian veg,2,445,71.32,1.49,0.35,23.41,2.33,12.54,0.113,0,0.00873,0.00035,0.001,0.335,0.04379,0.00017,0.00674
E011,"Banana, ripe, red",Musa x paradisiaca,A. Poka kol; B. Kola (paka); G. Lal paka keda; H. Kela; Kan. Bale hannu; Kash. Kela; Kh. Kait saw; Mal. Vazha pazham; M. Laphoi; Mar. Kele; N. Kera; O. Champa kadali; P. Kella; S. Kadalii; Tam. Sevvazhaipazham; Tel. Arati pandu; U. Kela.,Fruits,vegetarian eggetarian fishetarian veg,1,467,70.28,1.29,0.29,25.21,1.98,14.57,0.106,0,0.00956,0.00024,0.00111,0.313,0.03144,0.00009,0.00674
E012,"Banana, ripe, robusta",Musa x paradisiaca,A. Poka kol; B. Kola (paka); G. keda; H. Kela; Kan. Bale hannu; Kash. Kela; Kh. Kait jaji; Mal. Vazha pazham; M. Laphoi; Mar. Kele; N. Kera; O. Champa kadali; P. Kella; S. Kadalii; Tam. Vazhaipazham; Tel. Arati pandu; U. Kela.,Fruits,vegetarian eggetarian fishetarian veg,6,440,71.93,1.23,0.33,23.63,1.94,13.65,0.114,0,0.00507,0.00028,0.00085,0.306,0.03498,0.00014,0.00476
E013,Black berry,Rubus fruticosus,A. Kola jamu; B. Kalojam; E. Blackberry; G. Jambu; H. Kala Jamun; Kan. Neralai; Kh. Soh jam/ Soh jamun; Mal. Naval pazham; M. Jaam; Mar. Jambhool; O. Jamukoli; P. Jamun; Tam. Nagapazham; Tel. Neredupandu.,Fruits,vegetarian eggetarian fishetarian veg,5,227,82.94,0.92,0.63,10.64,4.35,7.61,0.195,0,0.02381,0.00063,0.00121,0.205,0.0309,0.00011,0.01945
E014,"Cherries, red",Prunus cerasus,G. Cherry; H. Gilas; Kan. Kadugempu; Kash. Gilas; Kh. Soh sherri; Mal. Cherrypazham; Mar. Cherry phal; P. Cherry; Tam. Cherry pazham; Tel. Cherri pandu.,Fruits,vegetarian eggetarian fishetarian veg,4,250,83.61,1.49,0.46,11.87,2.12,10.72,0.125,0,0.02388,0.00036,0.00164,0.165,0.01437,0.00012,0.00882
E015,"Currants, black",Ribes nigrum,"A. kismis; E. Zante currants, Corinth raisins, Corinthian raisins; G. kadi draksh; H. Munakka; Kan. Nerale hannu; Kh. Soh kismis iong; Mal. Najavalppazham; Mar. Kala pravaha; Tam. Karunthiratcha; Tel. Nalla Kishmish; U. kala kishmish.",Fruits,vegetarian eggetarian fishetarian veg,1,227,83.27,1.51,0.53,9.93,4.07,6.33,0.08333,0,0.04032,0.00136,0.00145,0.283,0.01666,0.00021,0.182
E016,Custard apple,Annona squamosa,"A. Sitaphal; B. Ata; E. Sugar apple, Sweetsop; G. Sitapad; H. Sharifa; Kan. Sharifa; O. Ata; Mal., Mar. Sitaphal; P. Sharifa; Tam. Seethapazham; Tel. Sitaphalam.",Fruits,vegetarian eggetarian fishetarian veg,1,414,71.55,1.62,0.67,20.38,5.1,13.35,0.138,0,0.0282,0.00042,0.00311,0.278,0.03847,0.00022,0.02151
E017,"Dates, dry, pale brown",Phoenix dactylifera,A. Khajur; B. Kharjura; E. Date palm; G. Kharek; H. Chuhara; Kan. Kharjoora; Kash. Khajur; Kh. Soh khajur; Mal. Eethapazham; M. Thangtup; Mar. Khajur; N. Khajura; O. Khajuri; P. Chawara; S. Kharjura; Tam. Pericham pazham; Tel. Khajoora pandu; U. Khajur.,Fruits,vegetarian eggetarian fishetarian veg,6,1340,11.14,2.45,0.35,74.91,8.95,66.63,0.09703,0,0.0712,0.0032,0.00327,0.804,0.07379,0.0007,0.00442
E018,"Dates, dry, dark brown",Phoenix dactylifera,A. Khajur; B. Kharjura; E. Date palm; G. Chuhara; H. Khajur; Kan. Kharjoora; Kash. Khajur; Kh. Soh khajur; Mal. Eethapazham; M. Thangtup; Mar. Khajur; N. Khajura; O. Khajuri; P. Chawara; S. Kharjura;   Tam. Pericham pazham; Tel. Khajoora pandu; U. Khajur.,Fruits,vegetarian eggetarian fishetarian veg,2,1301,13.13,2.38,0.35,72.67,9.1,68.84,0.114,0,0.06613,0.00479,0.00309,0.782,0.07523,0.00058,0.00384
E019,"Dates, processed",Phoenix dactylifera,A. Khajur; B. Kharjura; E. Date palm; G. Khajur; H. Khajur; Kan. Kharjoora; Kash. Khajur; Kh. Soh khajur im; Mal. Eethapazham; M. Thangtup; Mar. Khajur; N. Khajura; O. Khajuri; P. Khajur; S. Kharjura ; Tam. Pericham pazham; Tel. Khajoora pandu; U. Khajur.,Fruits,vegetarian eggetarian fishetarian veg,2,1197,22.01,1.18,0.41,67.95,6.52,56.96,0.149,0,0.01573,0.00089,0.0016,0.289,0.01434,0.00042,0.01551
E020,Fig,Ficus carica,A. Dimoru; B. Dumura; E. Common fig; G. Anjir; H. Anjeer; Kan. Anjurada hannugalu; Kash. Anjeer; Kh. Soh Dimbur; Mal. Athipazham; M. Heirit; Mar. Anjir; N. Anjir; O. Dimiri; S. Anjiira; P. Anjeer; Tam. Athipazham; Tel. Atti pandu; U. Anjeer.,Fruits,vegetarian eggetarian fishetarian veg,6,341,75.6,2.03,0.37,16.28,4.64,8.64,0.08944,0,0.07852,0.00069,0.00237,0.231,0.02618,0.00022,0.01692
E021,Goosberry,Emblica officinalis,A. Amlakhi; E. Indian Gooseberry; G. Amla; H. Amla; Kan. Betta nelli; Kh. Soh mylleng; Mal. Nellikka; M. Heikru; Mar. Amla; O. Aanla; P. Olle; Tam. Nellikkai; Tel. Usirikaya.,Fruits,vegetarian eggetarian fishetarian veg,5,99,87.02,0.34,0.16,4.39,7.75,3.39,0.03848,0,0.02014,0.00125,0.00137,0.223,0.0065,0.00005,0.252
E022,"Grapes, seeded, round, black",Vitis vinifera,A. Angoor; B. Angoor; G. Kadi Draksha; H. Angoor; Kan. Draksha; Kash. Dach; Kh. Soh grape iong; Mal. Mundiringa; M. Angoor; Mar. Draksha; N. Angoor; O. Angoor; P. Angoor; S. Draakssaa; Tam. Panneer dratchai; Tel. Draksha padu.,Fruits,vegetarian eggetarian fishetarian veg,4,254,83.88,0.76,0.32,13.23,1.35,10.02,0.106,0,0.01057,0.00022,0.00193,0.171,0.00747,0.00005,0.0183
E023,"Grapes, seeded, round, green",Vitis vinifera,A. Angoor; B. Angoor; G. Lili Draksha; H. Angoor; Kan. Draksha; Kash. Dach; Kh. Soh grape jyrngam; Mal. Mundiringa; M. Angoor; Mar. Draksha; N. Angoor; O. Angoor; P. Angoor; S. Draakssaa; Tam. Dratchai; Tel. Draksha padu.,Fruits,vegetarian eggetarian fishetarian veg,5,235,85.07,0.77,0.29,12.19,1.25,9.59,0.09242,0,0.01116,0.00024,0.00189,0.166,0.00687,0.00005,0.0171
E024,"Grapes, seeded, round, red",Vitis vinifera,A. Angoor; B. Angoor; G. Lal Draksha; H. Angoor; Kan. Draksha; Kash. Dach; Kh. Soh grape saw; Mal. Mundiringa; M. Angoor; Mar. Draksha; N. Angoor; O. Angoor; P. Angoor; S. Draakssaa; Tam. Dratchai; Tel. Draksha padu.,Fruits,vegetarian eggetarian fishetarian veg,5,244,84.46,0.95,0.29,12.55,1.28,10.47,0.09204,0,0.01127,0.00033,0.00159,0.188,0.00706,0.00007,0.02059
E025,"Grapes, seedless, oval, black",Vitis vinifera,A. Angoor; B. Angoor; G. Draksha; H. Angoor; Kan. Draksha; Kash. Dach; Kh. Soh grape iong; Mal. Mundiringa; M. Angoor; Mar. Draksha; N. Angoor; O. Angoor; P. Angoor; S. Draakssaa; Tam. Dratchai; Tel. Draksha padu.,Fruits,vegetarian eggetarian fishetarian veg,5,395,75.3,1.41,0.46,20.48,1.64,9.19,0.04563,0,0.01526,0.00028,0.00183,0.237,0.01129,0.0001,0.02732
E026,"Grapes, seedless, round, green",Vitis vinifera,A. Angoor; B. Angoor; G. Draksha; H. Angoor; Kan. Draksha; Kash. Dach; Kh. Soh grape jyrngam; Mal. Mundiringa; M. Angoor; Mar. Draksha ; N. Angoor; O. Angoor; P. Angoor; S. Draakssaa; Tam. Dratchai; Tel. Draksha padu.,Fruits,vegetarian eggetarian fishetarian veg,5,224,85.55,0.62,0.26,11.81,1.28,9.6,0.08711,0,0.01422,0.00024,0.00181,0.168,0.00843,0.00005,0.01647
E027,"Grapes, seedless, round, black",Vitis vinifera,G. Kadi Draksha; H. Angoor; Kan. Draksha; Kash. Dach; Kh. Soh grape iong; Mal. Mundiringa; M. Angoor; Mar. Draksha; N. Angoor; O. Angoor; P. Angoor; S. Draakssaa; Tam. Dratchai; Tel. Draksha padu.,Fruits,vegetarian eggetarian fishetarian veg,5,374,76.9,1.24,0.35,19.86,1.15,10.88,0.129,0,0.01875,0.00039,0.00192,0.235,0.0108,0.00009,0.02279
E028,"Guava, white flesh",Psidium guajava,A. Madhurium; B. Peyara; G. Jamphad; H. Amrud; Kan. Seebe; Kash. Amrodh; Kh. Soh pyriam; Mal. Perakka (nattu); M. Pungton; Mar. Peru; N. Aamba; O. Pijuli (deshi); P. Amrud; S. Peruka; Tam. Koiyapazham; Tel. Jama pandu; U. Amrood.,Fruits,vegetarian eggetarian fishetarian veg,5,135,83.79,1.44,0.32,5.13,8.59,4.1,0.0493,0,0.01852,0.00032,0.00287,0.283,0.01526,0.00023,0.214
E029,"Guava, pink flesh",Psidium guajava,H. Amrud; Tel. Jama pandu; Tam. Koiyapazham; Kan. Seebe; Mal. Perakka; Mar. Peru; O. Pijuli; B. Peyara; G. Lal jamphad; P. Amrud; A. Madhurium; Kash. Amrodh; S. Peruka; N. Aamba; M. Bilaiti pungton; Kh. Soh pyriam.,Fruits,vegetarian eggetarian fishetarian veg,5,195,81.22,1.19,0.25,9.14,7.39,7.79,0.02718,0,0.01422,0.0004,0.00189,0.27,0.01326,0.00021,0.222
E030,"Jack fruit, ripe",Artocarpus heterophyllus,"A. Kothal; B. Kanthal; E. Jakfruit, Jak; G. Phanas; H. Kathal; Kan. Halasu; Kh. Soh phan; Mal. Chakka; M. Theibong; Mar. Phanas; N. Katahar; O. Panasa; P. Kathal; Kash. Bindu; S. Panasa; Tam. Palapazham; Tel. Panasa; U. Kathahal.",Fruits,vegetarian eggetarian fishetarian veg,5,302,78.56,2.74,0.15,14.01,3.62,12.21,0.03766,0,0.03503,0.00036,0.00162,0.279,0.03184,0.00017,0.00673
E031,"Jambu fruit, ripe",Syzygium cumini,"A. Jamu; B. Jaamrool; E. Java apple, Semarang rose apple, Wax jambu; H. Jamun; Kan. Neralai; Mal. Naval pazham; Mar. Jambhool; O. Jamukoli; P. Jamun; Tam. Nagapazham; Tel. Neredupandu.",Fruits,vegetarian eggetarian fishetarian veg,2,235,83.33,0.82,0.17,12.3,3.07,6.84,0.06649,0,0.02536,0.00033,0.00264,0.103,0.02797,0.00006,0.01647
E032,Karonda fruit,Carissa carandas,"A. Korja tenga; B. Koromcha; G. Karamda; H. Balalak, dindimi; Kan. Karekayi; Mar. Karvand; Mal. Karakka; O. Sushena; P. Karonda; S. Karamazda; Tam. Kalakkay/ Parungala; Tel. Kalive.",Fruits,vegetarian eggetarian fishetarian veg,1,141,86.04,1.15,1.67,2.87,7.25,1.75,0.06681,0,0.01081,0.00087,0.00255,0.351,0.02445,0.00025,0.135
E033,"Lemon, juice",Citrus limon,H. Nimbhu; Tel. Nimapandu ; O. Kagaji limbu; B. Pati Lebu; G. Limbu; P. Nibu; U. Neembu; A. Nemu; Kash. Nyomb; S. Lehin; N. Kaagati; M. Champra Mahi; Kh. Soh jew.,Fruits,vegetarian eggetarian fishetarian veg,6,153,91.59,0.41,0.75,0,0,2.59,0.202,0,0.02268,0.00012,0.00121,0.113,0.0089,0.00008,0.04816
E034,"Lime, sweet, pulp",Citrus limetta,H. Mosambi; Tel. Gaja nimma pandu; Tam. Kolinchi pazham; Kan. Gaja nimbe; Mar. Limbu goda; B. Mitha lebu; G. Mosambi; A. Mosumi; Kash. Mosambi; P. Mosami; Kh. Soh balensha.,Fruits,vegetarian eggetarian fishetarian veg,6,114,91.32,0.76,0.2,5.18,2.07,3.42,0.0764,0,0.02579,0.00011,0.00117,0.182,0.0154,0.00005,0.04696
E035,Litchi,Nephelium litchi,A. Lichu; B. Lichu; E. Lychee; G. Lichi; H. Lichi; Kash. Lichi; Kh. Soh manir; Mal. Lichi; M. Lichu; Mar. Lichi; N. Lichi; O. Letchu; P. Lichi; Tam. Lichi; Tel. Lichi; Kan. Lichi; U. Lichi.,Fruits,vegetarian eggetarian fishetarian veg,4,225,85.56,0.99,0.26,11.41,1.34,9.3,0.09148,0,0.00577,0.00079,0.00054,0.161,0.01458,0.00024,0.03382
E036,"Mango, ripe, banganapalli",Mangifera indica,A. Aam; B. Aam(paka); G. Keri; H. Aam (paka); Kan. Mvina hannu; Kash. Aamb; Kh. Soh pieng; Mal. Mam pazham; M. Heinou Amunba; Mar. Amba (piklela); N. Ampa; O. Amba (pachila); P. Aam; S. Aamra; Tam. Mampazham; Tel. Mamidi pandu; U. Pakka aam.,Fruits,vegetarian eggetarian fishetarian veg,6,175,88.44,0.54,0.55,8.18,1.88,7.77,0.17,0,0.01577,0.00051,0.00134,0.144,0.01335,0.00012,0.03297
E037,"Mango, ripe, gulabkhas",Mangifera indica,A. Aam; B. Aam (paka); G. Pakeli Kedi; H. Aam (paka); Kan. Mvina hannu; Kash. Aamb; Kh. Soh pieng; Mal. Mam pazham; M. Heinou Amunba; Mar. Amba (piklela); N. Ampa; O. Amba (pachila); P. Aam; S. Aamra; Tam. Mampazham; Tel. Mamidi pandu; U. Pakka aam.,Fruits,vegetarian eggetarian fishetarian veg,2,209,86.65,0.52,0.53,10.32,1.67,8.13,0.18,0,0.01933,0.00038,0.00139,0.115,0.01153,0.00006,0.02765
E038,"Mango, ripe, himsagar",Mangifera indica,A. Aam; B. Aam (paka); G. Keri; H. Aam (paka); Kan. Mvina hannu; Kash. Aamb; Kh. Soh pieng; Mal. Mam pazham; M. Heinou Amunba; Mar. Amba (piklela); N. Ampa; O. Amba (pachila); P. Aam; S. Aamra; Tam. Mampazham; Tel. Mamidi pandu; U. Pakka aam.,Fruits,vegetarian eggetarian fishetarian veg,3,187,88.04,0.46,0.54,9.03,1.55,8.06,0.174,0,0.01554,0.00029,0.00131,0.137,0.01207,0.00012,0.04909
E039,"Mango, ripe, kesar",Mangifera indica,A. Aam; B. Aam (paka); G. Kesar kedi; H. Aam (paka); Kan. Mvina hannu; Kash. Aamb; Kh. Soh pieng; Mal. Mam pazham; M. Heinou Amunba; Mar. Amba (piklela); N. Ampa; O. Amba (pachila); P. Aam; S. Aamra; Tam. Mampazham; Tel. Mamidi pandu; U. Pakka aam.,Fruits,vegetarian eggetarian fishetarian veg,4,231,85.07,0.54,0.57,11.36,2.02,9,0.172,0,0.01574,0.00043,0.00143,0.143,0.01253,0.0001,0.02908
E040,"Mango, ripe, neelam",Mangifera indica,A. Aam; B. Aam (paka); G. Nilam kedi; H. Aam (paka); Kan. Mvina hannu; Kash. Aamb; Kh. Soh pieng; Mal. Mam  pazham; M. Heinou Amunba; Mar. Amba (piklela); N. Ampa; O. Amba (pachila); P. Aam; S. Aamra; Tam. Mampazham; Tel. Mamidi pandu; U. Pakka aam.,Fruits,vegetarian eggetarian fishetarian veg,2,178,88.41,0.68,0.55,8.21,1.77,7.94,0.178,0,0.01136,0.00036,0.0012,0.137,0.0101,0.00007,0.02993
E041,"Mango, ripe, paheri",Mangifera indica,A. Aam; B. Aam (paka); G. Keri; H. Aam (paka); Kan. Mvina hannu; Kash. Aamb; Kh. Soh pieng; Mal. Mam pazham; M. Heinou Amunba; Mar. Amba (piklela); N. Ampa; O. Amba (pachila); S. Aamra; Tam. Mampazham; Tel. Mamidi pandu; U. Pakka aam.,Fruits,vegetarian eggetarian fishetarian veg,2,188,87.69,0.68,0.58,8.67,1.97,8.48,0.186,0,0.01511,0.00051,0.00163,0.153,0.01428,0.0002,0.03075
E042,"Mango, ripe, totapari",Mangifera indica,A. Aam; B. Aam (paka); G. Totapuri kedi; H. Aam (paka); Kan. Mvina hannu; Kash. Aamb; Kh. Soh pieng; Mal. Mam pazham; M. Heinou Amunba; Mar. Amba (piklela); N. Ampa; O. Amba (pachila); P. Aam; S. Aamra; Tel. Mamidi pandu; Tam. Mampazham; U. Pakka aam.,Fruits,vegetarian eggetarian fishetarian veg,1,248,84.14,0.41,0.49,12.75,1.73,9.24,0.175,0,0.01334,0.00028,0.00132,0.16,0.01255,0.00008,0.02526
E043,Mangosteen,Garcinia mangostana,E. Purple mangosteen; H. Mangustan; Mal. Kodam puli; Tam. Sulambali.,Fruits,vegetarian eggetarian fishetarian veg,1,219,85.52,0.63,0.24,11.41,1.87,8.91,0.176,0,0.00469,0.00028,0.00379,0.04693,0.012,0.00021,0.02633
E044,Manila tamarind,Pithecellobium dulce,B. Jilapi; G. Bakhai ambli/Vilayabi ambli; H. Ganga imli/ Jangal jalebi; Kan. Seema/ dora hunase; Kh. Soh kyntoi im; M. Mange; Mar. Vilayatichinch; P. Jangjalebi; Tam. Kodukkapuli; Tel. Seema chintakaya.,Fruits,vegetarian eggetarian fishetarian veg,1,342,74.54,3.56,1.14,13.54,4.4,12.13,0.02781,0,0.00851,0.00071,0.00135,0.376,0.03298,0.00056,0.05578
E045,"Musk melon, orange flesh",Cucumis melon,A. Siral; B. Kharamuja; E. Muskmelon; G. Kharbujo; H. Kharbooja; Kan. Kharbooja; Kash. Kherbuz; Mal. Mulam pazham; Mar. Kharbooja; O. Kharbooja; P. Kharbooja; S. Kharbuuja; Tam. Mulam pazham; Tel. Kharbooja; U. Kharbuz.,Fruits,vegetarian eggetarian fishetarian veg,5,97,92.97,0.42,0.35,4.24,1.51,2.99,0.09294,0,0.0098,0.00018,0.01494,0.206,0.01162,0.00009,0.02276
E046,"Musk melon, yellow flesh",Cucumis melon,A. Siral; B. Kharamuja; E. Muskmelon; G. Kharbujo (Pido); H. Kharbooja; Kan. Kharbooja; Kash. Kherbuz; Mal. Mulam pazham; Mar. Kharbooja; O. Kharbooja; P. Kharbooja; S. Kharbuuja; Tam. Mulam pazham; Tel. Kharbooja; U. Kharbuz.,Fruits,vegetarian eggetarian fishetarian veg,6,116,91.84,0.53,0.26,5.4,1.49,2.36,0.079,0,0.00902,0.00021,0.01578,0.196,0.00981,0.00009,0.02132
E047,"Orange, pulp",Citrus aurantium,A. Komola; B. Kamala lebu; G. Santra; H. Santra; Kan. Kithilai; Kash. Sangtar; Kh. Soh niamtra; Mal. Madhura naranga; M. Komla; Mar. Santre; N. Suntala; O. Kamala; P. Santra; S. Naarangga; Tam. Saathukudi; Tel. Kamala padu; U. Santra.,Fruits,vegetarian eggetarian fishetarian veg,6,156,89.61,0.7,0.13,7.92,1.29,6.86,0.03711,0,0.01952,0.00081,0.00147,0.164,0.01105,0.00004,0.04272
E048,"Palm fruit, tender",Borassus flabellifer,"E. Doub palm, Palmyra palm, Tala palm, Toddy palm, Wine palm, Ice apple; H. Tar; Kan. Thati mangu; Mal. Pnamnungu; O. Tala Saja; Tam. Panai nungu; Tel. Thati munjalu.",Fruits,vegetarian eggetarian fishetarian veg,1,101,91.93,0.5,0.12,4.92,2.4,0.19,0.03336,0,0,0,0.00125,0.158,0,0.00005,0.00025
E049,"Papaya, ripe",Carcia papaya,"A. Amita; B. Pepe (paka); E. Papaw, Pawpaw; G. Papayu; H. Papita; Kan. Pappayi Hannu; Kash. Papita; Kh. Soh Kymphor; Kon. Papayi; Mal. Omakai; M. Awathabi amunba; Mar. Popai; N. Mewa; O. Amrutbhanda (Pachila); P. Papita; Tam. Pappali; Tel. Boppayi pandu; U. Papita.",Fruits,vegetarian eggetarian fishetarian veg,6,100,91.47,0.42,0.16,4.61,2.83,4.09,0.05608,0,0.01502,0.00023,0.00668,0.173,0.01097,0.00008,0.04309
E050,Peach,Prunus communis,A. Ahom bogori; E. Nectarine; H. Aroo; Kash. Aer; Kh. Soh phareng; M. Chumbrei; P. Aroo.,Fruits,vegetarian eggetarian fishetarian veg,1,168,88.31,0.86,0.37,7.82,2.13,6.95,0.0239,0,0.00698,0.00035,0.00115,0.281,0.00806,0.0001,0.00549
E051,Pear,Prunus persica,A. Naspoti; B. Nashpati; G. Nashpatino; H. Nashpati; Kan. Berikai; Kash. Tang; Kh. Soh phoh; Mal. Sabarjil; M. Naspati; Mar. Nashpati; N. Naspati; O. Nashpati; P. Nashpati; Tam. Berikkai; Tel. Berikaya; U. Nashpati.,Fruits,vegetarian eggetarian fishetarian veg,6,157,86.49,0.36,0.27,8.09,4.48,7.39,0.07594,0,0.00655,0.00028,0.00164,0.106,0.00761,0.00007,0.00331
E052,Phalsa,Grewia asiatica,A. Pharaskol; B. Falsa; G. Falsa; H. Falsa; Kan. Phalsa hannu; Kh. Soh broi rit; Mal. Palisa; Mar. Falsa; O. Mirgichara; P. Falsa; Tam. Palisa; Tel. Falsa pandu; U. Falsa.,Fruits,vegetarian eggetarian fishetarian veg,2,299,77.48,1.66,0.14,15.09,4.54,13,0.164,0,0.153,0.00201,0.00199,0.362,0.07692,0.00048,0.00511
E053,Pineapple,Ananas comosus,A. Ahnaros; B. Anarasa; G. Anenas; H. Ananas; Kan. Ananas; Kash. Punchitipul; Kh. Soh trun; Kon. Anas; Mal. Kayirha chakka; M. Kihom Ananas; O. Sapuri; P. Ananas; Tam. Annasi pazham; Tel. Anasa pandu; U. Ananas.,Fruits,vegetarian eggetarian fishetarian veg,6,180,86.06,0.52,0.16,9.42,3.46,8.56,0.05109,0,0.01088,0.00028,0.00143,0.143,0.01268,0.0001,0.03637
E054,Plum,Prunus domestica,B. Alubokhara; H. Alubokhara; G. Aaddu; Kan. Onagida draakshi; Kash. Aeir; Kh. Soh plum dorris/ Norris; M. Heikha; P. Aloobhukhara; Tel. Alapagoda.,Fruits,vegetarian eggetarian fishetarian veg,3,238,84.44,0.64,0.4,12.1,2.07,10.13,0.02005,0,0.00761,0.00025,0.00155,0.162,0.00779,0.0001,0.00226
E055,"Pomegranate, maroon seeds",Punica granatum,A. dalim; B. Bedana; G. Dadam; H. Anar; Kan. Dalimbari; Kash. Daan; Kh. Soh pomegranate; Kon. Dalimb; Mal. Mathalam pazhham; M. Kamphoi; Mar. Dalimb; O. Dalimba; P. Anar; S. Daaddima; Tam. Madhulam pazham; Tel. Danimma pandu; U. Anaar.,Fruits,vegetarian eggetarian fishetarian veg,6,229,83.55,1.33,0.15,11.58,2.83,10.87,0.0425,0,0.01065,0.00031,0.00213,0.206,0.01107,0.00018,0.01269
E056,Pummelo,Citrus maxima,A. Rabab tenga; B. Batabilembu; E. Pomelo; G. Papnuse; H. Chakotra; Kan. Chakkota; Kh. Soh bah; Mal. Bombilimas; M. Nobab; Mar. Papnus; O. Batapilembu; Tam. Bombilimas; Tel. Pampara panasa.,Fruits,vegetarian eggetarian fishetarian veg,3,210,86.97,0.68,0.42,10.64,0.8,4.38,0.115,0,0.01403,0.00006,0.00106,0.189,0.00683,0.00006,0.04889
E057,"Raisins, dried, black",Vitis vinifera,A. kishmish; B. kishmish; E. Dried grape; G. Kadi Draksha; H. Kishmish; Kan. Drashi; Kash. kishmish; Kh. Kismis iong; Mal. Mundiringa (unakku); M. Kismis; Mar. kishmish; O. kishmish; P. Songi; Tam. Ular dhirachai; Tel. Endu draksha; U. kishmish.,Fruits,vegetarian eggetarian fishetarian veg,6,1279,19.69,2.57,0.34,71.29,3.92,61.51,0.06247,0,0.07324,0.00681,0.01099,1.105,0.03376,0.00022,0.00205
E058,"Raisins, dried, golden",Vitis vinifera,A. Kishmish; B. Kishmish; E. Dried grape; G. Pidi Draksha; H. Kishmish; Kan. Drashi; Kash. Kishmish; Kh. Kismis saw; Kon. Suke dhrakshi; Mal. Mundiringa (unakku); M. Kismis; Mar. kishmish; N. Kismis; O. Kishmish ; P. Songi; Tam. Ular dhirachai; Tel. Endu draksha; U. Kishmish.,Fruits,vegetarian eggetarian fishetarian veg,6,1241,21.5,2.76,0.35,68.79,4.56,57.12,0.121,0,0.05183,0.00426,0.01016,0.913,0.02832,0.00025,0.00185
E059,Rambutan,Nephelium lappaceum,H. Rambutan.,Fruits,vegetarian eggetarian fishetarian veg,1,306,80.87,0.68,0.16,16.84,1.02,15.8,0.144,0,0.00867,0.00037,0.00175,0.131,0.02138,0.00053,0.065
E060,Sapota,Achras sapota,A. Chiku; E. Sapodilla; H. Chiku; Kan. Sapota; Mal. Sapota; Mar. Chiku; O. Sapota; P. Chiku; Tel. Sapota; U. Sapota.,Fruits,vegetarian eggetarian fishetarian veg,6,307,73.64,0.92,1.26,13.9,9.6,12.3,0.389,0,0.01787,0.00049,0.00461,0.28,0.01619,0.00018,0.02096
E061,Soursop,Annona muricata,H. Shul-ram fal; Kan. Lakshmanaphala/Mulluramphala; Mal. Mullatha; Tam. Malai seethapalam/ Paanghi pazham; Tel. Lakshamana phalamu.,Fruits,vegetarian eggetarian fishetarian veg,1,260,80.85,0.74,0.94,11.94,4.95,9.83,0.135,0,0.01005,0.00029,0.00678,0.264,0.0177,0.00012,0.05954
E062,Star fruit,Averrhoa carambola,"A. Kordoi; E. Carambola, Starfruit; G. Amrakh; H. Kazmal/Kamrakh; Kan. Kamaraka/ Kapazakshi hannu; Kh. Soh pyrshong; Mal. Caturappuli; M. Heinoujom; Mar. Karambal; O. Karamanga; Tam. Tamarattai; U. Kamrakh.",Fruits,vegetarian eggetarian fishetarian veg,1,110,91.18,0.79,0.39,4.51,2.81,3.95,0.02077,0,0.00497,0.00045,0.00156,0.159,0.01153,0.00024,0.03355
E063,Strawberry,Fragaria ananassa,G. strawberry; Kan. Nela milli hannu; Kh. Strawberry/ soh stap; Mal. Stroberry; P. Lachi; Kash. Istaber; Tam. Strawberry.,Fruits,vegetarian eggetarian fishetarian veg,6,103,92.03,0.97,0.56,3.4,2.5,3.56,0.06621,0,0.01528,0.00036,0.00119,0.14,0.01553,0.00014,0.0502
E064,"Tamarind, pulp",Tamarindus indicus,A. Teteli; B. Tetul; G. Amli; H. Imli; Kan. Hunise hannu; Kash. Tambari; Kh. Soh kyntoi; Mal. Puli; M. Mange; Mar. Chinch; N. Imali; O. Tentuli; P. Imli; S. Sucukrika; Tam. Puli; Tel. Chintha pandu; U. Imli.,Fruits,vegetarian eggetarian fishetarian veg,6,1207,20.83,2.92,0.15,67.35,5.31,52.88,0.02726,0,0.149,0.00916,0.02492,0.836,0.08273,0.00058,0.00362
E065,"Water melon, dark green (sugar baby)",Citrullus vulgaris,A. Tormuj; B. Tarmuj; E. Watermelon; G. Tadbuj; H. Tarbuj; Kan. Kallangadi; Kash. Hend wend; Kh. Soh watermelon; Kon. Bacchanga; Mal. Thannir mathan; M. Tarbuj; Mar. Kalingad; N. Kharbuja; O. Tarvuja; P. Dawana; Tam. Darbusani; Tel. Puchakaya; U. Tarbuja.,Fruits,vegetarian eggetarian fishetarian veg,6,85,94.54,0.6,0.16,3.86,0.7,3.66,0.0397,0,0.00529,0.00022,0.00189,0.124,0.00991,0.0001,0.01326
E066,"Water melon, pale green",Citrullus vulgaris,A. Tormuj; B. Tarmuj; E. Watermelon; G. Tadbuj; H. Tarbuj; Kan. Kallangadi; Kash. Hend wend; Kh. Soh watermelon; Kon. Bacchanga; Mal. Thannir mathan; M. Tarbuj; Mar. Kalingad; N. Kharbuja; O. Tarvuja; P. Dawana; Tam. Darbusani; Tel. Puchakaya; U. Tarbuja.,Fruits,vegetarian eggetarian fishetarian veg,6,70,95.33,0.59,0.16,3.02,0.78,3,0.05033,0,0.00435,0.00016,0.00162,0.126,0.00742,0.00007,0.01145
E067,Wood Apple,Limonia acidissima,A. Bel; B. Koyeth Bael; E. Elephant apple; G. Kothu; H. Kaith; Kan. Bele; Kash. Bum choont; Mal. Vilam pazham; Mar. Kavath; O. Kaitha; P. Chaktora; S. Bilvaon (Gorakamli); Tam. Vilam pazham; Tel. Velega pandu; U. Beal.,Fruits,vegetarian eggetarian fishetarian veg,3,327,79.36,3.14,3.62,7.52,5.21,3.81,0.877,0,0.05571,0.00045,0.00148,0.347,0.0237,0.00031,0.02217
E068,Zizyphus,Zizyphus jujube,"A. Bogori; B. Kula; E. Jujube, Ziziphus; G. Ber; H. Ber; Kan. Yelachi; Kash. Brey; Kh. Soh broi heh; Kon. Bor; Mal. Elanth pazham; M. Boroi; Mar. Bor; O. Barakoli; P. Beri; S. Badarii; Tam. Elanthai pazham; Tel. Regu pandu; U. Ber.",Fruits,vegetarian eggetarian fishetarian veg,1,204,84.39,1.34,0.35,9.4,3.73,8.29,0.119,0,0.04655,0.0004,0.00152,0.237,0.01672,0.0001,0.06093
F001,Beet root,Beta vulgaris,"A. Beet; B. Beet; E. Beetroot, Beet, Table beet, Garden beet, Red beet, Golden beet; G. Beet; H. Chukandar; Kan. Beet; Kh. U bit; Kash. Chogander munji; Mal. Beet root; Mar. Beet root; O. Bita; P. Chukandar; S. Paalangashaakah; Tam. Beet root; Tel. Beet root; U. Chokhandar.",Roots and Tubers,vegetarian eggetarian fishetarian veg,6,149,86.95,1.95,0.14,6.18,3.31,4.35,0.03117,0,0.01728,0.00076,0.06944,0.306,0.03321,0.0003,0.00526
F002,"Carrot, orange",Dacus carota,A. Gajor; B. Gajar; G. Gajar; H. Gajar; Kan. Gajjare; Kash. Ghahzir; Kh. U kajor; Mal. Carrot; M. Gajar; Mar. Gajar; N. Gajar; O. Gajara; P. Gajar; S. Grunjanam; Tam. Carrot; Tel. Gajjara gadda; U. Gajar.,Roots and Tubers,vegetarian eggetarian fishetarian veg,6,139,87.69,0.95,0.47,5.55,4.18,3.23,0.08771,0,0.03509,0.0006,0.05233,0.273,0.01673,0.00025,0.00622
F003,"Carrot, red",Dacus carota,A. Gajor; B. Gajar; G. Gajar; H. Gajar; Kan. Gajjare; Kash. Ghahzir; Kh. Kajor; Mal. Carrot; M. Gajar; Mar. Gajar; N. Gajar; O. Gajara; P. Gajar; S. Grunjanam; Tam. Carrot; Tel. Gajjara gadda; U. Gajar.,Roots and Tubers,vegetarian eggetarian fishetarian veg,4,160,86.07,1.04,0.47,6.71,4.49,3.96,0.08891,0,0.04106,0.00071,0.06069,0.267,0.01883,0.00034,0.00676
F004,Colocasia,Colocasia antiquorum,A. Kosu; B. Kochu; E. Taro; G. Advi; H. Arwi; Kan. Samagadde; Kash. faram; Kh. Ka shriew; Mal. Chembu; M. Paan; Mar. Alu kanda; O. Saru; P. Arwi; Tam. Seppankizhangu; Tel. Chama dumpa; U. Arwi.,Roots and Tubers,vegetarian eggetarian fishetarian veg,6,372,73.49,3.31,0.17,17.85,3.22,0.9,0.04184,0,0.03018,0.00066,0.00454,0.514,0.03693,0.00041,0.00183
F005,Lotus root,Nelumbium nelumbo,"A. podum thari; G. Kamad kakdi; H. Kamal gatta, Kamal kakdi; Kan. Tavare dantu; Kash. Nader; Kh. Thied lotus; Mal. Thamara thandu; M. Thambou; Mar. Kamalkaakdi; O. Padma nad; P. Kamal zahr; Tam. Thamaraithandu; Tel. Thamara kada; U. Kanwal kakri.",Roots and Tubers,vegetarian eggetarian fishetarian veg,3,332,76.26,1.94,0.93,14.67,4.7,0.24,0.249,0,0.03771,0.00334,0.02063,0.611,0.02658,0.00035,0.02663
F006,"Potato, brown skin, big",Solanum tuberosum,A. Simolu aloo; B. Gal alu; G. Bateka; H. Alu; Kan. Alugadda; Kash. Oalu; Kh. U phan; Kon. Alu; N. Alu; Mal. Urula kizhangu; M. Aloo; Mar. Batata; O. Alu; P. Alu; S. Aalukah; Tam. Urulai kizhangu; Tel. Bangala dumpa; U. Alu.,Roots and Tubers,vegetarian eggetarian fishetarian veg,6,292,80.72,1.54,0.23,14.89,1.71,0.32,0.04356,0,0.00952,0.00057,0.00411,0.541,0.02407,0.00028,0.02315
F007,"Potato, brown skin, small",Solanum tuberosum,"A. Simolu aloo; B. Gal alu; G. Bateka; H. Alu; Kan. Alugadda; Kash. Oalu; Kh. Phan rit; Kon. Alu; M. Aloo; Mar. Batata; N., O., P., U. Alu; S. Aalukah; Tam. Urulaikizhangu; Tel. Bangala dumpa.",Roots and Tubers,vegetarian eggetarian fishetarian veg,1,255,82.97,1.35,0.22,12.9,1.69,0.44,0.04403,0,0.00853,0.00053,0.00397,0.474,0.02234,0.00038,0.02641
F008,"Potato, red skin",Solanum tuberosum,A. Aloo; B. Gal alu; G. Bateka; H. Alu; Kan. Alugadda; Kash. Oalu; Kh. Phan saw; Kon. Alu; Mal. Urula kizhangu; Mar. Batata; N. Alu; O. Alu; P. Alu; S. Aalukah; M. Aloo; Tam. Urulaikizhangu; Tel. Bangala dumpa; U. Alu.,Roots and Tubers,vegetarian eggetarian fishetarian veg,1,306,79.72,1.83,0.22,15.43,1.68,0.38,0.03987,0,0.00862,0.00066,0.00436,0.501,0.02554,0.00034,0.02504
F009,"Radish, elongate, red skin",Raphanus sativus,A. Mula; B. Mula; G. Muda; H. Muli; Kan. Mullangi; Kh. Muli saw; Mal. Mullangi; Mar. Mula; N. Mula; O. Mula; P. Gonglu; S. Moolikaa; Tam. Mullangi; Tel. Mullangi; U. Mooli.,Roots and Tubers,vegetarian eggetarian fishetarian veg,3,134,89.32,0.67,0.13,6.71,2.46,1.15,0.04265,0,0.02844,0.00037,0.02473,0.255,0.01334,0.00016,0.01763
F010,"Radish, elongate, white skin",Raphanus sativus,A. Mula; B. Mula; G. Muda; H. Muli; Kan. Mullangi; Kh. Muli lieh; Mal. Mullangi; Mar. Mula; N. Mula; O. Mula; P. Gonglu; S. Moolikaa; Tam. Mullangi; Tel. Mullangi; U. Mooli.,Roots and Tubers,vegetarian eggetarian fishetarian veg,6,135,89.05,0.77,0.15,6.56,2.65,0.95,0.04388,0,0.0302,0.00036,0.0282,0.288,0.01607,0.00022,0.01991
F011,"Radish, round, red skin",Raphanus sativus,A. Mula; B. Mula; G. Muda; H. Muli; Kan. Mullangi; Kh. Muli pyllon; Mal. Mullangi; Mar. Mula; N. Mula; O. Mula; P. Gonglu; S. Moolikaa; Tam. Mullangi; Tel. Mullangi; U. Mooli.,Roots and Tubers,vegetarian eggetarian fishetarian veg,1,130,89.68,0.89,0.16,6.07,2.29,0.86,0.04608,0,0.03576,0.00042,0.03227,0.308,0.02225,0.00018,0.01569
F012,"Radish, round, white skin",Raphanus sativus,A. Mula; B. Mula; G. Muda; H. Muli; Kan. Mullangi; Kh. Muli pyllon; Mal. Mullangi; Mar. Mula; N. Mula; O. Mula; P. Gonglu; S. Moolikaa; Tam. Mullangi; Tel. Mullangi; U. Mooli.,Roots and Tubers,vegetarian eggetarian fishetarian veg,2,129,89.76,0.8,0.14,6.13,2.37,1.16,0.04115,0,0.03423,0.00041,0.02414,0.287,0.01546,0.00017,0.014
F013,"Sweet potato, brown skin",Ipomoes batatas,A. Meetha aloo; B. Ranga alu; G. Sakkaria; H. Shakarkand; Kan. Genasu; Kh. Phankaro iong; Mal. Sakkarvalli kazhangu; M. Manghra; Mar. Ratalu; N. Sakhar Khand; O. Kandamula; P. Sakkargandi; Tam. Sakkarvalli kizhangu; Tel. Chilagada dumpa; U. Ratalu.,Roots and Tubers,vegetarian eggetarian fishetarian veg,4,456,69.21,1.33,0.26,24.25,3.99,3.63,0.0661,0,0.0275,0.00035,0.0296,0.345,0.01737,0.00016,0.01794
F014,"Sweet potato, pink skin",Ipomoes batatas,A. Meetha aloo; B. Ranga alu; G. Sakkaria; H. Shakarkand; Kan. Genasu; Kh. Phankaro saw; Mal. Sakkarvalli kazhangu; M. Manghra; Mar. Ratalu; N. Sakhar Khand; O. Kandamula; P. Sakkargandi; Tam. Sakkarvalli kizhangu; Tel. Chilagada dumpa; U. Ratalu.,Roots and Tubers,vegetarian eggetarian fishetarian veg,3,452,69.58,1.27,0.33,23.93,3.94,4.03,0.101,0,0.02893,0.00051,0.02904,0.329,0.02105,0.00014,0.0222
F015,Tapioca,Manihot esculenta,A. Sagi; B. Simla alu; G. Aararoot; H. Simla alu; Kan. Mra genasu; Kh. Phan dieng; Mal. Mrachini; M. U Manghra; Mar. Simla  Batata; N. Tarul; O. Kathakonda; P. Simla alu; Tam. Maravalli kizhangu; Tel. Krrapendalamu; U. Kasawa soji.,Roots and Tubers,vegetarian eggetarian fishetarian veg,3,334,75.23,1.03,0.2,17.81,4.61,2.14,0.0595,0,0.02589,0.00081,0.01086,0.255,0.02308,0.00017,0.01551
F016,Water Chestnut,Eleocharis dulcis,"A.Pani singora; B. Pani phal; G. Shingoda; H., Mar. Shingara; Kash. Goer; Mal. Karimpolam; M. Kaothum; O. Pani singhara; P. Shingada; Tam. Singhara; Tel. Kubyakam.",Roots and Tubers,vegetarian eggetarian fishetarian veg,1,400,73.34,0.86,0.37,21.46,3.02,1.95,0.08742,0,0.03715,0.00077,0.01308,0.382,0.05743,0.00067,0.00526
F017,"Yam, elephant",Amorphophallus campanulatus,"A. Ol kachu; B. Ol; E. Elephant foot yam, Whitespot giant arum; G. Suran; H. Zimikandha; Kan. Suvarna gadda; Kh. Shriew hati; Mal. Chena; M. Haa; Mar. Suran; O. Suran; P. Zimikand; Tam. Karunai kizhangu; Tel. Kandha dumpa.",Roots and Tubers,vegetarian eggetarian fishetarian veg,6,353,74.39,2.56,0.14,17.46,4.17,1.58,0.03572,0,0.04691,0.00122,0.01433,0.501,0.03351,0.00026,0.01522
F018,"Yam, ordinary",Amorphophallus campanulatus,"A. Kath aloo; B. Gherkochoo; E. White yam, Winged yam, Water yam, Purple yam; G. Ratadu; H. Sooran; Kan. Suvarna gadda; Kh. Shriew jrong; Mal. Chena; M. Haa; Mar. Goradu; N. Pidaloo; O. Khamba alu; S. Aalu; Tam. Karunai kizhangu; Tel. Durdakandagadda.",Roots and Tubers,vegetarian eggetarian fishetarian veg,4,349,74.28,2.18,0.17,17.65,4.08,1.15,0.04263,0,0.01619,0.00077,0.01528,0.463,0.0304,0.00033,0.01388
F019,"Yam, wild",Dioscorea versicolor,A. Jongoli kosu; B. Ranga alu; G. Ratadu; H. Suaralu; Kan. Hegganasu; Kh. Shriew lieh; Mal. Kattuchena; M. Haa; Mar. Suran; Tam. Kodi kizhangu; Tel. Chedu paddu dumpa.,Roots and Tubers,vegetarian eggetarian fishetarian veg,2,430,69.35,3.07,0.3,20.95,4.57,1.54,0.07951,0,0.04413,0.00104,0.0128,0.654,0.03175,0.00031,0.01406
G001,"Chillies, green-1",Capsicum annum,A. Kesa jalakia; E. Chili pepper; G. Lila marcha; H. Hara Mirchi; Kan. Hasi Menasinakayi; Kash. Marach wangun; Kh. Sohmynken heh; Mal. Mulaku; M. Morok; Mar. Mulaku; N. Hariyo khursani; O. Kancha Lanka; P. Hara mirchi; S. Marichika; Tam. Pachhai milagai; Tel. Pacchi Mirapakaya; U. Hara mirchi.,Condiments and Spices,vegetarian eggetarian fishetarian veg,5,191,84.47,2.62,0.73,6.32,4.86,0.71,0.126,0,0.0241,0.00146,0.00332,0.431,0.03472,0.00031,0.0795
G002,"Chillies, green-2",Capsicum annum,A. Kesa jalakia; E. Chili pepper; G. Lila marcha; H. Hara Mirchi; Kan. Hasi Menasinakayi; Kash. Marach wangun; Kh. Soh mynken dkhar; Mal. Mulaku; M. Morok; Mar. Mulaku; N. Hariyo khursani; O. Kancha Lanka; P. Hara mirchi; S. Marichika; Tam. Pachhai milagai; Tel. Pacchi Mirapakaya; U. Hara mirchi.,Condiments and Spices,vegetarian eggetarian fishetarian veg,3,167,85.72,2.28,0.75,5.27,5.13,1.05,0.131,0,0.01686,0.00124,0.00247,0.321,0.02754,0.00026,0.09097
G003,"Chillies, green-3",Capsicum annum,A. Kesa jalakia; E. Chili pepper; G. Lila marcha; H. Hara Mirchi; Kan. Hasi Menasinakayi; Kash. Marach wangun; Kh. Soh mynken dkhar; Mal. Mulaku; M. Morok; Mar. Mulaku; N. Hariyo khursani; O. Kancha Lanka; P. Hara mirchi; S. Marichika; Tam. Pachhai milagai; Tel. Pacchi Mirapakaya; U. Hara mirchi.,Condiments and Spices,vegetarian eggetarian fishetarian veg,5,169,85.59,2.38,0.75,5.23,5.1,0.54,0.133,0,0.01804,0.00125,0.00256,0.317,0.0299,0.00027,0.09363
G004,"Chillies, green-4",Capsicum annum,A. Kesa jalakia; E. Chili pepper; H. Hara Mirchi; Kan. Hasi Menasinakayi; Kash. Marach wangun; Kh. Soh mynken dkhar; Mal. Mulaku; M. Morok; Mar. Mulaku; N. Hariyo khursani; O. Kancha Lanka; P. Hara mirchi; S. Marichika; Tam. Pachhai milagai; Tel. Pacchi Mirapakaya; U. Hara mirchi.,Condiments and Spices,vegetarian eggetarian fishetarian veg,3,190,85.29,2.33,0.74,6.63,4.15,0.62,0.148,0,0.01587,0.00108,0.00194,0.318,0.02974,0.00028,0.102
G005,"Chillies, green-5",Capsicum annum,A. Kesa jalakia; E. Chili pepper; G. Vadhvani marcha; H. Hara Mirchi; Kan. Hasi Menasinakayi; Kash. Marach wangun; Kh. Soh mynken dkhar; Mal. Mulaku; M. Morok; Mar. Mulaku; N. Hariyo khursani; O. Kancha Lanka; P. Hara mirchi; S. Marichika; Tam. Pachhai milagai; Tel. Pacchi Mirapakaya; U. Hara mirchi.,Condiments and Spices,vegetarian eggetarian fishetarian veg,2,180,85.93,2.01,0.65,6.64,3.95,0.46,0.109,0,0.01531,0.00093,0.00219,0.317,0.02396,0.00031,0.09777
G006,"Chillies, green-6",Capsicum annum,A. Kesa jalakia; E. Chili pepper; G. Lila marcha; H. Hara Mirchi; Kan. Hasi Menasinakayi; Kash. Marach wangun; Kh. Soh mynken dkhar; Mal. Mulaku; M. Morok; Mar. Mulaku; N. Hariyo khursani; O. Kancha Lanka; P. Hara mirchi; S. Marichika; Tam. Pachhai milagai; Tel. Pacchi Mirapakaya; U. Hara mirchi.,Condiments and Spices,vegetarian eggetarian fishetarian veg,1,175,84.93,3.01,0.64,5.31,5.15,0.59,0.121,0,0.02482,0.00075,0.00243,0.34,0.0348,0.00029,0.108
G007,"Chillies, green-7",Capsicum annum,A. Kesa jalakia; E. Chili pepper; G. Gola marcha; H. Hara Mirchi; Kan. Hasi Menasinakayi; Kash. Marach wangun; Kh. Soh mynken beb; Mal. Mulaku; M. Morok; Mar. Mulaku; N. Hariyo khursani; O. Kancha Lanka; P. Hara mirchi; S. Marichika; Tam. Pachhai milagai; Tel. Pacchi Mirapakaya; U. Hara mirchi.,Condiments and Spices,vegetarian eggetarian fishetarian veg,1,163,85.83,2.12,0.6,5.61,4.95,0.73,0.102,0,0.01685,0.00123,0.002,0.319,0.02671,0.00017,0.112
G008,"Chillies, green - all varieties",Capsicum annum,A. Kesa jalakia; E. Chili pepper; H. Hara Mirchi; Kan. Hasi Menasinakayi; Kash. Marach wangun; Kh. Soh mynken dkhar; Mal. Mulaku; M. Morok; Mar. Mulaku; N. Hariyo khursani; O. Kancha Lanka; P. Hara mirchi; S. Marichika; Tam. Pachhai milagai; Tel. Pacchi Mirapakaya; U. Hara mirchi.,Condiments and Spices,vegetarian eggetarian fishetarian veg,6,177,85.39,2.36,0.72,5.86,4.77,0.67,0.129,0,0.01845,0.0012,0.0025,0.341,0.02951,0.00027,0.09407
G009,Coriander leaves,Coriandrum sativum,"A. Dhania paat; B. Dhone pata; E. Cilantro, Chinese parsley; G. Dhana pandada; H. Hara dhania; Kan. Kothambari; Kash. Daaniwal; Kh. Dhonia dkhar; Mal. Kothamalli; M. Fadhighom Mana; Mar. Kothimbir; N. Hario Dhaniya; O. Dhania Patra; P. Hara dhaniya patta; Tam. Kothamalli; Tel. Kothimiri; U. Hara dhaniya.",Condiments and Spices,vegetarian eggetarian fishetarian veg,6,130,86.99,3.52,0.7,1.93,4.66,0.17,0.228,0,0.146,0.0053,0.037,0.546,0.07268,0.00068,0.02387
G010,Curry leaves,Murraya koenigii,A. Narasingha paat; B. Karhi-pat; E. Sweet Neem leaves; G. Kadi umdo; H. Gandhela ; Kan. Karibevu; Kash. Curry patta; Kh. Sla Kori; Mal. Kariveppilai; M. Curry Pata; Mar. Gandhela; N. Kary patta; O. Bhursanga Patra; P. Kadhi patta; S. Girinimba; Tam. Kariveppilai; Tel. Karivepaku; U. Kadi ka patta.,Condiments and Spices,vegetarian eggetarian fishetarian veg,6,266,65.33,7.41,1.06,4.51,16.83,0.6,0.267,0,0.659,0.00867,0.01866,0.584,0.182,0.00118,0.00604
G011,"Garlic, big clove",Allium sativum,A. Nohoru; B. Rashun; G. Lasan; H. Lehsan; Kan. Bellulli; Kash. Ruhan; Kh. Rynsun heh/ Rynsun dkhar; Mal. Vellulli; M. Chanam; Mar. Lasoon; N. Lasun; O. Rasuna; P. Lasan; S. Lashoonam; Tam. Poondu; Tel. Vellulli; U. Laisan.,Condiments and Spices,vegetarian eggetarian fishetarian veg,6,518,64.38,6.92,0.16,21.93,5.22,5.97,0.03352,0,0.02008,0.00105,0.00942,0.43,0.02708,0.00089,0.01262
G012,"Garlic, small clove",Allium sativum,A. Nohoru; B. Rashun; G. Lasan; H. Lehsan; Kan. Bellulli; Kash. Ruhan; Kh. Rynsun rit; Mal. Vellulli; M. Chanam; Mar. Lasoon; N. Lasun; O. Rasuna; P. Lasan; S. Lashoonam; Tam. Poondu; Tel. Vellulli; U. Laisan.,Condiments and Spices,vegetarian eggetarian fishetarian veg,3,514,64.42,6.75,0.14,21.84,5.47,4.84,0.03263,0,0.01763,0.00088,0.01056,0.453,0.02578,0.00081,0.01357
G013,"Garlic, single clove, Kashmir",Allium sativum,A. Nohoru; B. Ek koya Rashun; G. Lasan; H. Lehsan; Kan. Bellulli; Kash. Ruhan; Kh. Rynsun; Mal. Vellulli; M. Chanam; Mar. Lasoon; N. Lasun; O. Rasuna; P. Lasan; S. Lashoonam; Tam. Ottrai poondu; Tel. Vellulli; U. Laisan.,Condiments and Spices,vegetarian eggetarian fishetarian veg,1,523,64.49,6.12,0.16,23.46,4.01,3.73,0.03476,0,0.019,0.00101,0.00887,0.584,0.04113,0.00066,0.01538
G014,"Ginger, fresh",Zinziber officinale,A. Ada kesa; B. Ada; G. Adu; H. Adrak ; Kan. Shunti; Kash. Adrak; Kh. Sying bah; Mal. Inji; M. Sing; Mar. Ale; N. Aduwa; O. Ada; P. Adrak; S. Aadrak; Tam. Inji; Tel. Allam; U. Adrak.,Condiments and Spices,vegetarian eggetarian fishetarian veg,6,230,81.27,2.22,0.85,8.97,5.36,1.31,0.231,0,0.01888,0.0019,0.01003,0.407,0.05466,0.00039,0.00543
G015,Mango ginger,Curcuma amada,A. Aam ada; B. Amada; G. Amba Hardar; H. Aam adhrak; Kan. Mavina hasi sunthi; Kash. Adrak; Kh. Sying makhir; Mal. Mangainji; Mar. Amba haldi; P. Aam adrak; Tam. Mainji; Tel. Mamidiallam; U. Aam adrak.,Condiments and Spices,vegetarian eggetarian fishetarian veg,3,177,84.55,1.45,0.7,6.98,4.74,2.42,0.177,0,0.01374,0.00231,0.00551,0.384,0.03686,0.00047,0.00162
G016,Mint leaves,Mentha spicata,A. Podina; B. Pudina; E. Mentha; G. Phudino; H. Pudina; Kan. Pudina; Kash. Pudinth; Kh. Pudina; Mal. Pudina; M. Nungsihidak; Mar. Pudina; N. Baabari; O. Pudina Patra; P. Pudina; Tam. Pudina; Tel. Pudina; U. Pudina.,Condiments and Spices,vegetarian eggetarian fishetarian veg,4,155,84.24,4.66,0.65,2.39,5.89,0.08,0.125,0,0.205,0.00856,0.01687,0.539,0.11,0.00075,0.01716
G017,"Onion, big",Allium cepa,"A. Piyanj; B. Peyaj; E. Bulb onion, Common onion; G. Kando; H. Pyaz; Kan. Eerulli; Kash. Gandha; Kh. Piat; Mal. Ulli; M. Tilhou; Mar. Kanda; N. Pyaj; O. Piaja; P. Gandhe; S. Palaanduh; Tam. Vengayam; Tel. Neerulli/Ullipaya; U. Pyaaz.",Condiments and Spices,vegetarian eggetarian fishetarian veg,6,201,85.76,1.5,0.24,9.56,2.45,5.88,0.06081,0,0.02103,0.00043,0.0055,0.171,0.01796,0.00035,0.00669
G018,"Onion, small",Allium cepa,"A. Xoru Piyanj; B. Gundhun; E. Bulb onion, Common onion; G. Dungri (nani); H. Pyaaz Kali; Kan. Chikk Eerulli; Kash. Praan; Kh. Piat rit; Mal. Cheriya Ulli; M. Tilhou ; Mar. Kanda; N. Chayapi; P. Gandhe; Tam. Chinna vengayam; Tel. Chinna ullipaya; U. Pyaaz.",Condiments and Spices,vegetarian eggetarian fishetarian veg,5,237,84.67,1.82,0.16,11.58,1.16,5.62,0.04101,0,0.01992,0.00053,0.00406,0.16,0.01516,0.00024,0.01096
G019,Asafoetida,Ferula assa-foetida,"A. Hing; B. Hing; E. Food of the Gods, Jowani Badian, Hengu, Ingu, Kayam, Ting; G. Hing; H. Hing ; Kan. Hingu; Kash. Yangu; Kh. U hing; Mal. Perungayam; M. Hing; Mar. Hing; N. Hing; O. Hingu; P. Hing; S. Badhika; Tam. Perugayam; Tel. Inguva; U. Hing.",Condiments and Spices,vegetarian eggetarian fishetarian veg,6,1387,9.42,6.34,1.26,71.95,5.13,0.93,0.242,0,0.266,0.01568,0.01604,0.245,0.0964,0.00098,0
G020,"Cardamom, green",Elettaria cardamomum,A. Ilasi; B. Elach; E. True cardamom; G. Alechi; H. Elaychi; Kan. Yelakki; Kash. Aa’l budu’a aa’ l; Kh. Elaishi; Mal. Elakkai; M. Elaichi; Mar. Veldoda; N. Alaichi; O. Alaichi; P. Shoti elaychi; S. Ela; Tam. Elakkai; Tel. Elakkai; U. Elaichi.,Condiments and Spices,vegetarian eggetarian fishetarian veg,6,1067,11.24,8.1,2.6,47.76,23.1,4.28,0.624,0,0.378,0.00833,0.01551,1.262,0.33,0.00371,0
G021,"Cardamom, black",Elettaria cardamomum,"B. Boro elach; E. Hill cardamom, Bengal cardamom, Greater cardamom, Indian cardamom, Nepal cardamom, Winged cardamom, Brown cardamom; G. Moti alechi; A. Ilasi; H. Badi elaychi; Kan. Yelakki; Kash. Aa’l budu’a aa’ l; Kh. Elaichi; Mal. Elathari; M. Elaichi; Mar. Veldoda; N. Alaichi; O. Alaichi; P. Baddi elaychi; S. Ela; Tam. Elakkai; Tel. Elakkai; U. Elaichi.",Condiments and Spices,vegetarian eggetarian fishetarian veg,4,1132,6.69,6.69,2.8,52.53,23.46,2.3,0.493,0,0.312,0.00794,0.01625,1.331,0.286,0.00475,0
G022,"Chillies, red",Capsicum annum,A. Sukan jolokia; B. Shuckhuo Lonka; E. Red chilli pepper; G. Lal marcha (sukha); H. Mirchi; Kan. Ona Menasinakayi; Kh. Sohmynken trykhong; Mal. Mulaku; M. Morok Akangba; Mar. Mulaku; N. Rato Khursani; O. Lanka; P. Lal mircha; Tam. Varamilagai; Tel. Mirapakaya; U. Lal mirchi.,Condiments and Spices,vegetarian eggetarian fishetarian veg,6,990,14.57,12.69,6.4,29.46,31.15,4.7,1.141,0,0.09983,0.00623,0.01945,2.245,0.231,0.00166,0
G023,Cloves,Syzygium aromaticum,A. Long; B. Lobong; G. Lavang; H. Lavang; Kan. Lavanga; Kash. Ruang; Kh. U long; Mal. Krambu; M. Long; Mar. Lavang; N. Luwang; O. Labang; P. Long; S. Lavanga; Tam. Krambu; Tel. Lavangu; U. Long.,Condiments and Spices,vegetarian eggetarian fishetarian veg,6,781,26.49,5.86,8.41,18.73,34.52,2.1,2.679,0,0.567,0.00941,0.183,1.434,0.334,0.00113,0
G024,Coriander seeds,Coriandrum sativum,"A. Dhoniya; B. Dhone; E. Cilantro seeds, Chinese parsley seeds; G. Sukha dhana; H. Dhania; Kan. Kothambari; Kash. Daaniwal; Kh. Symbai dhania; Mal. Kothambalari; M. Fadhighom Maru; Mar. Dhane; N. Dhania; O. Dhania; P. Dhania; S. Dhanyaka; Tam. Kothamalli vidhai; Tel. Dhaniyalu; U. Dhaniya.",Condiments and Spices,vegetarian eggetarian fishetarian veg,6,1125,8.72,10.66,17.47,12.98,44.81,2.38,0.952,0,0.718,0.01764,0.03441,1.473,0.343,0.00391,0
G025,Cumin seeds,Cuminum cyminum,A. Jeera; B. Jire; G. Jiru; H. Jira; Kan. Jeerage; Kash. Zyur; Kh. U jeera; Mal. Jeerakam; M. Jeera; Mar. Jira; N. Jeera; O. Jira; P. Jira; S. Jiraka; Tam. Jeerakam; Tel. Jeelakarra; U. Jira.,Condiments and Spices,vegetarian eggetarian fishetarian veg,6,1274,10.59,13.91,16.64,22.62,30.35,1.38,0.619,0,0.878,0.02058,0.125,1.886,0.442,0.00429,0
G026,Fenugreek seeds,Trigonella foenum graecum,A. Methi; B. Methi; G. Methi dana ; H. Methi; Kan. Menthe; Kash. Meeth; Kh. Symbai methi; Mal. Uluva; M. Methi; Mar. Methi; N. Methi; O. Methi; P. Methi; S. Methe; Tam. Venthayam; Tel. Menthulu; U. Methi.,Condiments and Spices,vegetarian eggetarian fishetarian veg,6,983,7.82,25.41,5.72,10.57,47.55,0.55,0.77,0,0.135,0.00847,0.0402,0.891,0.167,0.0038,0
G027,Mace,Myristica fragrans,B. Jayitri; E. Nutmeg; G. Javantri; H. Avithri; Kan. Jalwatur; Kash. Jalwatur; Mal. Jathipatri; Mar. Jaypatri; O. Jayitri; P. Jaipatri; Tam. Jathipatri; Tel. Japathri; U. Javantri.,Condiments and Spices,vegetarian eggetarian fishetarian veg,6,1488,20.06,6.24,24.41,26.51,20.31,0.85,9.304,0,0.174,0.02269,0.02717,0.623,0.207,0.00116,0
G028,Nutmeg,Myristica fragrans,"A. Jaiphal; B. Jayphal; E. Fragrant nutmeg, True nutmeg; G. Jayaphad; H. Jaiphal; Kan. Jayikayi mara; Kash. Zaaphal; Mal. Jathikai; Mar. Jayaphala; N. Jaiphal; O. Jaiphal; P. Jaiphal; S. Jatiphala; Tam. Jathikai; Tel. Jajikaya; U. Jaifal.",Condiments and Spices,vegetarian eggetarian fishetarian veg,6,1940,15.55,6.3,36.52,27.64,11.99,1.08,3.359,0,0.148,0.00233,0.01431,0.474,0.212,0.00145,0
G029,Omum,Trachyspermum ammi,"A. Ajwain; B. Joan; E. Ajwain, Ajowan, Ajowan caraway, Ajman, Bishop`s weed, Carom; G. Ajmo; H. Ajwan; Kan. Oma; Kash. Jawind; Kh. Paspron; Mal. Ayamothakam; Mar. Onva; O. Juani; P. Ajwain; S. Ajamoda; Tam. Omum; Tel. Vamu; U. Ajwain.",Condiments and Spices,vegetarian eggetarian fishetarian veg,6,1495,9.71,15.89,21.11,24.53,20.58,2.76,1.112,0,1.034,0.01365,0.02858,1.692,0.273,0.00567,0
G030,Pippali,Piper longum,"B. Pipul; E. Long pepper, Indian long pepper; G. Khus khus; H. Pipli; Kan. Kandan Lippili; Kh. Sohmarit khlaw; Mal. Tippali; Mar. Pimpli; O. Sarupippali; P.  Javantri; S. Pippali; Tam. Tippili; Tel. Pippallu; U. Pipul.",Condiments and Spices,vegetarian eggetarian fishetarian veg,6,906,10.95,10.53,2.27,35.7,34.14,2.75,0.602,0,0.414,0.00799,0.01628,1.852,0.189,0.00152,0
G031,"Pepper, black",Piper nigrum,"A. Kola jaluk; B. Golmarichi; E. Peppercorn; G. Mari; H. Kalimirchi; Kan. Kari menasu; Kash. Marutus; Kh. Soh marit; Mal. Kurumlaku; Mar. Mire; N. Marich; O. Golomarcho; P. Kalimirchi; S. Marich ushna, hapusha; Tam. Milagu; Tel. Mirayalu; U. Kaali Mirch.",Condiments and Spices,vegetarian eggetarian fishetarian veg,6,910,13.18,10.12,2.74,36.22,33.16,0.32,0.654,0,0.405,0.01191,0.02408,1.487,0.196,0.00124,0
G032,Poppy seeds,Papaver somniferum,A. Afoo guti; B. Posta; G. Aphina; H. Postdana; Kan. Afim; Kash. Khaskhash; Mal. Afiam; Mar. Khaskhas; N. Khus Khus; O. Postak; P. Khas Khas; S. Khasa; Tam. Khasakhasa; Tel. Gasagasalu; U. Khash Khash.,Condiments and Spices,vegetarian eggetarian fishetarian veg,6,1768,4.22,20.31,30.38,12.37,26.68,1.85,2.074,0,1.372,0.01013,0.02535,0.646,0.393,0.00638,0
G033,Turmeric powder,Curcuma domestica,A. Halodhi; B. Holud; G. Haddar; H. Haldi; Kan. Anashina; Kash. Lader; Kh. Shynrai; Mal. Manjal; M. Yaingang; Mar. Halad; N. Besar; O. Haladi; P. Haldi; S. Haladi; Tam. Manjal; Tel. Pasupu; U. Haldi.,Condiments and Spices,vegetarian eggetarian fishetarian veg,6,1174,10.58,7.66,5.03,49.22,21.38,1.23,1.634,0,0.122,0.04608,0.02441,2.374,0.26,0.00264,0
H001,Almond,Prunus amygdalus,A. China badam; B. Badam; G. Badam; H. Badam; Kan. Badam; Kash. Badam; Kh. Almon; Mal. Vatam kottai; M. Badam; Mar. Badam; N. Kagji Badam; O. Badam; P. Badam; Tam. Badam paruppu; Tel. Badam Pappu; U. Badam.,Nuts and Oil Seeds,vegetarian eggetarian fishetarian veg,6,2549,4.37,18.41,58.49,3.04,13.06,2.23,4.358,0,0.228,0.00459,0.0015,0.699,0.318,0.0035,0.00074
H002,"Arecanut, dried, brown",Areca catechu,"A.Sufari; B. Supari; E. Areca nut, Betel nut; G. Sopari; H. Supari; Kan. Adike; Kash. Supari; Kh. Kwai tyrkhong; Mal. Adakka; M. Kwa Maru; Mar. Supari; N. Supari; O. Gua; P. Supari; S. Puuga; Tam. Kottai paakku; Tel. Vakka; U. Supari.",Nuts and Oil Seeds,vegetarian eggetarian fishetarian veg,6,1467,6.63,5.78,4.35,70.42,11.44,1.76,2.605,0,0.061,0.00274,0.01206,0.524,0.07639,0.00089,0
H003,"Arecanut, dried, red color",Areca catechu,"A. Sufari; B. Supari; E. Areca nut, Betel nut; G. Sopari; H. Supari; Kan. Adike; Kash. Supaari; Kh. Kwai supari; Mal. Adakka; M. Kwa Maru; Mar. Supari; N. Supari; O. Gua; P. Supari; S. Puuga; Tam. Paakku; Tel. Vakka; U. Supari.",Nuts and Oil Seeds,vegetarian eggetarian fishetarian veg,3,1477,6.3,6.46,4.46,70.27,11.11,1.79,1.674,0,0.051,0.00326,0.01713,0.617,0.09101,0.00102,0
H004,"Arecanut, fresh",Areca catechu,"A. Kesa tamul; B. Supari; E. Areca nut, Betel nut; G. Sopari; H. Supari; Kan. Adike; Kash. Supaari; Kh. Kwai im; Mal. Adakka; M. Kwa Maru; Mar. Supari; N. Supari; O. Gua; P. Supari; S. Puuga; Tam. Paakku; Tel. Vakka; U. Supari.",Nuts and Oil Seeds,vegetarian eggetarian fishetarian veg,2,1024,37.7,2.73,5.51,45,7.63,4.72,3.389,0,0.03403,0.00104,0.00553,0.329,0.0476,0.00056,0
H005,Cashew nut,Anacardium occidentale,A. Kaju badam; B. Hijli Badam; G. Kaju; H. Kaju; Kan. Geru beeja; Kash. Kaju; Kh. Soh kashu; Mal. Kasu andi; M. Kaju; Mar. Kaju; N. Kaju; O. Lanka ambu; P. Kaju; Tam. Mundiri paruppu; Tel. Jeedi pappu; U. Kaju.,Nuts and Oil Seeds,vegetarian eggetarian fishetarian veg,6,2438,4.44,18.78,45.2,25.46,3.86,3.11,7.816,0,0.034,0.00595,0.009,0.635,0.307,0.00534,0
H006,"Coconut, kernal, dry",Cocos nucifera,A. Dab narikol; B. Narkel; G. Kopra ni kachli; H. Nariyal; Kan. Thengini kai; Kash. Narjil; Kh. Snep kor trykhong; Mal. Thenga; M. Yubi Akangba; Mar. Narel; O. Nadia; P. Gola; Tam. Kopparai; Tel. Endu Kobbari; U. Khopra.,Nuts and Oil Seeds,vegetarian eggetarian fishetarian veg,6,2611,3.97,7.27,63.26,8.01,15.88,6.93,43.138,0,0.032,0.00313,0.01668,0.739,0.09721,0.00141,0
H007,"Coconut, kernel, fresh",Cocos nucifera,A. Narikol; B. Narkel; G. Nariyad; H. Nariyal; Kan. Thengina kayi; Kash. Narjeel; Kh. Snep kor im; Mal. Karikku; M. Yubi; Mar. Narel; N. Naribel; O. Paida; P. Nariyal; S. Naarikela; Tam. Thenkai; Tel. Kobbari; U. Nariyel.,Nuts and Oil Seeds,vegetarian eggetarian fishetarian veg,6,1711,36.14,3.84,41.38,6.3,10.42,6.2,28.048,0,0.008,0.0013,0.00812,0.246,0.035,0.00058,0.0008
H008,"Garden cress, seeds",Lepidium sativum,A. Soru manimunni ; B. Halim; G. Asadiyo; H. Halim; Kan. Allibija; Mal. Alivirai; Mar. Ahiva; P. Halim; Tam. Alivirai; Tel. Adityala.,Nuts and Oil Seeds,vegetarian eggetarian fishetarian veg,5,1863,4.6,23.36,23.74,33.66,8.27,0.91,4.101,0,0.318,0.0172,0.02184,0.952,0.307,0.00483,0
H009,"Gingelly seeds, black",Sesamum indicum,A. Kola til; B. Til; E. Sesame seeds; G. Kada tal; H. Til; Kan. Acchellu; Kash. Til; Kh. Nei iong; Mal. Ellu; M. Thoiding Amuba; Mar. Til; N. Teel; O. Rasi; P. Til; S. Til; Tam. Ellu; Tel. Nuvvulu; U. Til .,Nuts and Oil Seeds,vegetarian eggetarian fishetarian veg,6,2124,4.51,19.17,43.1,10.29,17.16,0.99,6.317,0,1.664,0.0139,0.01591,0.48,0.39,0.00859,0
H010,"Gingelly seeds, brown",Sesamum indicum,A. Matia rangar til; B. Til; E. Sesame seeds; G. Tal; H. Til; Kan. Acchellu; Kash. Til; Kh. Nei; Mal. Ellu; M. Thoiding; Mar. Til; N. Teel; O. Rasi; P. Til; S. Til; Tam. Ellu; Tel. Nuvvulu; U. Til.,Nuts and Oil Seeds,vegetarian eggetarian fishetarian veg,4,2161,3.62,21.61,43.22,9.76,17.21,1.39,6.25,0,1.174,0.01495,0.01194,0.491,0.328,0.00784,0
H011,"Gingelly seeds, white",Sesamum indicum,A. Boga til; B. Til; E. Sesame seeds; G. Safed tal; H. Til; Kan. Acchellu; Kash. Til; Kh. Nei; Mal. Ellu; M. Thoiding Angouba; Mar. Til; N. Teel; O. Rasi; P. Til; S. Til; Tam. Ellu; Tel. Nuvvulu; U. Til.,Nuts and Oil Seeds,vegetarian eggetarian fishetarian veg,5,2174,3.3,21.7,43.05,10.83,16.99,0.67,6.43,0,1.283,0.01504,0.01543,0.46,0.372,0.00777,0
H012,Ground nut,Arachis hypogea,"A. Badam; B. China badam; E. Peanut, Groundnut, Goober; G. Singdana; H. Moog phali; Kan. Kadale kayi; Kash. Moong phalli; Kh. Badam; Mal. Nilakkadalai; M. Leibak Hawai; Mar. Bhui mug; O. China badam; P. Moog phali; Tam. Verkadalai; Tel. Verusenaga; U. Moog phali.",Nuts and Oil Seeds,vegetarian eggetarian fishetarian veg,6,2176,6.97,23.65,39.63,17.27,10.38,4.42,8.144,0,0.054,0.00344,0.01221,0.679,0.197,0.00318,0
H013,Mustard seeds,Brassica juncea,A. Soriyah; B. Sorse; G. Rai; H. Rai; Kan. Sasuve; Kash. Assur; Kh. Symbai syrso; Mal. Kadugu; M. Hangham Maru; Mar. Mohori; N. Rayo; O. Sorisa; P. Rai; S. Sarssapa; Tam. Kadugu; Tel. Avalu; U. Rai.,Nuts and Oil Seeds,vegetarian eggetarian fishetarian veg,6,2132,5.67,19.51,40.19,16.8,14.1,5.07,2.112,0,0.402,0.01349,0.00397,0.694,0.266,0.00403,0
H014,Linseeds,Linum usitatissimum,"B. Tishi; E. Flax seeds, Common flax; G. Adsi; H. Alsi; Kan. Agasi; Kash. Ailsh; Mal. Cheruchana vithu; Mar. Jawas; O. Pesi; P. Alsi; S. Atasii; Tam. Ali vidai; Tel. Avise ginzalu; U. Alsi.",Nuts and Oil Seeds,vegetarian eggetarian fishetarian veg,6,1857,5.48,18.55,35.67,10.99,26.17,0.6,2.968,0,0.257,0.00544,0.03293,0.655,0.349,0.00486,0
H015,"Niger seeds, black",Guizotia abyssinica,A. Sorguja; B. Ram til; G. Kada tal; H. Kala til; Kan. Gurellu; Kash. Bazar-Bhang; Mal. Karim jeerakam; Mar. Karale; Tam. Kattelu; Tel. Valasulu.,Nuts and Oil Seeds,vegetarian eggetarian fishetarian veg,4,2144,4.65,18.92,38.61,22.98,10.93,1.75,5.945,0,0.572,0.01819,0.0107,0.716,0.346,0.00498,0
H016,"Niger seeds, gray",Guizotia abyssinica,A. Sorguja; B. Ram til; G. Tal; H. Kala til; Kan. Gurellu; Kash. Bazar-Bhang; Mal. Karim jeerakam; Mar. Karale; Tam. Kattelu; Tel. Valasulu.,Nuts and Oil Seeds,vegetarian eggetarian fishetarian veg,5,2128,5.66,18.34,39.53,20.59,10.96,0.41,9.737,0,0.375,0.01961,0.00808,0.874,0.379,0.00362,0
H017,Pine seed,Pinus gerardiana,E. Pine nut; G. Chilgoza; H. Chilgoza; Kash. Chilgoza; Kh. Symbai soh kseh; Mar. Jhurane biya; P. Rhi.,Nuts and Oil Seeds,vegetarian eggetarian fishetarian veg,5,2486,5.32,12.55,48.79,26.77,3.79,4.67,3.801,0,0.017,0.0045,0.00131,0.686,0.268,0.00418,0
H018,Pistachio nuts,Pistacla vera,A. Pista; B. Pesta; G. Pista; H. Pista; Kan. Pista; Kash. Pista; Kh. Pista; Mal. Pista; Mar. Pista; N. Pista; O. Pista; P. Pista; Tam. Pista; Tel. Pista; U. Pista.,Nuts and Oil Seeds,vegetarian eggetarian fishetarian veg,6,2257,4.68,23.35,42.49,15.82,10.64,7.9,4.043,0,0.135,0.0045,0.00693,1.053,0.149,0.00242,0
H019,Safflower seeds,Carthamus tinctorius,B. Kusum; G. Kusumbo; H. Kardi; Kan. Kusambe; Kh. Symbai tiew sngi; Mal. Karadi; Mar. Karadi; Tam. Sendurkan vidhai; Tel. Kusuma ginzalu.,Nuts and Oil Seeds,vegetarian eggetarian fishetarian veg,5,1981,5.24,17.66,30.87,30.18,13.49,2.67,2.548,0,0.211,0.00406,0.00305,0.55,0.321,0.0039,0
H020,Sunflower seeds,Helianthus annuus,A. Beli phular guti; B. Suraj mukhi; G. Suraj mukhi na bee; H. Surya mukhi; Kan. Sryakanti bijagalu; Kh. Symbai tiew sngi; Mal. Suryakanthi; M. Numitlei Maru; Mar. Surya mukhi; O. Surjya Mukhi Manji; P. Suraj mukhi; Tam. Suryakanthi vidhai; Tel. Podduthirugidi puvvu ginzalu.,Nuts and Oil Seeds,vegetarian eggetarian fishetarian veg,5,2453,3.53,23.53,51.85,6.85,10.8,2.81,6.159,0,0.176,0.00585,0.0019,0.559,0.413,0.00707,0
H021,Walnut,Juglans regia,A. Akhrot; B. Akhrot; G. Akhrot; H. Akhrot; Kan. Akrodu; Kash. Dhoon; Kh. Walnut; Mal. Akrottandi; M. Heijukha; Mar. Akhrod; N. Okhar; O. Akhoot; P. Akhrot; Tam. Akhrot; Tel. Akrot kaya; U. Akhrut.,Nuts and Oil Seeds,vegetarian eggetarian fishetarian veg,6,2809,3.56,14.92,64.27,10.14,5.39,3.22,5.208,0,0.105,0.00321,0.00133,0.457,0.18,0.00294,0.00088
I001,"Jaggery, cane",Saccharum officinarum,A. Gur; B. Gurh; G. God; H. Gud; Kan. Bella; Kash. Gor; Kh. Mithai Gur; Kon. Godd; Mal. Vellam; M. Chini Anganba; Mar. Gul; O. Guda; P. Gud; Tam. Mandavellam; Tel. Bellam; U. Gud.,Sugars,vegetarian eggetarian fishetarian veg,6,1480,11.2,1.85,0.16,84.87,0,84.32,0.06923,0,0.107,0.00463,0.02538,0.488,0.115,0.00045,0
I002,"Sugarcane, juice",Saccharum officinarum,A. Kunhiyar; B. Akher rosh; G. Sherdino ras; H. Ganne-ka-ras; Kan. Kabbina halu; Kash. Ganne rus; Kh. Soh Pai; Mal. Karumbin neeru; M. Chuhing; Mar. Usacha rasa; O. Aakhu Dorua; P. Ganne-da-ras; Tam. Karumbu charu; Tel. Cheruku rasam; U. Ganne-ke-ras.,Sugars,vegetarian eggetarian fishetarian veg,6,242,85.54,0.16,0.4,13.11,0.56,12.85,0.14,0,0.018,0.00112,0.00116,0.15,0.01303,0.00014,0.00673
J001,"Button mushroom, fresh",Agaricus sp.,"A. Mushroom; B. Banger chata; E. Common mushroom, Portobello mushroom; G. Biladi no top; Kan. Aanabay/Aanabe; Kash. Hadder; Kh. Tit budam; Mal. Kun koon; M. Chenghum; Mar. Bhoochhtra; O. Chatu; P. Khoomba; Tam. Kaalaan; Tel. Putta Godugu.",Mushrooms,vegetarian eggetarian fishetarian veg,1,115,90.09,3.68,0.42,1.98,3.11,0.1,0.06289,0,0.01838,0.00029,0.00772,0.318,0.0183,0.00017,0
J002,"Chicken mushroom, fresh",Lactiporus sp.,A. Mushroom; B. Banger chata; G. Biladi no top; Kan. Aanabay/Aanabe; Kash. Hadder; Kh. Tit tyndong; Mal. Kun koon; M. Chenghum; Mar. Bhoochhtra; O. Chatu; P. Khoomba; Tam. Kaalaan; Tel. Putta Godugu.,Mushrooms,vegetarian eggetarian fishetarian veg,1,89,92.43,1.84,0.25,2.76,1.99,0.1,0.0596,0,0.00483,0.0003,0.01022,0.34,0.01078,0.00055,0.00045
J003,"Shiitake mushroom, fresh",Lentinula sp.,A. Mushroom; B. Banger chata; G. Biladi no top; Kan. Aanabay/Aanabe; Kash. Hadder; Mal. Kun koon; M. Uyen; Mar. Bhoochhtra; O. Chatu; P. Khoomba; Tam. Kaalaan; Tel. Putta Godugu.,Mushrooms,vegetarian eggetarian fishetarian veg,1,243,82.94,3.19,0.76,8.98,3.02,0.2,0.116,0,0.0053,0.00193,0.0093,0.323,0.02447,0.00121,0
J004,"Oyster mushroom, dried",Pleurotus sp.,B. Banger chata; G. Biladino top; Kan. Aanabay/Aanabe; Kash. Hadder; Mal. Kun koon; M. Chenghum; Mar. Bhoochhtra; O. Chatu; P. Khoomba; Tam. Kaalaan; Tel. Putta Godugu.,Mushrooms,vegetarian eggetarian fishetarian veg,1,1019,4.51,19.04,2.86,33.07,39.12,0.68,0.422,0,0.02361,0.00358,0.00867,0.35,0.136,0.00867,0
K001,Toddy,,"A. Tari; B. Tari; E. Palm wine; Kan. Henda; G. Tadi; H. Tarai; Kh. Kiad lieh; Mar., O. Tadi; P. Todhi; Mal., Tam., Tel. Kallu.",Miscellaneous Foods,vegetarian eggetarian fishetarian veg,10,101,93.86,0.18,0.03,5.72,0,5.73,0.03065,0,0.00044,0.00042,0.00164,0.08354,0.00399,0.00001,0.00092
K002,Coconut Water,,A. Dab narikolor pani; B. Daberjal; G. Nariyad nu pani; H. Nariyal ka pani; Kan. Thenga neeru; Kash. Narji pooen; Kh. Um snepkor; Mal. Thenga vellam; M. Yubi Mahi; Mar. Naral pani; O. Paida pani; P. Gola da pani; Tam. Ilaneer; Tel. Kobbari neeru.,Miscellaneous Foods,vegetarian eggetarian fishetarian veg,6,64,95.77,0.26,0.16,3.16,0,3.06,0.09349,0,0.02747,0.00006,0.02809,0.215,0.01819,0.00004,0.00064
L001,"Milk, whole, Buffalo",,A. Mohor gakhir; B. Dudha (Mosher); G. Bhes nu dhudh; H. Bhains ka dhood; Kan. Uemma halu; Kash. Doodh; Kh. Dud muid; Mal. Kerbau paal; M. Eroi Sanghom; Mar. Doodh (Maish); O. Mainsi dudha; P. Maz da doodh; Tam. Erumaipal; Tel. Gedha/Barre palu.,Milk and Milk Products,vegetarian eggetarian fishetarian veg,6,449,80.68,3.68,6.58,8.39,0,5.34,4.63,0,0.121,0.00016,0.0301,0.109,0.01005,0.0003,0.00237
L002,"Milk, whole, Cow",,A. Garoor gakhir; B. Doodh (garu); G. Gai nu dhudh; H. Gai ka doodh; Kan. Hasuvina halu; Kash. Doodh; Kh. Dud masi; M. San Sanghom; Mar. Doodh (gay); O. Gai dudha; P. Gaan da doodh; S. Gow kshiram; Tam. Pasumpaal; Tel. Aavu paalu.,Milk and Milk Products,vegetarian eggetarian fishetarian veg,6,305,86.64,3.26,4.48,4.94,0,4.89,2.707,0,0.118,0.00015,0.02546,0.115,0.00828,0.00033,0.00201
L003,Paneer,,A. Paneer; B. Chena; E. Cottage Cheese; G. Paneer; H. Chhena; Kan. Tali; Kash. Chaman; Kh. Paneer; Mal. Palkatti; M. Channa; O. Chhena; P. Paneer; Tam. Paladai; Tel. Paalavirugudu.,Milk and Milk Products,vegetarian eggetarian fishetarian veg,6,1079,51.96,18.86,14.78,12.41,0,11.57,8.851,0,0.476,0.0009,0.01804,0.06353,0.02662,0.00274,0
L004,Khoa,,"A. Khoa; B., H., Kan., Mal., P., Tel. Khoa; G. Mavo; Kash. Khoya; Kh. Malai khowa; O. Khua; P. Khoya; Tam. Thirattupal.",Milk and Milk Products,vegetarian eggetarian fishetarian veg,6,1322,42.51,16.34,20.62,16.53,0,16.14,12.936,0,0.602,0.00232,0.0481,0.536,0.05853,0.00234,0
M001,"Egg, poultry, whole, raw",,,Egg and Egg Products,eggetarian fishetarian nonveg,6,564,76.51,13.28,9.15,0,0,0,2.958,0.366,0.04944,0.00182,0.123,0.138,0.01201,0.00123,0
M002,"Egg, poultry, white, raw",,,Egg and Egg Products,eggetarian fishetarian nonveg,6,187,86.68,10.84,0.06,0,0,0,0,0,0.00564,0.00007,0.166,0.152,0.01142,0.00003,0
M003,"Egg, poultry, yolk, raw",,,Egg and Egg Products,eggetarian fishetarian nonveg,6,1242,53.57,15.74,26.34,0,0,0,8.58,1.076,0.116,0.00317,0.04633,0.118,0.01317,0.00164,0
M004,"Egg, poultry, whole, boiled",,,Egg and Egg Products,eggetarian fishetarian nonveg,6,618,73.46,13.43,10.54,0,0,0,3.464,0.365,0.05512,0.00187,0.121,0.127,0.01376,0.00131,0
M005,"Egg, poultry, white, boiled",,,Egg and Egg Products,eggetarian fishetarian nonveg,6,220,83.54,12.37,0.26,0,0,0,0,0,0.00807,0.00015,0.144,0.147,0.01162,0.00009,0
M006,"Egg, poultry, yolk, boiled",,,Egg and Egg Products,eggetarian fishetarian nonveg,6,1290,51.42,16.13,27.46,0,0,0,8.819,1.085,0.12,0.00492,0.04483,0.106,0.01552,0.00359,0
M007,"Egg, poultry, omlet",,,Egg and Egg Products,eggetarian fishetarian nonveg,3,710,68.48,16.53,11.6,0,0,0,3.179,0.316,0.05326,0.00216,0.169,0.163,0.01484,0.00131,0
M008,"Egg, country hen, whole, raw",,,Egg and Egg Products,eggetarian fishetarian nonveg,1,704,72.96,13.14,13,0,0,0,3.792,0.355,0.05014,0.00164,0.157,0.117,0.011,0.00112,0
M009,"Egg, country hen, whole, boiled",,,Egg and Egg Products,eggetarian fishetarian nonveg,1,767,70.43,14.43,14.1,0,0,0,4.074,0.369,0.05779,0.00173,0.149,0.12,0.011,0.00125,0
M010,"Egg, country hen, omlet",,,Egg and Egg Products,eggetarian fishetarian nonveg,1,855,67.8,14.8,16.3,0,0,0,4.886,0.318,0.05588,0.00215,0.157,0.151,0.013,0.00126,0
M011,"Egg, duck, whole, boiled",,,Egg and Egg Products,eggetarian fishetarian nonveg,1,738,71.61,13.8,13.61,0,0,0,3.598,0.856,0.05612,0.00261,0.11,0.221,0.012,0.00158,0
M012,"Egg, duck, whole, raw",,,Egg and Egg Products,eggetarian fishetarian nonveg,1,760,70.53,14.6,13.83,0,0,0,3.373,0.839,0.05246,0.00246,0.113,0.228,0.012,0.00149,0
M013,"Egg, duck, whole, omlet",,,Egg and Egg Products,eggetarian fishetarian nonveg,1,804,68.9,15.1,14.8,0,0,0,3.871,0.815,0.07179,0.00328,0.175,0.154,0.015,0.00189,0
M014,"Egg, quial, whole, raw",,,Egg and Egg Products,eggetarian fishetarian nonveg,1,635,75.11,12.39,11.46,0,0,0,2.788,0.833,0.06067,0.00255,0.132,0.119,0.011,0.00151,0
M015,"Egg, quial, whole, boiled",,,Egg and Egg Products,eggetarian fishetarian nonveg,1,647,74.41,13.03,11.5,0,0,0,2.726,0.855,0.06135,0.00263,0.13,0.115,0.012,0.00155,0
N001,"Chicken, poultry, leg, skinless",,,Poultry,nonveg,4,1605,67.61,19.44,12.64,0,0,0,1.157,0.08425,0.02052,0.00127,0.06507,0.283,0.02382,0.00177,0
N002,"Chicken, poultry, thigh, skinless",,,Poultry,nonveg,6,836,67.58,18.18,14.23,0,0,0,1.071,0.09193,0.01837,0.00111,0.06459,0.263,0.02255,0.00142,0
N003,"Chicken, poultry, breast, skinless",,,Poultry,nonveg,5,704,67.15,21.81,9,0,0,0,0.816,0.06155,0.01291,0.00083,0.0367,0.295,0.0202,0.00078,0
N004,"Chicken, poultry, wing, skinless",,,Poultry,nonveg,5,807,67.48,17.42,13.81,0,0,0,1.241,0.05452,0.02813,0.00138,0.07278,0.185,0.02281,0.00148,0
N005,"Poultry, chicken, liver",,,Poultry,nonveg,1,518,73.2,21.57,4.08,0,0,0,1.328,0.268,0.0041,0.00992,0.06158,0.241,0.016,0.00265,0
N006,"Poultry, chicken, gizzard",,,Poultry,nonveg,1,386,78.05,18.22,2.07,0,0,0,0.772,0.05724,0.00546,0.00319,0.0506,0.244,0.014,0.00265,0
N007,"Country hen, leg, with skin",,,Poultry,nonveg,1,723,70.02,17.01,11.73,0,0,0,0.534,0.08795,0.02256,0.00166,0.05046,0.357,0.025,0.00271,0
N008,"Country hen, thigh, with skin",,,Poultry,nonveg,1,785,67.46,18.29,12.82,0,0,0,0.61,0.09181,0.02012,0.0014,0.05114,0.33,0.024,0.00216,0
N009,"Country hen, breast, with skin",,,Poultry,nonveg,1,753,66.53,22.08,10.2,0,0,0,0.419,0.06603,0.01249,0.00109,0.02313,0.365,0.022,0.00078,0
N010,"Country hen, wing, with skin",,,Poultry,nonveg,1,764,68.01,18.65,12.09,0,0,0,0.688,0.05542,0.03546,0.00145,0.05415,0.249,0.025,0.00164,0
N011,"Duck, meat, with skin",,,Poultry,nonveg,1,547,73.49,19.07,6.03,0,0,0,0.345,0.08176,0.02277,0.00426,0.08225,0.273,0.026,0.00292,0
N012,"Emu, meat, skinless",,,Poultry,nonveg,1,556,71.65,22.65,4.62,0,0,0,0.2,0.07269,0.0074,0.00395,0.04848,0.275,0.025,0.00291,0
N013,"Guinea fowl, meat, with skin",,,Poultry,nonveg,1,469,75.21,20.52,3.24,0,0,0,1.138,0.08748,0.03077,0.0022,0.05764,0.24,0.021,0.00148,0
N014,"Pigeon, meat, with skin",,,Poultry,nonveg,1,528,74.61,17.94,6.03,0,0,0,1.828,0.107,0.01811,0.00381,0.0561,0.346,0.029,0.00248,0
N015,"Quail, meat, skinless",,,Poultry,nonveg,1,576,71.58,20.92,5.95,0,0,0,2.024,0.07787,0.0206,0.0019,0.05621,0.333,0.031,0.00113,0
N016,"Turkey, leg, with skin",,,Poultry,nonveg,1,647,69.24,20.3,8.15,0,0,0,0.98,0.08344,0.02044,0.00201,0.06647,0.308,0.026,0.00335,0
N017,"Turkey, thigh, with skin",,,Poultry,nonveg,1,581,72.17,20.46,6.31,0,0,0,1.015,0.08535,0.02352,0.00158,0.05001,0.28,0.023,0.00295,0
N018,"Turkey, breast, with skin",,,Poultry,nonveg,1,671,68.44,21.96,8.04,0,0,0,0.934,0.08128,0.01435,0.00101,0.04045,0.315,0.022,0.00128,0
N019,"Turkey, wing, with skin",,,Poultry,nonveg,1,771,66.16,21.91,10.77,0,0,0,0.897,0.08001,0.03349,0.001,0.057,0.262,0.024,0.00168,0
O001,"Goat, shoulder, meat",,,Animal Meat,nonveg,6,787,66.39,20.33,11.94,0,0,0,5.444,0.08218,0.00618,0.00148,0.04731,0.332,0.02139,0.00419,0
O002,"Goat, chops",,,Animal Meat,nonveg,6,568,72.46,20.39,5.98,0,0,0,2.877,0.08837,0.00744,0.00187,0.04572,0.334,0.02113,0.00455,0
O003,"Goat, legs",,,Animal Meat,nonveg,6,669,68.85,22.07,7.94,0,0,0,3.665,0.08252,0.00576,0.00177,0.04277,0.339,0.02171,0.00352,0
O004,"Goat, brain",,,Animal Meat,nonveg,5,533,76.74,13.82,8.06,0,0,0,2.138,1.34,0.01061,0.00163,0.132,0.296,0.01394,0.00108,0
O005,"Goat, tongue",,,Animal Meat,nonveg,4,789,68.4,16.63,13.68,0,0,0,5.028,0.206,0.00711,0.00209,0.118,0.223,0.01939,0.00244,0
O006,"Goat, lungs",,,Animal Meat,nonveg,4,401,79.03,16.86,3.09,0,0,0,1.564,0.448,0.01044,0.0071,0.08572,0.18,0.01148,0.0017,0
O007,"Goat, heart",,,Animal Meat,nonveg,5,492,75.15,19.38,4.4,0,0,0,1.939,0.122,0.00571,0.00338,0.07321,0.224,0.018,0.00145,0
O008,"Goat, liver",,,Animal Meat,nonveg,6,526,73.37,20.32,4.88,0,0,0,1.77,0.415,0.00609,0.00656,0.05541,0.284,0.018,0.00348,0
O009,"Goat, tripe",,,Animal Meat,nonveg,5,386,80.94,15.36,3.36,0,0,0,1.682,0.113,0.02087,0.00081,0.02238,0.045,0.013,0.00166,0
O010,"Goat, spleen",,,Animal Meat,nonveg,4,401,77.93,18.45,2.37,0,0,0,1.2,0.243,0.00835,0.05141,0.0524,0.368,0.0153,0.00195,0
O011,"Goat, kidneys",,,Animal Meat,nonveg,4,374,80.26,15.6,2.93,0,0,0,1.143,0.419,0.01237,0.00673,0.184,0.195,0.0186,0.00173,0
O012,"Goat, tube (small intestine)",,,Animal Meat,nonveg,3,525,78.12,12.92,8.26,0,0,0,4.445,0.176,0.02752,0.00221,0.00746,0.13,0.00714,0.00112,0
O013,"Goat, testis",,,Animal Meat,nonveg,2,298,84.29,12.32,2.39,0,0,0,1.215,0.118,0.00595,0.00143,0.09261,0.253,0.01366,0.00119,0
O014,"Sheep, shoulder",,,Animal Meat,nonveg,5,840,66.51,18.24,14.31,0,0,0,6.916,0.07472,0.00546,0.00163,0.04565,0.336,0.02131,0.00369,0
O015,"Sheep, chops",,,Animal Meat,nonveg,4,496,75.66,18,5.15,0,0,0,2.773,0.08614,0.00798,0.00224,0.04526,0.323,0.02142,0.00346,0
O016,"Sheep, leg",,,Animal Meat,nonveg,5,686,68.26,21.42,8.69,0,0,0,3.745,0.08484,0.00687,0.00154,0.0493,0.333,0.02222,0.00267,0
O017,"Sheep, brain",,,Animal Meat,nonveg,1,492,78.36,13.05,7.29,0,0,0,2.04,1.336,0.01027,0.00193,0.122,0.312,0.01408,0.00111,0
O018,"Sheep, tongue",,,Animal Meat,nonveg,1,783,68.7,16.61,13.53,0,0,0,5.576,0.21,0.00805,0.00246,0.185,0.22,0.02453,0.00246,0
O019,"Sheep, lungs",,,Animal Meat,nonveg,2,363,80.41,16.12,2.41,0,0,0,1.138,0.431,0.00774,0.00858,0.109,0.204,0.01168,0.00158,0
O020,"Sheep, heart",,,Animal Meat,nonveg,1,445,77.06,18.19,3.66,0,0,0,1.677,0.112,0.00679,0.00307,0.07262,0.225,0.01519,0.00131,0
O021,"Sheep, liver",,,Animal Meat,nonveg,4,559,69.71,22.26,4.87,0,0,0,1.822,0.43,0.00592,0.00615,0.05582,0.28,0.01791,0.00373,0
O022,"Sheep, tripe",,,Animal Meat,nonveg,2,435,78.81,16.76,4.05,0,0,0,1.962,0.113,0.01485,0.0009,0.01837,0.04875,0.01781,0.00189,0
O023,"Sheep, spleen",,,Animal Meat,nonveg,1,384,79.66,16.02,3.02,0,0,0,1.533,0.262,0.01149,0.05311,0.05058,0.327,0.01723,0.00171,0
O024,"Sheep, kidneys",,,Animal Meat,nonveg,2,384,79.77,16.22,2.92,0,0,0,1.127,0.299,0.01415,0.00611,0.163,0.198,0.01746,0.00192,0
O025,"Beef, shoulder",,,Animal Meat,nonveg,6,889,63.84,20.56,14.59,0,0,0,7.046,0.06636,0.0065,0.00222,0.04559,0.367,0.02224,0.00464,0
O026,"Beef, chops",,,Animal Meat,nonveg,4,585,72.4,19.82,6.71,0,0,0,3.031,0.04597,0.00464,0.00195,0.03247,0.383,0.02472,0.00377,0
O027,"Beef, round (leg)",,,Animal Meat,nonveg,6,658,68.04,22.64,7.38,0,0,0,2.998,0.05581,0.00586,0.0023,0.03896,0.366,0.02659,0.00336,0
O028,"Beef, brain",,,Animal Meat,nonveg,4,523,78.71,10.55,9.28,0,0,0,2.49,1.668,0.01138,0.00215,0.127,0.32,0.01584,0.00118,0
O029,"Beef, tongue",,,Animal Meat,nonveg,4,731,70.97,15.63,12.57,0,0,0,6.287,0.141,0.00949,0.00217,0.08988,0.26,0.02282,0.00331,0
O030,"Beef, lungs",,,Animal Meat,nonveg,3,351,80.83,15.66,2.28,0,0,0,1.198,0.334,0.00931,0.00685,0.109,0.216,0.0116,0.00152,0
O031,"Beef, heart",,,Animal Meat,nonveg,5,433,77.77,17.68,3.57,0,0,0,1.479,0.09273,0.00616,0.00362,0.07052,0.258,0.01566,0.0015,0
O032,"Beef, liver",,,Animal Meat,nonveg,6,499,74.15,20.73,3.96,0,0,0,1.543,0.261,0.00546,0.01482,0.05014,0.289,0.01857,0.00436,0
O033,"Beef, tripe",,,Animal Meat,nonveg,5,316,83.74,13.1,2.51,0,0,0,1.371,0.08266,0.0153,0.00084,0.041,0.143,0.00933,0.00202,0
O034,"Beef, spleen",,,Animal Meat,nonveg,6,378,79.03,17.42,2.22,0,0,0,1.16,0.353,0.0094,0.03168,0.05894,0.348,0.0158,0.00201,0
O035,"Beef, kidneys",,,Animal Meat,nonveg,3,439,77.59,17.09,4.01,0,0,0,1.743,0.439,0.01531,0.00471,0.16,0.184,0.0147,0.0014,0
O036,"Calf, shoulder",,,Animal Meat,nonveg,2,633,70.49,20.98,7.47,0,0,0,3.51,0.05827,0.00839,0.00131,0.077,0.369,0.02271,0.00331,0
O037,"Calf, chops",,,Animal Meat,nonveg,2,524,72.66,22.47,3.85,0,0,0,1.966,0.06205,0.00927,0.0012,0.06494,0.366,0.02077,0.00329,0
O038,"Calf, round (leg)",,,Animal Meat,nonveg,2,615,71.13,21.1,6.92,0,0,0,2.263,0.0501,0.01003,0.0024,0.06704,0.356,0.02228,0.00264,0
O039,"Calf, brain",,,Animal Meat,nonveg,2,448,81.19,9.84,7.6,0,0,0,2.202,1.345,0.01053,0.00144,0.115,0.306,0.01429,0.00111,0
O040,"Calf, tongue",,,Animal Meat,nonveg,2,737,69.44,17.78,11.76,0,0,0,5.63,0.107,0.00908,0.00263,0.09164,0.238,0.01538,0.00267,0
O041,"Calf, heart",,,Animal Meat,nonveg,1,459,73.44,18.84,3.75,0,0,0,1.489,0.13,0.00648,0.00466,0.058,0.224,0.01821,0.00163,0
O042,"Calf, liver",,,Animal Meat,nonveg,1,503,73.66,21.02,3.95,0,0,0,1.616,0.306,0.00519,0.01626,0.05499,0.307,0.01916,0.0038,0
O043,"Calf, spleen",,,Animal Meat,nonveg,1,379,78.65,17.71,2.12,0,0,0,1.03,0.36,0.01056,0.02542,0.06787,0.372,0.01895,0.00202,0
O044,"Calf, kidneys",,,Animal Meat,nonveg,2,387,80.23,15.16,3.5,0,0,0,1.464,0.271,0.01263,0.00492,0.174,0.206,0.01735,0.00158,0
O045,"Mithun, shoulder",,,Animal Meat,nonveg,1,736,68.86,19.05,11.14,0,0,0,4.436,0.04507,0.00427,0.00205,0.03294,0.307,0.01886,0.00611,0
O046,"Mithun, chops",,,Animal Meat,nonveg,1,536,73.81,18.19,6.12,0,0,0,2.736,0.04699,0.00488,0.00225,0.04217,0.222,0.0182,0.00608,0
O047,"Mithun, round (leg)",,,Animal Meat,nonveg,1,485,72.25,19.61,4.1,0,0,0,1.442,0.04401,0.00532,0.00218,0.02842,0.338,0.02223,0.00347,0
O048,"Pork, shoulder",,,Animal Meat,nonveg,6,993,62.92,17.41,18.83,0,0,0,6.887,0.04438,0.00995,0.00091,0.05447,0.234,0.01501,0.00208,0
O049,"Pork, chops",,,Animal Meat,nonveg,6,748,68.4,19.41,11.3,0,0,0,4.803,0.04698,0.00812,0.001,0.0437,0.243,0.01162,0.00134,0
O050,"Pork, ham",,,Animal Meat,nonveg,6,1006,61.94,18.83,18.55,0,0,0,6.938,0.04708,0.0074,0.00127,0.04044,0.239,0.01705,0.00176,0
O051,"Pork, lungs",,,Animal Meat,nonveg,4,358,81.12,15.13,2.74,0,0,0,1.247,0.232,0.0103,0.00676,0.06141,0.2,0.00982,0.00118,0
O052,"Pork, heart",,,Animal Meat,nonveg,4,457,77.74,16.31,4.87,0,0,0,1.575,0.134,0.00474,0.00397,0.07052,0.268,0.01823,0.0016,0
O053,"Pork, liver",,,Animal Meat,nonveg,5,484,74.88,19.89,3.94,0,0,0,1.325,0.216,0.00552,0.02074,0.06489,0.279,0.01659,0.00419,0
O054,"Pork, stomach",,,Animal Meat,nonveg,1,550,76.51,15.36,7.81,0,0,0,3.327,0.187,0.01175,0.00192,0.109,0.2,0.02332,0.00234,0
O055,"Pork, spleen",,,Animal Meat,nonveg,3,357,80.93,15.13,2.71,0,0,0,1.245,0.201,0.00698,0.02721,0.04914,0.325,0.01608,0.00209,0
O056,"Pork, kidneys",,,Animal Meat,nonveg,5,379,80.92,14.35,3.65,0,0,0,1.169,0.267,0.00671,0.00626,0.138,0.198,0.01556,0.0019,0
O057,"Pork, tube (small intestine)",,,Animal Meat,nonveg,1,587,75.42,14.96,8.98,0,0,0,4.109,0.18,0.01605,0.00283,0.06017,0.14,0.00978,0.00136,0
O058,"Hare, shoulder",,,Animal Meat,nonveg,1,603,71.06,21.13,6.58,0,0,0,2.698,0.07993,0.05751,0.00298,0.05503,0.303,0.028,0.00272,0
O059,"Hare, chops",,,Animal Meat,nonveg,1,445,75.47,20.62,2.55,0,0,0,1.028,0.0777,0.03836,0.00278,0.04861,0.34,0.031,0.00145,0
O060,"Hare, leg",,,Animal Meat,nonveg,1,503,73,20.52,4.16,0,0,0,0.91,0.07881,0.05302,0.00246,0.04248,0.37,0.032,0.00162,0
O061,"Rabbit, shoulder",,,Animal Meat,nonveg,1,635,70.75,20.01,7.96,0,0,0,3.142,0.08256,0.04637,0.00174,0.06138,0.361,0.032,0.00234,0
O062,"Rabbit, chops",,,Animal Meat,nonveg,1,565,71.03,22.61,4.88,0,0,0,1.907,0.07917,0.02548,0.00242,0.04784,0.374,0.033,0.0013,0
O063,"Rabbit, leg",,,Animal Meat,nonveg,1,584,70.33,21.31,5.99,0,0,0,1.575,0.0767,0.02231,0.00121,0.04603,0.389,0.021,0.00123,0
P001,Allathi,Elops machnata,"E. Tenpounder, Ladyfish, Indo pacific Tarpon; Mal. Valli poomeen, Vallipoomeen; Mar. Shonas, Dandeli, Chirya; O. Naum; Tam. Poomeen, Ullahti, Manna, Mooran Kendai; Tel. Jinnagow, Jallagu; [Place of collection: Chennai]",Marine Fish,fishetarian nonveg,1,406,75.91,21.77,0.98,0,0,0,0.346,0.01398,0.01378,0.00062,0.03268,0.286,0.02908,0.0003,0
P002,Aluva,Parastromateus niger,"E. Black pomfret, Brown Pomfret, Pomfret; G. Halwa, Adadio; Kan. Thondrotte; Kon. Halwa; Mal. Karuvolli, Karauthakoli, Avoli, Vellavoli; Mar. Halwa; Tam. Vellaivaval, Vavval, Karuvaval; Tel. Nallachanduva, Chanduva, Thellachanduva; [Place of collection: Vizag, Goa and Mumbai]",Marine Fish,fishetarian nonveg,3,434,75.71,21.63,1.8,0,0,0,0.755,0.02197,0.01132,0.00042,0.04486,0.47,0.03438,0.00038,0
P003,Anchovy,Stolephorus indicus,"E. Indian anchovy, Hardenberg`s anchovy; Mal. Conetholi; Mar. Dindus; Tam. Tamil Nethilli; Tel. Nattoo; [Place of collection: Chennai and Kochi]",Marine Fish,fishetarian nonveg,2,367,77.77,19.88,0.78,0,0,0,0.248,0.02956,0.0366,0.00054,0.212,0.27,0.053,0.00065,0
P004,Ari fish,Aprion virescens,E. Green jobfish; [Place of collection: Kochi],Marine Fish,fishetarian nonveg,1,415,77.09,22.01,1.11,0,0,0,0.408,0.01599,0.00436,0.00047,0.03735,0.447,0.03027,0.00031,0
P005,Betki,Lates calcarifer,"E. Barramundi, Asian sea bass, Cockup, Cock up, Giant Sea Perch, Giant Seaperch; B. Bhekti; G. Bekti, Gariyu; Kan. Keliji, Koliji; Mal. Narimeen, Nuddee meen, Nair meen, Nari meen; Mar. Khajura, Jiteda, Khajuri, Fitadar; O. Durruah, Bekkut; Tam. Painnee meen, Koduva, Keduwa; Tel. Pandu kopah, Dadhara, Pandu menu; [Place of collection: Kolkata]",Marine Fish,fishetarian nonveg,1,284,82.52,15.28,0.29,0,0,0,0.0864,0.01899,0.00884,0.00031,0.06368,0.355,0.02416,0.00036,0
P006,Black snapper,Macolor niger,[Place of collection: Kolkata],Marine Fish,fishetarian nonveg,1,377,78.09,19.5,1.24,0,0,0,0.47,0.03045,0.00991,0.00056,0.04123,0.341,0.02672,0.0004,0
P007,Bombay duck,Harpadon nehereus,"E. Bummalo; B. Nehare, Lutia, Bamaloh; G. Bumla, Gulchi; Mar. Bunmalo, Bombil; O. Bombil; Tam. Vangaravasi; Tel. Cucah sawahri, Coco mottah; Common. Lizardfish; [Place of collection: Mumbai and Kolkata]",Marine Fish,fishetarian nonveg,2,287,83.24,13.53,1.03,0,0,0,0.398,0.04643,0.159,0.00081,0.223,0.188,0.02427,0.00042,0
P008,Bommuralu,Muraenesox cinerius,"E. Daggertooth pike conger, Dagger tooth pike conger; Common. Eel; [Place of collection: Chennai, Goa and Vizag]",Marine Fish,fishetarian nonveg,3,485,76.42,22.3,2.87,0,0,0,1.238,0.04468,0.04733,0.00043,0.06187,0.349,0.02713,0.00067,0
P009,Cat fish,Tachysurus thalassinus,[Place of collection: Chennai],Marine Fish,fishetarian nonveg,1,456,76.22,22.18,2.13,0,0,0,0.792,0.01836,0.00554,0.00072,0.03582,0.429,0.02569,0.00058,0
P010,Chakla,Rachycentron canadum,"E. Cobia, Black kingfish, Black King Fish, Butterfish, Black salmon, Ling, Lemonfish, Crabeater, Prodigal son, Black bonito; G. Modasa; Mal. Neimeen; Mar. Muddus, Sakala, Sakla, Madusa; Tam. Cuddul verarl, Kadal viral; Tel. Peddah mottah; Common. Perciform marine fish; [Place of collection: Mumbai, Vizag, Goa, Mandapam and Chennai]",Marine Fish,fishetarian nonveg,5,406,78.36,20.21,1.68,0,0,0,0.654,0.03039,0.00655,0.00041,0.05141,0.343,0.02471,0.00057,0
P011,Chappal,Aluterus monoceros,E. Unicorn leatherjacket; Common. Filefish; [Place of collection: Goa],Marine Fish,fishetarian nonveg,1,317,80.61,17.17,0.67,0,0,0,0.199,0.01084,0.01022,0.00129,0.03812,0.306,0.02585,0.00067,0
P012,Chelu,Elagatis bipinnulata,"E. Rainbow runner, Rainbow yellowtail, Spanish jack, Hawaiian salmon; Mal. Poomeen, Chameen; Tam. Kulkul; Common. Pelagic marine fish; [Place of collection: Vizag and Chennai]",Marine Fish,fishetarian nonveg,2,366,76.36,20.02,0.7,0,0,0,0.229,0.02264,0.00817,0.00067,0.0376,0.406,0.03168,0.00041,0
P013,Chembali,Lutjanus quinquelineatus,"E. Five lined snapper, Blue striped snapper, Fivelines Seaperch, Gold striped Sea-perch., Five line Snapper, Fivelined Snapper; Common. Snapper; [Place of collection: Kochi]",Marine Fish,fishetarian nonveg,1,406,77.54,20.06,1.77,0,0,0,0.7,0.01086,0.02372,0.00031,0.03898,0.323,0.03055,0.00032,0
P014,Eri meen,Pristipomoides filamentosus,"E. Crimson jobfish, Crimson snapper, Opakapaka, Hawaiian pink snapper; Common. Snapper; [Place of collection: Kochi]",Marine Fish,fishetarian nonveg,1,454,76.54,22.3,2.02,0,0,0,0.739,0.01317,0.01245,0.00046,0.04119,0.402,0.03099,0.00031,0
P015,Gobro,Epinephelus diacanthus,"E. Coral Cod, Six barred Reef Cod, Thornycheek Grouper, Spinycheek Grouper, Grouper, Six barred Reef cod, Seabass, Coral Trout; Kan. Guri; Kon. Gobri; Mal. Kalawa, Varayan Kalawa; Mar. Gobra, Hekaru; Tam. Kalava; Common. Serranid fish; [Place of collection: Mumbai and Goa]",Marine Fish,fishetarian nonveg,2,362,78.84,19.37,0.88,0,0,0,0.289,0.02138,0.02418,0.00036,0.05268,0.316,0.02823,0.00037,0
P016,Guitar fish,Rhinobatus prahli,[Place of collection: Chennai],Marine Fish,fishetarian nonveg,1,400,75.73,22.56,0.44,0,0,0,0.114,0.01048,0.01732,0.00044,0.07081,0.342,0.02745,0.00035,0
P017,Hilsa,Tenualosa ilisha,"E. Ilish, Hilsa, River Shad, Indian Shad, Hilsa Shad; A. Elish, Ilish; B. Ilishmach, Ilish, Hilsa, Ilisha, Hilsha; G. Chaski, Palla, Chaksi, Chakshi; H. Hilsa; Kan. Palasa, Paliya, Polasa, Palia, Mullasu; Mal. Paluva, Valava, Paliyah; Mar. Palva, Chaksi, Pala, Palla; O. Ilisha, Ilish, Jodi; Tam. Karuva ullam, Sevva, Dolum, Ullam, Oolum; Tel. Palasah, Polasa, Palasa, Palia; Common. Herring; [Place of collection: Kochi]",Marine Fish,fishetarian nonveg,2,1083,60.09,21.8,18.49,0,0,0,9.286,0.08242,0.01982,0.00119,0.08088,0.341,0.03062,0.00064,0
P018,Jallal,Arius sp.,E. Arius; Common. Catfish; [Place of collection: Vizag],Marine Fish,fishetarian nonveg,1,420,77.5,21.55,1.46,0,0,0,0.519,0.01926,0.01473,0.00046,0.07433,0.368,0.02912,0.00083,0
P019,Jathi vela meen,Lethrinus lentjan,"E. Pig face Bream, Silver Spotted Sea Bream, Bridled Pigface bream; Mal. Pullivelameen, Kadu; Tam. Valamin; Tel. Karua; Common. Emperor fish; [Place of collection: Mumbai and Mandapam]",Marine Fish,fishetarian nonveg,2,453,75.66,22.45,1.92,0,0,0,0.837,0.01998,0.00665,0.00028,0.03053,0.467,0.03112,0.00035,0
P020,Kadal bral,Synodus indicus,E. Indian lizardfish; Common. Lizardfish; [Place of collection: Kochi],Marine Fish,fishetarian nonveg,1,368,79.66,18.72,1.34,0,0,0,0.478,0.02609,0.07392,0.00031,0.05366,0.366,0.02955,0.00038,0
P021,Kadali,Nemipterus mesoprion,E. Redfilament Threadfin bream; [Place of collection: Chennai],Marine Fish,fishetarian nonveg,1,530,73.74,22.07,4.2,0,0,0,1.611,0.01988,0.00862,0.00038,0.03606,0.39,0.02623,0.00035,0
P022,Kalamaara,Leptomelanosoma indicum,"E. Indian threadfin, Monk Fish, Thread Fin, Row Ball, Bastard Mullets, Bamin, Threadfin, Indian Salmon, Giant Threadfin, Indian Threadfin; G. Dara, Darha, Dadha; Kan. Vahmeenu, Ramas; Mal. Thamuthi, Yeta, Wahmeen, Baameen, Norakudiyan, Bahmin; Mar. Dara, Darha, Chelna; Tam. Thiravalai, Vellaikala, Seenakalai, Tahlunkala, Panigala, Valanakala, Kala, Battihiravalai, Kondiangalai, Kattikalai; Tel. Podikimaga, Budathamaga, Boddumaga, Thellamaga, Sahala, Maga-booshee; Common. Coastal fish; [Place of collection: Goa and Vizag]",Marine Fish,fishetarian nonveg,2,523,75.5,20.89,4.54,0,0,0,2.107,0.02879,0.00754,0.0005,0.02933,0.42,0.03429,0.00038,0
P023,Kalava,Epinephelus coioides,"E. Orange spotted grouper, Estuary cod; [Place of collection: Mandapam]",Marine Fish,fishetarian nonveg,1,374,80.02,19.38,1.2,0,0,0,0.455,0.02059,0.01066,0.00026,0.04014,0.279,0.02287,0.00082,0
P024,Kanamayya,Lutjanus rivulatus,"E. Blubberlip snapper, Maori Snapper, Multi coloured Snapper; Mal. Kathupiriyan; Tam. Cuttu pirium; Common. Snapper; [Place of collection: Chennai and Vizag]",Marine Fish,fishetarian nonveg,2,367,77.59,20.19,0.65,0,0,0,0.209,0.02207,0.00772,0.00036,0.05053,0.346,0.02707,0.00031,0
P025,Kannadi paarai,Alectis indicus,"E. Diamond trevally, Indian threadfish, Indian threadfin, Mirror fish, Plumed trevally; Common. Coastal marine fish; [Place of collection: Mumbai, Chennai and Mandapam]",Marine Fish,fishetarian nonveg,3,423,76.25,22.09,1.27,0,0,0,0.479,0.01856,0.00904,0.00031,0.05957,0.432,0.03236,0.0004,0
P026,Karimeen,Etroplus suratensis,"E. Green chromide, Pearlspot cichlid, Banded pearlspot, Striped chromide, Pearl Spot, Banded Etroplus; Kan. Elimeenu; Kash. Pitul; Kon. Kalunder; Mal. Karimeen, Erumeen, Irimeen; O. Cundahle; Tam. Seththa Kendai, Karassar, Sethakendai, Sethakandai, Palincha, Panishettai, Udupatti; Tel. Cashi mara, Cashimara, Duvvenachepa; Common. Cichlid fish; [Place of collection: Kochi]",Marine Fish,fishetarian nonveg,1,386,78.66,19.68,1.38,0,0,0,0.577,0.01562,0.01173,0.0006,0.02372,0.452,0.02849,0.00046,0
P027,Karnagawala,Anchoa hepsetus,E. Broad striped anchovy; [Place of collection: Vizag],Marine Fish,fishetarian nonveg,1,363,79.22,19.52,0.84,0,0,0,0.255,0.0354,0.06003,0.00044,0.06327,0.228,0.0443,0.00041,0
P028,Kayrai,Thunnus albacores,"E. Yellowfin tuna, Yellow Fin Tuna; G. Gedar, Gedara; Kon. Bokado; Mal. Poovan choora; Mar. Kuppa, Gedar, Bugudi, Pimp; Tam. Soccer; Common. Tuna; [Place of collection: Chennai]",Marine Fish,fishetarian nonveg,2,454,72.69,20.15,3,0,0,0,1.096,0.02985,0.006,0.00098,0.02512,0.321,0.03174,0.00039,0
P029,Kiriyan,Atule mate,"E. Yellowtail scad, Northern yellowtail scad, One finlet scad, Deep trevally, Omaka, Horse Mackerel; Kan. Gondlu; Mal. Para; Tam. Pulli Parai, Para, Warri parah, Vennai Parai, Semaparai, Parai, Thenga Parai, Komaraparai, Kilisai; Tel. Manjal Parai, Pulli Parai, Para; Common. Small inshore marine fish; [Place of collection: Kochi]",Marine Fish,fishetarian nonveg,1,556,72.39,22.49,4.7,0,0,0,2.102,0.01115,0.01942,0.001,0.03588,0.277,0.03198,0.00082,0
P030,Kite fish,Mobula kuhlii,E. Shortfin devil ray; Common. Ray; [Place of collection: Kochi],Marine Fish,fishetarian nonveg,1,413,77.61,23.07,0.56,0,0,0,0.169,0.01501,0.01102,0.00138,0.05903,0.387,0.02846,0.00055,0
P031,Korka,Terapon jarbua,"E. Crescent grunter, Target Fish, Crescent Bass, Crescent Perch, Tiger Bass, Jarbua Terapon, Tiger perch, Squeaking Perch; B. Boorgooni, Jeerpye; G. Garangeta, Naida; Kan. Gore; Mal. Kotha, Marakkeri, Keeri, Kallakeedam; Mar. Naveri Hajam, Naveri; O. Gahnu, Galikooru; Tam. Mattakkeechan, Palin keetchan, Kovakeechan, Palinkeechan, Pootankeeli, Keeli, Keechan, Chavathinnikeeli; Tel. Baikeeli, Kilipothu, Ganam, Samudrakili; Common. Grunter; [Place of collection: Kochi]",Marine Fish,fishetarian nonveg,1,528,72.25,23.72,3.36,0,0,0,1.407,0.107,0.01112,0.00073,0.0433,0.349,0.02855,0.00147,0
P032,Kulam paarai,Carangoides fulvoguttatus,"E. Yellowspotted trevally, Yellowspotted kingfish, Goldspotted trevally, Tarrum; Common. Large inshore marine fish; [Place of collection: Chennai]",Marine Fish,fishetarian nonveg,1,501,73.44,21.62,3.6,0,0,0,1.43,0.0554,0.01517,0.0005,0.04917,0.366,0.03079,0.00052,0
P033,Maagaa,Polynemus plebeius,E. Striped threadfin; Common. Marine fish; [Place of collection: Vizag],Marine Fish,fishetarian nonveg,1,366,79.23,20.11,0.67,0,0,0,0.201,0.00724,0.00842,0.00023,0.05228,0.375,0.03032,0.00035,0
P034,Mackerel,Rastrelliger kanagurta,"E. Indian mackerel, Rake Gillat Mackerel; G. Bangada; Kan. Bangda, Bangadei, Bangada; Kon. Bangada; Mal. Ayila, Ayala, Ayla; Mar. Kaulagedar, Bangada, Kaula Gedar; O. Karan kita; Tam. Kanangeluthi, Kumala, Kumla, Augalai; Tel. Kannangadatha, Kanagurta, Kamangadachalu; Common. Mackerel; [Place of collection: Chennai, Mumbai and Goa]",Marine Fish,fishetarian nonveg,3,423,74.55,21.51,1.53,0,0,0,0.604,0.04648,0.03127,0.00146,0.08301,0.309,0.03746,0.00067,0
P035,Manda clathi,Naso reticulatus,E. Reticulated unicornfish; [Place of collection: Mandapam],Marine Fish,fishetarian nonveg,1,398,76.32,21.27,1,0,0,0,0.337,0.02103,0.01148,0.00043,0.0585,0.431,0.03788,0.00037,0
P036,Matha,Acanthurus mata,"E. Elongate surgeonfish, Blue lined surgeonfish; Mal. Pala; Common. Marine tropical fish; [Place of collection: Chennai and vizag]",Marine Fish,fishetarian nonveg,2,389,79.81,21.17,0.79,0,0,0,0.297,0.02055,0.01402,0.00032,0.06258,0.45,0.04024,0.00032,0
P037,Milk fish,Chanos chanos,"E. Milkfish, Milk fish, White Mullet; Kan. Humeen, Hoomeenu, Hoo meenu; Mal. Poomeen; Tam. Pal kendai, Palmeen, Tulu candul, Thullu, Palai meen; Tel. Pallabontha, Polah bontah; [Place of collection: Mandapam]",Marine Fish,fishetarian nonveg,1,442,72.22,23.66,1.09,0,0,0,0.366,0.02138,0.02918,0.00135,0.04298,0.301,0.03538,0.00243,0
P038,Moon fish,Mene maculata,"E. Moonfish; G. Vaniani; Kan. Hakkimeen; Mal. Ambattan parah; Tam. Ambutan parah, Amattikatti; Common. Perch fish; [Place of collection: Mumbai]",Marine Fish,fishetarian nonveg,1,526,74.21,20.74,4.69,0,0,0,2.929,0.06888,0.02918,0.00167,0.06517,0.157,0.03714,0.00093,0
P039,Mullet,Mugil cephalus,"E. Flathead grey mullet, Flathead Greymullet; B. Ain; G. Bhomat, Boi, Gandhia; Kan. Mala; Mal. Tirutha, Thirutha, Tiruta; Mar. Boi, Mangan, Boita, Pilas, Bol, Pilsa, Sherto; Tam. Madavai, Kasmeen, Manla; Tel. Kathiparega, Kathi parenga; Common. Food fish; [Place of collection: Mumbai, Kochi and Chennai]",Marine Fish,fishetarian nonveg,3,393,76.12,20.23,1.32,0,0,0,0.495,0.0183,0.0352,0.00131,0.06609,0.331,0.03409,0.00045,0
P040,Mural,Tylosurus crocodilus crocodilus,"E. Houndfish, Crocodile needlefish, Giant Longtom; Mal. Oola, Keran; Mar. Tol; Tam. Pahmum kolah; Tel. Wahlah kuddera; Common. Game fish; [Place of collection: Mandapam]",Marine Fish,fishetarian nonveg,1,345,78.96,19.04,0.58,0,0,0,0.349,0.01743,0.00861,0.00024,0.11,0.33,0.0271,0.00071,0
P041,Myil meen,Istiophorus platypterus,"E. Indo Pacific sailfish, Peacock Fish, Sail Fish, Indian Sail Fish, Sailfish; G. Tadmachhi, Kunga; Mal. Ola meen, Olameen; Mar. Tadmasa; Common. Sailfish; [Place of collection: Chennai and Mandapam]",Marine Fish,fishetarian nonveg,2,410,75.57,22.89,0.56,0,0,0,0.15,0.02172,0.0072,0.0012,0.06196,0.365,0.03008,0.00058,0
P042,Nalla bontha,Epinephelus sp.,"E. Giant Rock Cod, Malabar Rockcod, Brown-spotted Grouper, Estuary Rock cod, Malabar Grouper, Morgan`s Cod, Blackspot Cod, Malabar Reef Cod, Speckled Grouper., Blacksaddle Grouper, Malabar Cod, Speckled Grouper, Grouper, Greasy Grouper, Blackspotted Rockcod, Malabar Reefcod, Estuary Cod, Malabar Rock Cod; G. Wekhali, Wekhanu., Wekhru; Kan. Gopra, Muni Meenu; Kon. Gobri; Mal. Kalawa; Mar. Gobra, Hekru, Hekaru; O. Bhala; Tam. Punni calawah, Kalava, Punni calawah; Tel. Bontha, Kodi Punju, Bontoo; Common. Large serranid fish; [Place of collection: Vizag]",Marine Fish,fishetarian nonveg,1,364,79.32,19.82,0.72,0,0,0,0.238,0.015,0.00904,0.00031,0.05787,0.403,0.0292,0.0003,0
P043,Narba,Caranx sexfasciatus,"E. Bigeye trevally, Bigeye jack, Great trevally, Six banded trevally, Dusky jack, Dusk Jack, Tille Jack; G. Bangada, Kala Bangada; Kan. Gondlu; Mal. Maduthala, Varayan para, Kuluvel; Mar. Kala Bangada; Common. Large marine fish; [Place of collection: Vizag and Mumbai]",Marine Fish,fishetarian nonveg,2,432,76.37,21.95,1.6,0,0,0,0.603,0.01606,0.00721,0.00111,0.04951,0.384,0.02633,0.00045,0
P044,Paarai,Caranx heberi,"E. Blacktip trevally, Blacktip kingfish, Yellowtail kingfish; Common. Large marine fish; [Place of collection: Chennnai]",Marine Fish,fishetarian nonveg,1,435,75.77,21.58,1.84,0,0,0,0.72,0.02329,0.01352,0.00069,0.04522,0.384,0.02759,0.00045,0
P045,Padayappa,Canthidermis maculata,"E. Rough triggerfish, Spotted oceanic triggerfish; Common. Triggerfish; [Place of collection: Kochi]",Marine Fish,fishetarian nonveg,1,360,79.18,19.7,0.69,0,0,0,0.169,0.00965,0.00983,0.00033,0.03387,0.49,0.02898,0.00148,0
P046,Pali kora,Panna microdon,E. Panna croaker; [Place of collection: Kochi],Marine Fish,fishetarian nonveg,1,394,78.63,19.25,1.81,0,0,0,0.761,0.03318,0.01703,0.00042,0.05485,0.364,0.028,0.00038,0
P047,Pambada,Lepturacanthus savala,"E. Savalai hairtail, Small head hairtail, Small Headed Hairtail, Small Headed Ribbon Fish, Small headed Ribbonfish, Silver Ribbon Fish, Hair Tail, Ribbon Fish; G. Patti; Kan. Pambole; Kon. Bale; Mal. Vellasavala, Thalayan, Vellathalayan, Karupputhalayan, Karuppusavala, Vellithalayan; Mar. Baia, Wagti, Bala; Tam. Chavalai, Karthigaivalai, Savalai, Mattachavalai, Olavalai; Tel. Nadippussavallu, Peddasavallu, Yellasavallu, Savala, Kothisavallu; Common. Snapper; [Place of collection: Chennai and Kochi]",Marine Fish,fishetarian nonveg,2,537,74.67,21.95,4.44,0,0,0,1.959,0.05463,0.01653,0.00038,0.08265,0.263,0.02987,0.00041,0
P048,Pandukopa,Pseudosciaena manchurica,"E. Larimichthys polyactis, Redlip croaker, Small yellow croaker, Little yellow croaker, Yellow corvina; Common. Croaker; [Place of collection: Vizag]",Marine Fish,fishetarian nonveg,1,360,77.46,19.73,0.65,0,0,0,0.195,0.02643,0.01218,0.00047,0.04915,0.427,0.02915,0.00033,0
P049,Parava,Lactarius lactarius,"E. False trevally, Big jawed jumper, Big jawed jumber; G. Dhangari, Dangri, Chapla, Katli; Kan. Saundala, Adai minu; Mal. Adavu, Parava; Mar. Saundala, Pervi; Tam. Sudumbu, Suthumbu, Guthippu; Tel. Sudumbu, Sudumbala, Kuthuppu; [Place of collection: Kochi]",Marine Fish,fishetarian nonveg,1,467,77.19,21.5,2.74,0,0,0,1.184,0.0262,0.02912,0.00358,0.08408,0.363,0.03252,0.00056,0
P050,Parcus,Psettodes erumei,"E. Indian halibut, Indian Turbot; G. Hario, Dataro; Kon. Box Lep; Mar. Zhipali, Bhakas; Tam. Erumei nakku; Tel. Noree nalaka; Common. Large primitive flatfish; [Place of collection: Mumbai]",Marine Fish,fishetarian nonveg,1,361,79.01,19.87,0.62,0,0,0,0.166,0.01003,0.02108,0.00028,0.06438,0.446,0.02884,0.00033,0
P051,Parrot fish,Scarus ghobban,"E. Blue barred parrotfish, Blue trim parrotfish, Cream parrotfish, Globe headed parrotfish, Green blotched parrotfish, Yellow scale parrotfish, Bluechin parrotfish; Mal. Chandi; Common. Marine fish; [Place of collection: Mandapam]",Marine Fish,fishetarian nonveg,1,375,76.84,20.82,0.57,0,0,0,0.174,0.00995,0.00921,0.00038,0.05179,0.432,0.02888,0.00031,0
P052,Perinkilichai,Pinjalo pinjalo,"E. Pinjalo Snapper; Tam. Mette mirrei, Polei oolavai; Common. Snapper; [Place of collection: Chennai]",Marine Fish,fishetarian nonveg,1,387,78.33,20.89,0.87,0,0,0,0.29,0.01724,0.00725,0.00029,0.03416,0.365,0.02901,0.00036,0
P053,Phopat,Coryphaena hippurus,"E. Mahi mahi, Common dolphinfish, Common Dolphin Fish; B. Pomfret; G. Halwa, Adadio, Himra Machhi; Kan. Thondrotte; Mal. Affunose, Avoli, Karuvoli, Vellavoli; Mar. Abanoos, Halwa, Himra Masa; O. Baal; Tam. Karuvaval, Vavval, Vanna, Vellaivaval, Badahlan, Koppurai kula; Tel. Chanduva, Nallachanduva, Thellachanduva; Common. Surface dwelling ray finned fish; [Place of collection: Chennai, Kochi, Vizag and Mumbai]",Marine Fish,fishetarian nonveg,4,424,76.42,22.05,1.33,0,0,0,0.441,0.01353,0.00932,0.00047,0.0362,0.439,0.03227,0.00036,0
P054,Piranha,Pygopritis sp.,[Place of collection: Kochi],Marine Fish,fishetarian nonveg,1,549,76.15,20.46,5.43,0,0,0,1.973,0.0975,0.01485,0.0005,0.03897,0.323,0.02341,0.00043,0
P055,"Pomfret, black",Parastromateus niger,"E. Black pomfret, Brown Pomfret; G. Halwa, Adadio; Kan. Thondrotte; Kon. Halwa; Mal. Vellavoli, Karuvolli, Avoli, Karauthakoli; Mar. Halwa; Tam. Vellaivaval, Vavval, Karuvaval; Tel. Nallachanduva, Chanduva, Thellachanduva; Common. Pomfret; [Place of collection: Kochi, Chennai, Mumbai, Mandapam, Vizag and Goa]",Marine Fish,fishetarian nonveg,2,515,74.43,18.91,4.83,0,0,0,2.229,0.04816,0.0181,0.00078,0.06909,0.295,0.02822,0.0005,0
P056,"Pomfret, snub nose",Trachinotus blochii,"E. Snubnose Pampano; Mal. Peeyada; Mar. Ladagoo, Katattitaka; Tam. Kootili; Common. Coastal fish; [Place of collection: Mumbai]",Marine Fish,fishetarian nonveg,2,375,77.81,21.05,0.46,0,0,0,0.145,0.00748,0.00657,0.00041,0.0361,0.483,0.02985,0.00092,0
P057,"Pomfret, white",Pampus argenteus,"E. Silver pomfret, White pomfret; B. Chandi, Pomfret; G. Vichuda; Kan. Thondrotte, Thondrette, Manji; Kon. Surangat; Mal. Vellavoli, Karuvolli, Avoli, Velutha-avoli; Mar. Saranga, Chandava, Paplet; O. Chandee, Ghia; Tam. Vella vavval, Karuvaval, Vavval, Vellaivaval; Tel. Thellachanduva, Nallachanduva, Chanduva; Common. Butterfish; [Place of collection: Mumbai and Goa]",Marine Fish,fishetarian nonveg,2,513,75.91,19.02,5.12,0,0,0,2.669,0.04156,0.01364,0.00031,0.04609,0.255,0.0322,0.00053,0
P058,Pranel,Gerres sp.,"E. Whipfin silver biddy, Deepbody mojarra; Kan. Paiya; Mal. Pranjin; Mar. Charbat; Tam. Oodan; Common. Mojarras; [Place of collection: Kochi]",Marine Fish,fishetarian nonveg,1,405,79.54,19.69,1.89,0,0,0,0.827,0.02901,0.02188,0.00041,0.05237,0.251,0.02626,0.00055,0
P059,Pulli paarai,Gnathanodon speciosus,"E. Golden trevally, Golden kingfish, Banded trevally, King trevally, Golden Toothless Trevally, Horse Mackerel; Kan. Gondlu; Mal. Para; Tam. Pilli parah, Pathi Parah, Para, Thenga Parai, Vennai Parai, Kilisai, Pathi parah, Komaraparai, Pulli Parai, Semaparai, Parai; Tel. Pulli Parai, Para, Poloosoo parah, Manjal Parai; Common. Large marine fish; [Place of collection: Chennai]",Marine Fish,fishetarian nonveg,1,399,75.99,20.06,1.55,0,0,0,0.593,0.04779,0.02184,0.00035,0.05856,0.335,0.03112,0.00052,0
P060,Queen fish,Scomberoides commersonianus,"E. Doubledotted Queenfish, Talang Queenfish; G. Sag; Kan. Palaimeenu, Diana; Mal. Palameen; Mar. Dagol; Tam. Toal parah, Katta; Tel. Pasupara; Common. Coastal fish; [Place of collection: Chennai, Kochi and Goa]",Marine Fish,fishetarian nonveg,3,400,76.63,20.97,1.17,0,0,0,0.693,0.02193,0.00575,0.00049,0.04893,0.44,0.0281,0.00035,0
P061,Raai fish,Lobotes surinamensis,"E. Atlantic tripletail, Brown Tripletail, Tripple Tail, Brown Tripletail; G. Katkola; Mal. Parrandee; Mar. Katkola; O. Chota Bekkut; Tam. Musalli; Common. Warm water marine fish; [Place of collection: Chennai and Vizag]",Marine Fish,fishetarian nonveg,2,430,77.14,21.61,1.69,0,0,0,0.654,0.02495,0.01109,0.00046,0.04762,0.347,0.02199,0.00036,0
P062,Raai vanthu,Epinephelus chlorostigma,"E. Brown spotted reef cod, Souman, Brownspotted grouper, Brown spotted grouper, Brownspotted rockcod., Brown spotted reef cod; G. Vekharu, Vekhala; Kan. Guri; Kon. Gobri; Mal. Pulli Kalawa, Kalava; Mar. Hekru, Hekaru; Tam. Kalava; Common. Grouper fish; [Place of collection: Vizag]",Marine Fish,fishetarian nonveg,1,410,79.95,19.39,2.17,0,0,0,0.864,0.02198,0.00872,0.00036,0.05083,0.311,0.02739,0.00035,0
P063,Rani,Pink perch,"Common. Freshwater gamefish; [Place of collection: Goa, Kochi, Chennai, Mumbai, Vizag and Mandapam]",Marine Fish,fishetarian nonveg,1,377,78.55,18.83,1.49,0,0,0,2.926,0.06904,0.0379,0.00087,0.06317,0.335,0.02991,0.0004,0
P064,"Ray fish, bow head, spotted",Rhina ancylostoma,"E. Bowmouth guitarfish, Shark ray, Mud skate, Bowmouthed Guitarfish; Mar. Sakshi, Lanj; Tam. Mun ultava; Tel. Pottila sora, Nella dindi; Common. Ray; [Place of collection: Kochi]",Marine Fish,fishetarian nonveg,1,349,80.3,19.03,0.7,0,0,0,0.187,0.01391,0.00964,0.00025,0.105,0.353,0.01925,0.00049,0
P065,Red snapper,Lutjanus argentimaculatus,"E. Mangrove red snapper, Mangrove jack, Creek red bream, Stuart evader, Dog bream, Purple sea perch, Purple seaperch, Red bass, Red bream, Red perch, Red reef bream, River roman, Rock barramundi, Yellow snapper, Silver spotted Grey Snapper, Gray Snapper, Malabar Red Snapper; G. Ratado; Kan. Chembali; Mal. Murumeen, Pahari, Chemballi; Mar. Tambusa; Tam. Paruthikanni, Patani-keeli, Karuvalai, Nethiprion, Paruthivala Meen, Chenganni, Vekkattai, Thokkal, Cheppili, Karva, Adallu, Vekkattai, Antaleyan; Tel. Rangu, Thundava., Rangoo, Thundava, Kaliviyya; Common. Snapper; [Place of collection: Vizag]",Marine Fish,fishetarian nonveg,1,437,76.28,22.79,1.34,0,0,0,0.485,0.132,0.00839,0.00037,0.05989,0.446,0.03265,0.00034,0
P066,"Red snapper, small",Priacanthus hamrur,"E. Lunar-tailed bigeye, Goggle eye, Moontail bullseye, Red Bullseye, Lunar-tailed Bullseye, Red Big Eye, Crescent Tail Bigeye, Lunar Tailed Bigeye, Dusky-finned Bullseye, Spot-finned Bull`s Eye., Moontail Bullseye, Bigeye Snapper, Black-spot Big-eye, Lunar-tailed Glasseye, Duskyfin Bulleye, Goggle-eye; B. Alta-punti; G. Dorali, Ratado; Kan. Disco Meenu; Mal. Bullsai; Mar. Tambi; O. Alta-punti; Tam. Kakkasi, Paswa; Tel. Bochelu; Common. Marine fish; [Place of collection: Goa]",Marine Fish,fishetarian nonveg,1,451,76.31,21.5,2.3,0,0,0,0.861,0.03842,0.01743,0.00057,0.03897,0.327,0.03103,0.0004,0
P067,Sadaya,Platax orbicularis,"E. Orbicular batfish, Circular batfish, Orbiculate batfish, Round batfish, Orbic batfish; Common. Aquarium fish; [Place of collection: Chennai]",Marine Fish,fishetarian nonveg,1,462,75.53,20.68,2.97,0,0,0,1.059,0.06197,0.00908,0.00047,0.04941,0.36,0.02627,0.00068,0
P068,Salmon,Salmo salar,E. Atlantic salmon; Common. Ray-finned fish; [Place of collection: Goa],Marine Fish,fishetarian nonveg,1,721,67.84,20.97,9.86,0,0,0,4.305,0.06127,0.0243,0.00098,0.02025,0.345,0.03118,0.00051,0
P069,Sangada,Nemipterus japonicus,E. Japanese threadfin bream; Common. Marine fish; [Place of collection: Chennai],Marine Fish,fishetarian nonveg,1,443,78.51,20.26,2.67,0,0,0,1.128,0.07577,0.0079,0.00099,0.07782,0.217,0.02837,0.00032,0
P070,Sankata paarai,Caranx ignobilis,"E. Giant trevally, Lowly trevally, Barrier trevally, Giant kingfish, Ulua, Yellowfin Jack; Mal. Kuluvel; Tel. Jarradandree-parah; Common. Large marine fish; [Place of collection: Chennai]",Marine Fish,fishetarian nonveg,1,434,74.88,21.87,1.68,0,0,0,3.317,0.06434,0.00603,0.00099,0.02233,0.379,0.02753,0.00039,0
P071,Sardine,Sardinella longiceps,"E. Indian oil sardine, Malabar Sardine; G. Tarali; Kan. Baige, Buthai, Boothai, Tarli-multhi; Mal. Nalla Mathi, Nallamathi; Mar. Haird, Kanat, Tarali, Tarli, Haid; Tam. Nonalai, Charlay, Paycharlay, Paichalai; Tel. Noona-kavallu; Common. Ray-finned fish; [Place of collection: Kolkata]",Marine Fish,fishetarian nonveg,1,637,72.29,17.91,8.99,0,0,0,1.25,0.04912,0.04226,0.00083,0.03849,0.228,0.02439,0.00089,0
P072,Shark,Carcharhinus sorrah,"E. Spot-tail shark, Sorrah shark; Kan. Shirat; Mar. Balda, Pisori; Tam. Katta-sorrah; Common. Requiem shark; [Place of collection: Goa and Mandapam]",Marine Fish,fishetarian nonveg,2,398,72.82,21.6,0.83,0,0,0,0.275,0.0244,0.00844,0.00038,0.06363,0.372,0.03258,0.00046,0
P073,"Shark, hammer head",Sphyrna mokarran,E. Great hammerhead; Common. Hammerhead shark; [Place of collection: Kolkata],Marine Fish,fishetarian nonveg,1,432,74.61,23.4,0.8,0,0,0,0.264,0.05581,0.00792,0.00086,0.05355,0.304,0.02511,0.0004,0
P074,"Shark, spotted",Stegostoma fasciatum,"E. Zebra shark; G. Shinawala, Magara, Shinvala, Musia; Mal. Poochasurav, Zebra Sravu; Mal. Shinvala, Mushi, Shinavla; Tam. Komarasi-sorrah, Coruhgun-sorrah, Korangum Sorrah; Tel. Potrava, Komarasi, Orookoolti-sorrah, Pollee-makum, Komrasi, Pollee Makum, Corootoolti-sorrah; Common. Carpet shark; [Place of collection: Kochi]",Marine Fish,fishetarian nonveg,1,384,78.83,20.95,0.75,0,0,0,0.253,0.01375,0.0081,0.00054,0.131,0.318,0.01905,0.00055,0
P075,Shelavu,Sphyraena jello,"E. Pickhandle barracuda, Banded Barracuda, Sea Pike; G. Bhungar; Kan. Kandai; Mal. Cheelahoo; Mar. Ghalse, Badvi, Jaban-tal, Badri; Tel. Jellow; [Place of collection: Chennai, Goa, Vizag and Kochi]",Marine Fish,fishetarian nonveg,4,446,74.6,22.46,1.74,0,0,0,0.677,0.0305,0.01142,0.00052,0.03873,0.453,0.0299,0.00042,0
P076,Silan,Silonia silondia,"E. Silond catfish, Silondia Vacha, Silong Catfish; A. Dhain, Silan, Utti, Koch; B. Silond; Common. Schilbid catfish; [Place of collection: Kolkata]",Marine Fish,fishetarian nonveg,1,633,70.12,22.72,6.68,0,0,0,3.615,0.05893,0.02882,0.00056,0.02939,0.223,0.02264,0.00058,0
P077,Silk fish,Beryx sp.,"E. Alfonsino, Alfonsin, Longfinned beryx, Red bream, Imperador; Common. Deep oceanic fish; [Place of collection: Kochi]",Marine Fish,fishetarian nonveg,1,408,77.61,20.65,1.53,0,0,0,0.497,0.01071,0.01046,0.0003,0.04157,0.44,0.02713,0.00034,0
P078,Silver carp,Hypophthalmichthys molitrix,"E. Silver carp; Kan. Belli-gende; Common. Freshwater cyprinid fish, Asian carp; [Place of collection: Kolkata]",Marine Fish,fishetarian nonveg,1,555,72.47,21.71,5.17,0,0,0,1.826,0.06854,0.08555,0.00058,0.0196,0.249,0.02497,0.00057,0
P079,Sole fish,Cynoglossus arel,E. Largescale tongue-sole; Mar. Lep; Common. Tonguefish; [Place of collection: Vizag],Marine Fish,fishetarian nonveg,1,367,80.18,19.05,1.18,0,0,0,0.416,0.016,0.04728,0.00033,0.07457,0.199,0.02796,0.00017,0
P080,Stingray,Dasyatis pastinaca,"E. Common stingray, Blue Stingray; Mal. Thirukay; Common. Stingray; [Place of collection: Kolkata]",Marine Fish,fishetarian nonveg,1,408,75.67,23.98,0.68,0,0,0,0.289,0.06247,0.00916,0.00074,0.06414,0.27,0.02461,0.00044,0
P081,Tarlava,Drepane punctata,"E. Spotted sicklefish, Moon-fish, Spotted Bat-fish, Spotted Drepane; G. Chand; Mar. Chand; Tam. Therattai, Painthi; Tel. Thotha, Thetti; [Place of collection: Chennai and Vizag]",Marine Fish,fishetarian nonveg,2,414,76.76,21.72,1.2,0,0,0,0.504,0.01894,0.01168,0.00053,0.0674,0.37,0.0301,0.00031,0
P082,Tholam,Plectorhinchus schotaf,"E. Minstrel sweetlips, Grey Sweetlip; Mar. Harvil; Common. Gamefish; [Place of collection: Chennai and Mandapam]",Marine Fish,fishetarian nonveg,2,432,76.2,20.78,2.13,0,0,0,0.856,0.05973,0.0114,0.0006,0.028,0.382,0.02614,0.00036,0
P083,Tilapia,Oreochromis niloticus,"E. Nile tilapia; A. Elapi, Japani kawoi; Tam. Tilapia; Common. Tilapia, Cichlid fish; [Place of collection: Kolkata]",Marine Fish,fishetarian nonveg,1,349,79.57,18.48,1.08,0,0,0,0.413,0.02636,0.09939,0.00284,0.05255,0.255,0.02456,0.00088,0
P084,Tuna,Euthynnus affinis,"E. Mackerel tuna, Kawakawa, Little Tuna; G. Gedar; Kon. Bokado; Mal. Choora; Mar. Chuki, Bugudi, Ohaman, Gedar, Kuppa; Tam. Choori-min, Suraly; Common. Ray-finned bony fish; [Place of collection: Chennai, Vizag, Goa, Mandapam and Kochi]",Marine Fish,fishetarian nonveg,5,470,72.12,24.5,1.44,0,0,0,0.66,0.0461,0.00982,0.0016,0.05289,0.357,0.03585,0.00069,0
P085,"Tuna, striped",Katsuwonus pelamis,"E. Skipjack tuna, Aku, Arctic bonito, Mushmouth, Oceanic bonito, Striped tuna, Victor fish, Oceanic Skipjack; G. Gedar; Kon. Bokado; Mal. Choora; Mar. Kuppa, Bugudi, Gedar; Common. Medium-sized perciform fish; [Place of collection: Kochi]",Marine Fish,fishetarian nonveg,1,403,77.76,21.28,1.12,0,0,0,0.424,0.06406,0.00645,0.00143,0.0226,0.273,0.02602,0.00046,0
P086,Valava,Chirocentrus nudus,"E. Whitefin wolf-herring, Tenpounder; Tam. Kiru-wahlah; Tel. Wahlah; Common. Herring; [Place of collection: Vizag]",Marine Fish,fishetarian nonveg,1,410,77.25,21.8,1.06,0,0,0,0.403,0.0156,0.03706,0.00024,0.09191,0.365,0.03905,0.00042,0
P087,Vanjaram,Scomberomorus commerson,"E. Narrow-barred Spanish mackerel, Barred Seer Fish, King Seer; G. Surmai, Chhapri; Kan. Thavar; Mal. Ayakora, Chumbum; Mar. Anjai, Anjari, Surmai, Towar; Tam. Ah-ku-lah, Mah-wu-leachi, Mavulasi, Seela, Mah-wu-laachi, Vanjiram, Velra, Konam; Tel. Vanjiramu, Konema, Varimeen, Yellari, Vellikannan, Ayaokaro; Common. Mackerel; [Place of collection: Chennai and Goa]",Marine Fish,fishetarian nonveg,2,570,72.3,22.28,5.18,0,0,0,2.229,0.06771,0.00985,0.00041,0.03485,0.473,0.03673,0.00074,0
P088,Vela meen,Aprion virescens,E. Green jobfish; Common. Snapper; [Place of collection: Mandapam],Marine Fish,fishetarian nonveg,1,537,71.82,22.16,4.34,0,0,0,1.857,0.03585,0.0149,0.00064,0.03815,0.387,0.03193,0.00036,0
P089,Vora,Siganus javus,E. Streaked spinefoot; Mar. Kunar; Tam. Ottah; Tel. Warahwah; Common. Rabbitfish; [Place of collection: Chennai and Mandapam],Marine Fish,fishetarian nonveg,2,422,76.94,20.14,2.14,0,0,0,1.207,0.01934,0.00764,0.00027,0.04366,0.401,0.03227,0.00029,0
P090,Whale shark,Galeocerdo cuvier,"E. Tiger shark; G. Bhoovar, Bhoavar, Pattari; Kan. Pullia, Pilithatte; Mal. Valiasurav, Vorimiyaru, Kalla-sravu, Kalvari, Pulli Sravu, Kellan, Kethalan, Valiyasurav; Mar. Waghbeer; Tam. Wulluven Sorrah; Tel. Kettalam Sorrah, Kethalam-sorrah, Kethulam, Kurangu-sorrah, Vulluvan-sorrah; Common. Requiem shark; [Place of collection: Mandapam]",Marine Fish,fishetarian nonveg,1,401,77.59,21.83,0.82,0,0,0,0.266,0.02533,0.00832,0.00033,0.116,0.365,0.02061,0.00038,0
P091,Xiphinis,Xiphias gladius,"E. Swordfish, Broadbills, Sword Fish; G. Kunga, Tadmachhi; Mal. Kuthirameen; Mar. Tadmasa; Common. Billfish, Gamefish, Predatory fish; [Place of collection: Mandapam]",Marine Fish,fishetarian nonveg,1,370,79.22,19.82,0.88,0,0,0,0.363,0.02759,0.01208,0.00054,0.06621,0.306,0.02638,0.00056,0
P092,"Eggs, Cat fish",Ompok bimaculatus,E. Butter catfish; Common. Sheatfish; [Place of collection: Kolkata],Marine Fish,fishetarian nonveg,1,600,69.34,24.68,5.28,0,0,0,1.818,0.269,0.06169,0.00665,0.05483,0.252,0.05993,0.00311,0
Q001,Crab,Menippe mercenaria,E. Florida stone crab; [Place of collection: Kolkata],Marine Shellfish,fishetarian nonveg,1,343,79.77,10.23,1.41,0,0,0,0.214,0.05387,0.128,0.0011,0.244,0.171,0.03804,0.00076,0
Q002,"Crab, sea",Portunus sanguinolentus,"E. Three-spot swimming crab, Blood-spotted swimming crab, Red-spotted swimming crab; Common. Large crab; [Place of collection: Chennai]",Marine Shellfish,fishetarian nonveg,1,283,79.67,15.36,0.6,0,0,0,0.129,0.02318,0.333,0.00098,0.313,0.252,0.08004,0.00307,0
Q003,"Lobster, brown",Thenus orientalis,"E. Flathead lobster, Bay lobster, Moreton Bay bug; Common. Slipper lobster; [Place of collection: Chennai]",Marine Shellfish,fishetarian nonveg,1,292,81.48,15.96,0.56,0,0,0,0.106,0.03264,0.07306,0.00077,0.14,0.212,0.04534,0.00116,0
Q004,"Lobster, king size",Thenus orientalis,"E. Flathead lobster, Bay lobster, Moreton Bay bug; Common. Slipper lobster; [Place of collection: Chennai, Vizag, Mumbai, Kochi, Mandapam and Goa]",Marine Shellfish,fishetarian nonveg,1,375,77.77,18.54,0.78,0,0,0,0.174,0.04113,0.06644,0.00035,0.191,0.315,0.05016,0.00192,0
Q005,Mud crab,Scylla tranquebarica,"E. Mangrove crab, Mud crab; [Place of collection: Goa]",Marine Shellfish,fishetarian nonveg,1,190,83.1,10,0.55,0,0,0,0.09511,0.0071,0.201,0.00087,0.305,0.227,0.04692,0.0033,0
Q006,Oyster,Crassostrea sp.,"E. Indian backwater oyster; Mal. Muringa, Muru; Tam. Kalungu, Ali, Patti; [Place of collection: Goa]",Marine Shellfish,fishetarian nonveg,1,252,82.5,9.51,2.44,0,0,0,1.087,0.03245,0.126,0.0009,0.04101,0.122,0.02224,0.00735,0
Q007,"Tiger prawns, brown",Solenocera crassicornis,Common. Marine crustacean; [Place of collection: Chennai],Marine Shellfish,fishetarian nonveg,1,273,82.41,14.85,0.56,0,0,0,0.121,0.0708,0.03781,0.00073,0.188,0.141,0.04593,0.0011,0
Q008,"Tiger Prawns, orange",Penaeus monodon,"E. Giant tiger prawn, Asian tiger shrimp; Common. Marine crustacean; [Place of collection: Kochi]",Marine Shellfish,fishetarian nonveg,1,270,81.48,14.25,0.74,0,0,0,0.177,0.01947,0.07189,0.00039,0.06105,0.14,0.0305,0.00116,0
R001,"Clam, green shell",Perna viridis,"E. Asian green mussel, Green-lipped mussel; Mal. Kallumalkai, Kadukka; Common. Mussel, Bivalve; [Place of collection: Goa]",Marine Mollusks,fishetarian nonveg,1,243,80.07,12.14,0.98,0,0,0,0.285,0.04374,0.121,0.00101,0.322,0.152,0.07364,0.00164,0
R002,"Clam, white shell, ribbed",Meretrix meretrix,E. Asiatic Hard Clam; [Place of collection: Goa],Marine Mollusks,fishetarian nonveg,1,250,80.27,11.82,1.34,0,0,0,0.441,0.02398,0.05,0.00094,0.404,0.245,0.08664,0.00116,0
R003,Octopus,Octopus vulgaris,E. Common octopus; [Place of collection: Mumbai],Marine Mollusks,fishetarian nonveg,1,334,80.45,14.71,1.12,0,0,0,0.325,0.118,0.0221,0.00108,0.23,0.181,0.05092,0.00407,0
R004,"Squid, black",Loligo sp.,[Place of collection: Kolkata],Marine Mollusks,fishetarian nonveg,1,335,80.59,16.1,1.07,0,0,0,0.287,0.231,0.02298,0.0005,0.179,0.162,0.04199,0.00124,0
R005,"Squid, hard shell",Sepia pharaonis,E. Pharaoh cuttlefish; Common. Large cuttlefish; [Place of collection: Goa],Marine Mollusks,fishetarian nonveg,1,320,80.52,16.82,0.93,0,0,0,0.227,0.06032,0.00873,0.00062,0.09914,0.116,0.03546,0.0013,0
R006,"Squid, red",Loligo duvauceli,[Place of collection: Chennai and Goa],Marine Mollusks,fishetarian nonveg,2,329,80.85,16.25,1.44,0,0,0,0.448,0.126,0.01415,0.00026,0.121,0.134,0.03574,0.00095,0
R007,"Squid, white, small",Uroteuthis duvauceli,"E. Indian Ocean Squid, Indian Squid; [Place of collection: Mumbai]",Marine Mollusks,fishetarian nonveg,1,353,79.38,17.41,1.15,0,0,0,0.304,0.324,0.03646,0.00039,0.154,0.134,0.03853,0.00164,0
S001,Cat fish,Tandanus tandanus,"E. Eel-tailed catfish, Dewfish, Freshwater catfish, Jewfish, Tandan; Common. Catfish; [Place of collection: Kolkata]",Fresh Water Fish and Shellfish,fishetarian nonveg,2,518,77.23,15.86,6.24,0,0,0,2.182,0.08401,0.02199,0.00082,0.02829,0.25,0.01878,0.00071,0
S002,Catla,Catla catla,"E. Major carp; A. Baudhekra, Bhakua, Baudhekera; B. Katla, Pla Kra Ho; G. Tambra, Thambra, Bawas; H. Catla, Bhakur, Boassa, Katla, Chepti; Kan. Catla; Mal. Karakatla, Catla; Mar. Tambra, Pla Kra Ho, Catla, Katala; O. Bhakur, Bahkur, Barkur; P. Theil, Theila, Thaila; Tam. Meen, Yamaneri Kendai, Theppu Meenu, Japan Kendai, Japankendai, Thoppa, Thoppa-meen, Theppu-meenu, Thoppu Meen, Koora Kendai, Koora-kendai, Kanavi, Thoppameenu; Tel. Botcha, Botchee, Bocha, Bacha, Krishnabotcha; Common. Asian freshwater fish; [Place of collection: Kolkata]",Fresh Water Fish and Shellfish,fishetarian nonveg,6,394,78.43,17.94,2.15,0,0,0,1.67,0.06442,0.04353,0.00114,0.03656,0.301,0.02558,0.00068,0
S003,Freshwater Eel,Anguilla anguilla,"E. European eel; Common. Eel, Catadromous fish; [Place of collection: Kolkata]",Fresh Water Fish and Shellfish,fishetarian nonveg,1,451,75.57,20.41,2.63,0,0,0,0.981,0.05864,0.05299,0.00154,0.08867,0.45,0.0425,0.00223,0
S004,Gold fish,Carassius auratus,"E. Goldfish; Common. Freshwater fish, Aquarium fish; [Place of collection: Kolkata and Bangaluru]",Fresh Water Fish and Shellfish,fishetarian nonveg,1,396,79.07,16.91,2.94,0,0,0,1.077,0,0.04789,0.00076,0.02753,0.243,0.02166,0.00169,0
S005,Pangas,Pangasianodon hypophthalmus,E. Iridescent shark; Common. Shark catfish; [Place of collection: Kolkata],Fresh Water Fish and Shellfish,fishetarian nonveg,2,852,68.5,17.12,16.77,0,0,0,0.863,0.06689,0.01119,0.00069,0.03742,0.282,0.02509,0.00069,0
S006,Rohu,Labeo rohita,"E. Rohu, Rui, Roho labeo; A. Rou, Rohiti, Rohitii, Row, Rau, Rui; B. Rahu, Rui, Ruee; H. Bhobhari, Rohu; Kan. Rohu; Mal. Rohitham, Rohu; M. Row; Mar. Rohu, Tambada Massa, Tambada Masa, Tambada-massa; O. Rohu, Ruhu, Rohi; P. Dumra, Tapra, Rohu, Dhambra; Tam. Kannadi Kendai, Kennadi Kendai; Tel. Bocha-gandumeenu; Common. Carp fish; [Place of collection: Kolkata]",Fresh Water Fish and Shellfish,fishetarian nonveg,6,428,76.34,19.71,2.39,0,0,0,2.047,0.04772,0.03937,0.00104,0.03556,0.303,0.02653,0.0008,0
S007,Crab,Pachygrapsus sp.,Common. Small shore crab; [Place of collection: Kolkata],Fresh Water Fish and Shellfish,fishetarian nonveg,1,327,80.58,13.23,0.89,0,0,0,0.214,0.05291,0.199,0.0011,0.28,0.286,0.06677,0.00249,0
S008,"Prawns, big",Macrobrachium rosenbergii,"E. Giant freshwater prawn, Giant river prawn; Common. Palaemonid freshwater prawn, Shrimp; [Place of collection: Bengaluru]",Fresh Water Fish and Shellfish,fishetarian nonveg,3,380,77.43,19.24,0.52,0,0,0,0.08686,0.08728,0.04855,0.00078,0.849,0.269,0.03925,0.00144,0
S009,"Prawns, small",Macrobrachium sp.,Common. Shrimp; [Place of collection: Mumbai],Fresh Water Fish and Shellfish,fishetarian nonveg,6,297,82.58,13.07,0.78,0,0,0,0.197,0.112,0.06799,0.00087,0.07771,0.224,0.02691,0.00087,0
S010,Tiger prawns,Macrobrachium sp.,Common. Shrimp; [Place of collection: Kolkata],Fresh Water Fish and Shellfish,fishetarian nonveg,2,284,83.24,14.24,0.66,0,0,0,0.134,0.07887,0.0579,0.00084,0.08077,0.149,0.02294,0.00102,0
T001,Coconut oil,,,Edible Oils and Fats,vegetarian eggetarian fishetarian veg,1,0,0,0,100,0,0,0,90.86,0,0,0,0,0,0,0,0
T002,Corn oil,,,Edible Oils and Fats,vegetarian eggetarian fishetarian veg,1,0,0,0,100.01,0,0,0,16.6,0,0,0,0,0,0,0,0
T003,Cotton seed oil,,,Edible Oils and Fats,vegetarian eggetarian fishetarian veg,1,0,0,0,99.99,0,0,0,28.17,0,0,0,0,0,0,0,0
T004,Gingelly oil,,,Edible Oils and Fats,vegetarian eggetarian fishetarian veg,6,0,0,0,100,0,0,0,16.25,0,0,0,0,0,0,0,0
T005,Groundnut oil,,,Edible Oils and Fats,vegetarian eggetarian fishetarian veg,5,0,0,0,100,0,0,0,18.94,0,0,0,0,0,0,0,0
T006,Mustard oil,,,Edible Oils and Fats,vegetarian eggetarian fishetarian veg,6,0,0,0,100,0,0,0,5.72,0,0,0,0,0,0,0,0
T007,Palm oil,,,Edible Oils and Fats,vegetarian eggetarian fishetarian veg,4,0,0,0,100,0,0,0,44.98,0,0,0,0,0,0,0,0
T008,Rice bran oil,,,Edible Oils and Fats,vegetarian eggetarian fishetarian veg,5,0,0,0,100,0,0,0,23.76,0,0,0,0,0,0,0,0
T009,Safflower oil,,,Edible Oils and Fats,vegetarian eggetarian fishetarian veg,1,0,0,0,100.01,0,0,0,9.19,0,0,0,0,0,0,0,0
T010,Safflower oil (blended),,,Edible Oils and Fats,vegetarian eggetarian fishetarian veg,4,0,0,0,100,0,0,0,19.53,0,0,0,0,0,0,0,0
T011,Soyabean oil,,,Edible Oils and Fats,vegetarian eggetarian fishetarian veg,6,0,0,0,100,0,0,0,15.96,0,0,0,0,0,0,0,0
T012,Sunflower oil,,,Edible Oils and Fats,vegetarian eggetarian fishetarian veg,6,0,0,0,100,0,0,0,11.39,0,0,0,0,0,0,0,0
T013,Ghee,,,Edible Oils and Fats,vegetarian eggetarian fishetarian veg,6,0,0,0,100,0,0,0,71.02,0,0,0,0,0,0,0,0
T014,Vanaspati,,,Edible Oils and Fats,vegetarian eggetarian fishetarian veg,6,0,0,0,100,0,0,0,61.44,0,0,0,0,0,0,0,0
