Focus,kcal/day,Diet,Option,Avg kcal,Avg protein g,Lowest day protein g,File
General Weight Loss,1200,Vegetarian,1,1200,45,36,01-General-Weight-Loss/1200-kcal/1200-kcal-Vegetarian-General-Weight-Loss-Option-01.pdf
General Weight Loss,1200,Vegetarian,2,1212,47,42,01-General-Weight-Loss/1200-kcal/1200-kcal-Vegetarian-General-Weight-Loss-Option-02.pdf
General Weight Loss,1200,Vegetarian,3,1192,46,40,01-General-Weight-Loss/1200-kcal/1200-kcal-Vegetarian-General-Weight-Loss-Option-03.pdf
General Weight Loss,1200,Vegetarian,4,1201,44,36,01-General-Weight-Loss/1200-kcal/1200-kcal-Vegetarian-General-Weight-Loss-Option-04.pdf
General Weight Loss,1200,Vegetarian,5,1211,45,39,01-General-Weight-Loss/1200-kcal/1200-kcal-Vegetarian-General-Weight-Loss-Option-05.pdf
General Weight Loss,1200,Vegetarian,6,1209,46,41,01-General-Weight-Loss/1200-kcal/1200-kcal-Vegetarian-General-Weight-Loss-Option-06.pdf
General Weight Loss,1200,Vegetarian,7,1205,47,39,01-General-Weight-Loss/1200-kcal/1200-kcal-Vegetarian-General-Weight-Loss-Option-07.pdf
General Weight Loss,1200,Vegetarian,8,1199,46,40,01-General-Weight-Loss/1200-kcal/1200-kcal-Vegetarian-General-Weight-Loss-Option-08.pdf
General Weight Loss,1200,Vegetarian,9,1199,44,39,01-General-Weight-Loss/1200-kcal/1200-kcal-Vegetarian-General-Weight-Loss-Option-09.pdf
General Weight Loss,1200,Vegetarian,10,1200,46,37,01-General-Weight-Loss/1200-kcal/1200-kcal-Vegetarian-General-Weight-Loss-Option-10.pdf
General Weight Loss,1200,Vegetarian,11,1203,44,39,01-General-Weight-Loss/1200-kcal/1200-kcal-Vegetarian-General-Weight-Loss-Option-11.pdf
General Weight Loss,1200,Vegetarian,12,1207,46,43,01-General-Weight-Loss/1200-kcal/1200-kcal-Vegetarian-General-Weight-Loss-Option-12.pdf
General Weight Loss,1200,Vegetarian,13,1205,46,35,01-General-Weight-Loss/1200-kcal/1200-kcal-Vegetarian-General-Weight-Loss-Option-13.pdf
General Weight Loss,1200,Vegetarian,14,1197,48,42,01-General-Weight-Loss/1200-kcal/1200-kcal-Vegetarian-General-Weight-Loss-Option-14.pdf
General Weight Loss,1200,Vegetarian,15,1212,45,38,01-General-Weight-Loss/1200-kcal/1200-kcal-Vegetarian-General-Weight-Loss-Option-15.pdf
General Weight Loss,1200,Vegetarian,16,1192,43,38,01-General-Weight-Loss/1200-kcal/1200-kcal-Vegetarian-General-Weight-Loss-Option-16.pdf
General Weight Loss,1200,Vegetarian,17,1193,46,40,01-General-Weight-Loss/1200-kcal/1200-kcal-Vegetarian-General-Weight-Loss-Option-17.pdf
General Weight Loss,1200,Vegetarian,18,1195,46,40,01-General-Weight-Loss/1200-kcal/1200-kcal-Vegetarian-General-Weight-Loss-Option-18.pdf
General Weight Loss,1200,Vegetarian,19,1202,44,41,01-General-Weight-Loss/1200-kcal/1200-kcal-Vegetarian-General-Weight-Loss-Option-19.pdf
General Weight Loss,1200,Vegetarian,20,1204,46,42,01-General-Weight-Loss/1200-kcal/1200-kcal-Vegetarian-General-Weight-Loss-Option-20.pdf
General Weight Loss,1200,Vegetarian,21,1206,47,39,01-General-Weight-Loss/1200-kcal/1200-kcal-Vegetarian-General-Weight-Loss-Option-21.pdf
General Weight Loss,1200,Vegetarian,22,1203,47,42,01-General-Weight-Loss/1200-kcal/1200-kcal-Vegetarian-General-Weight-Loss-Option-22.pdf
General Weight Loss,1200,Vegetarian,23,1207,48,44,01-General-Weight-Loss/1200-kcal/1200-kcal-Vegetarian-General-Weight-Loss-Option-23.pdf
General Weight Loss,1200,Vegetarian,24,1212,47,39,01-General-Weight-Loss/1200-kcal/1200-kcal-Vegetarian-General-Weight-Loss-Option-24.pdf
General Weight Loss,1200,Vegetarian,25,1202,46,39,01-General-Weight-Loss/1200-kcal/1200-kcal-Vegetarian-General-Weight-Loss-Option-25.pdf
General Weight Loss,1200,Vegetarian,26,1202,46,40,01-General-Weight-Loss/1200-kcal/1200-kcal-Vegetarian-General-Weight-Loss-Option-26.pdf
General Weight Loss,1200,Vegetarian,27,1210,44,38,01-General-Weight-Loss/1200-kcal/1200-kcal-Vegetarian-General-Weight-Loss-Option-27.pdf
General Weight Loss,1200,Vegetarian,28,1205,45,39,01-General-Weight-Loss/1200-kcal/1200-kcal-Vegetarian-General-Weight-Loss-Option-28.pdf
General Weight Loss,1200,Vegetarian,29,1209,47,40,01-General-Weight-Loss/1200-kcal/1200-kcal-Vegetarian-General-Weight-Loss-Option-29.pdf
General Weight Loss,1200,Vegetarian,30,1186,47,36,01-General-Weight-Loss/1200-kcal/1200-kcal-Vegetarian-General-Weight-Loss-Option-30.pdf
General Weight Loss,1200,Vegan,1,1207,46,37,01-General-Weight-Loss/1200-kcal/1200-kcal-Vegan-General-Weight-Loss-Option-01.pdf
General Weight Loss,1200,Vegan,2,1200,44,42,01-General-Weight-Loss/1200-kcal/1200-kcal-Vegan-General-Weight-Loss-Option-02.pdf
General Weight Loss,1200,Vegan,3,1197,44,38,01-General-Weight-Loss/1200-kcal/1200-kcal-Vegan-General-Weight-Loss-Option-03.pdf
General Weight Loss,1200,Vegan,4,1198,43,41,01-General-Weight-Loss/1200-kcal/1200-kcal-Vegan-General-Weight-Loss-Option-04.pdf
General Weight Loss,1200,Vegan,5,1205,42,34,01-General-Weight-Loss/1200-kcal/1200-kcal-Vegan-General-Weight-Loss-Option-05.pdf
General Weight Loss,1200,Vegan,6,1196,45,33,01-General-Weight-Loss/1200-kcal/1200-kcal-Vegan-General-Weight-Loss-Option-06.pdf
General Weight Loss,1200,Vegan,7,1212,45,38,01-General-Weight-Loss/1200-kcal/1200-kcal-Vegan-General-Weight-Loss-Option-07.pdf
General Weight Loss,1200,Vegan,8,1199,46,39,01-General-Weight-Loss/1200-kcal/1200-kcal-Vegan-General-Weight-Loss-Option-08.pdf
General Weight Loss,1200,Vegan,9,1191,43,39,01-General-Weight-Loss/1200-kcal/1200-kcal-Vegan-General-Weight-Loss-Option-09.pdf
General Weight Loss,1200,Vegan,10,1203,45,40,01-General-Weight-Loss/1200-kcal/1200-kcal-Vegan-General-Weight-Loss-Option-10.pdf
General Weight Loss,1200,Vegan,11,1204,47,37,01-General-Weight-Loss/1200-kcal/1200-kcal-Vegan-General-Weight-Loss-Option-11.pdf
General Weight Loss,1200,Vegan,12,1199,45,36,01-General-Weight-Loss/1200-kcal/1200-kcal-Vegan-General-Weight-Loss-Option-12.pdf
General Weight Loss,1200,Vegan,13,1202,42,39,01-General-Weight-Loss/1200-kcal/1200-kcal-Vegan-General-Weight-Loss-Option-13.pdf
General Weight Loss,1200,Vegan,14,1204,43,34,01-General-Weight-Loss/1200-kcal/1200-kcal-Vegan-General-Weight-Loss-Option-14.pdf
General Weight Loss,1200,Vegan,15,1195,43,36,01-General-Weight-Loss/1200-kcal/1200-kcal-Vegan-General-Weight-Loss-Option-15.pdf
General Weight Loss,1200,Vegan,16,1193,45,38,01-General-Weight-Loss/1200-kcal/1200-kcal-Vegan-General-Weight-Loss-Option-16.pdf
General Weight Loss,1200,Vegan,17,1196,44,37,01-General-Weight-Loss/1200-kcal/1200-kcal-Vegan-General-Weight-Loss-Option-17.pdf
General Weight Loss,1200,Vegan,18,1202,47,40,01-General-Weight-Loss/1200-kcal/1200-kcal-Vegan-General-Weight-Loss-Option-18.pdf
General Weight Loss,1200,Vegan,19,1203,45,39,01-General-Weight-Loss/1200-kcal/1200-kcal-Vegan-General-Weight-Loss-Option-19.pdf
General Weight Loss,1200,Vegan,20,1187,40,35,01-General-Weight-Loss/1200-kcal/1200-kcal-Vegan-General-Weight-Loss-Option-20.pdf
General Weight Loss,1200,Vegan,21,1204,46,40,01-General-Weight-Loss/1200-kcal/1200-kcal-Vegan-General-Weight-Loss-Option-21.pdf
General Weight Loss,1200,Vegan,22,1195,45,41,01-General-Weight-Loss/1200-kcal/1200-kcal-Vegan-General-Weight-Loss-Option-22.pdf
General Weight Loss,1200,Vegan,23,1198,42,32,01-General-Weight-Loss/1200-kcal/1200-kcal-Vegan-General-Weight-Loss-Option-23.pdf
General Weight Loss,1200,Vegan,24,1201,46,38,01-General-Weight-Loss/1200-kcal/1200-kcal-Vegan-General-Weight-Loss-Option-24.pdf
General Weight Loss,1200,Vegan,25,1196,42,34,01-General-Weight-Loss/1200-kcal/1200-kcal-Vegan-General-Weight-Loss-Option-25.pdf
General Weight Loss,1200,Vegan,26,1200,43,37,01-General-Weight-Loss/1200-kcal/1200-kcal-Vegan-General-Weight-Loss-Option-26.pdf
General Weight Loss,1200,Vegan,27,1185,42,33,01-General-Weight-Loss/1200-kcal/1200-kcal-Vegan-General-Weight-Loss-Option-27.pdf
General Weight Loss,1200,Vegan,28,1200,44,37,01-General-Weight-Loss/1200-kcal/1200-kcal-Vegan-General-Weight-Loss-Option-28.pdf
General Weight Loss,1200,Vegan,29,1211,48,42,01-General-Weight-Loss/1200-kcal/1200-kcal-Vegan-General-Weight-Loss-Option-29.pdf
General Weight Loss,1200,Vegan,30,1194,44,40,01-General-Weight-Loss/1200-kcal/1200-kcal-Vegan-General-Weight-Loss-Option-30.pdf
General Weight Loss,1200,Eggetarian,1,1200,48,40,01-General-Weight-Loss/1200-kcal/1200-kcal-Eggetarian-General-Weight-Loss-Option-01.pdf
General Weight Loss,1200,Eggetarian,2,1200,51,44,01-General-Weight-Loss/1200-kcal/1200-kcal-Eggetarian-General-Weight-Loss-Option-02.pdf
General Weight Loss,1200,Eggetarian,3,1198,52,44,01-General-Weight-Loss/1200-kcal/1200-kcal-Eggetarian-General-Weight-Loss-Option-03.pdf
General Weight Loss,1200,Eggetarian,4,1209,51,33,01-General-Weight-Loss/1200-kcal/1200-kcal-Eggetarian-General-Weight-Loss-Option-04.pdf
General Weight Loss,1200,Eggetarian,5,1208,53,45,01-General-Weight-Loss/1200-kcal/1200-kcal-Eggetarian-General-Weight-Loss-Option-05.pdf
General Weight Loss,1200,Eggetarian,6,1209,50,41,01-General-Weight-Loss/1200-kcal/1200-kcal-Eggetarian-General-Weight-Loss-Option-06.pdf
General Weight Loss,1200,Eggetarian,7,1201,46,37,01-General-Weight-Loss/1200-kcal/1200-kcal-Eggetarian-General-Weight-Loss-Option-07.pdf
General Weight Loss,1200,Eggetarian,8,1194,50,37,01-General-Weight-Loss/1200-kcal/1200-kcal-Eggetarian-General-Weight-Loss-Option-08.pdf
General Weight Loss,1200,Eggetarian,9,1200,47,33,01-General-Weight-Loss/1200-kcal/1200-kcal-Eggetarian-General-Weight-Loss-Option-09.pdf
General Weight Loss,1200,Eggetarian,10,1210,50,39,01-General-Weight-Loss/1200-kcal/1200-kcal-Eggetarian-General-Weight-Loss-Option-10.pdf
General Weight Loss,1200,Eggetarian,11,1197,49,39,01-General-Weight-Loss/1200-kcal/1200-kcal-Eggetarian-General-Weight-Loss-Option-11.pdf
General Weight Loss,1200,Eggetarian,12,1200,51,41,01-General-Weight-Loss/1200-kcal/1200-kcal-Eggetarian-General-Weight-Loss-Option-12.pdf
General Weight Loss,1200,Eggetarian,13,1203,51,43,01-General-Weight-Loss/1200-kcal/1200-kcal-Eggetarian-General-Weight-Loss-Option-13.pdf
General Weight Loss,1200,Eggetarian,14,1203,51,42,01-General-Weight-Loss/1200-kcal/1200-kcal-Eggetarian-General-Weight-Loss-Option-14.pdf
General Weight Loss,1200,Eggetarian,15,1192,51,43,01-General-Weight-Loss/1200-kcal/1200-kcal-Eggetarian-General-Weight-Loss-Option-15.pdf
General Weight Loss,1200,Eggetarian,16,1198,54,42,01-General-Weight-Loss/1200-kcal/1200-kcal-Eggetarian-General-Weight-Loss-Option-16.pdf
General Weight Loss,1200,Eggetarian,17,1207,55,35,01-General-Weight-Loss/1200-kcal/1200-kcal-Eggetarian-General-Weight-Loss-Option-17.pdf
General Weight Loss,1200,Eggetarian,18,1208,53,45,01-General-Weight-Loss/1200-kcal/1200-kcal-Eggetarian-General-Weight-Loss-Option-18.pdf
General Weight Loss,1200,Eggetarian,19,1200,49,36,01-General-Weight-Loss/1200-kcal/1200-kcal-Eggetarian-General-Weight-Loss-Option-19.pdf
General Weight Loss,1200,Eggetarian,20,1201,51,36,01-General-Weight-Loss/1200-kcal/1200-kcal-Eggetarian-General-Weight-Loss-Option-20.pdf
General Weight Loss,1200,Eggetarian,21,1195,52,45,01-General-Weight-Loss/1200-kcal/1200-kcal-Eggetarian-General-Weight-Loss-Option-21.pdf
General Weight Loss,1200,Eggetarian,22,1205,50,39,01-General-Weight-Loss/1200-kcal/1200-kcal-Eggetarian-General-Weight-Loss-Option-22.pdf
General Weight Loss,1200,Eggetarian,23,1208,51,43,01-General-Weight-Loss/1200-kcal/1200-kcal-Eggetarian-General-Weight-Loss-Option-23.pdf
General Weight Loss,1200,Eggetarian,24,1200,52,42,01-General-Weight-Loss/1200-kcal/1200-kcal-Eggetarian-General-Weight-Loss-Option-24.pdf
General Weight Loss,1200,Eggetarian,25,1197,50,40,01-General-Weight-Loss/1200-kcal/1200-kcal-Eggetarian-General-Weight-Loss-Option-25.pdf
General Weight Loss,1200,Eggetarian,26,1202,51,44,01-General-Weight-Loss/1200-kcal/1200-kcal-Eggetarian-General-Weight-Loss-Option-26.pdf
General Weight Loss,1200,Eggetarian,27,1207,55,41,01-General-Weight-Loss/1200-kcal/1200-kcal-Eggetarian-General-Weight-Loss-Option-27.pdf
General Weight Loss,1200,Eggetarian,28,1203,52,42,01-General-Weight-Loss/1200-kcal/1200-kcal-Eggetarian-General-Weight-Loss-Option-28.pdf
General Weight Loss,1200,Eggetarian,29,1206,53,42,01-General-Weight-Loss/1200-kcal/1200-kcal-Eggetarian-General-Weight-Loss-Option-29.pdf
General Weight Loss,1200,Eggetarian,30,1201,50,46,01-General-Weight-Loss/1200-kcal/1200-kcal-Eggetarian-General-Weight-Loss-Option-30.pdf
General Weight Loss,1200,Non-Vegetarian,1,1207,60,56,01-General-Weight-Loss/1200-kcal/1200-kcal-Non-Vegetarian-General-Weight-Loss-Option-01.pdf
General Weight Loss,1200,Non-Vegetarian,2,1208,59,46,01-General-Weight-Loss/1200-kcal/1200-kcal-Non-Vegetarian-General-Weight-Loss-Option-02.pdf
General Weight Loss,1200,Non-Vegetarian,3,1204,60,51,01-General-Weight-Loss/1200-kcal/1200-kcal-Non-Vegetarian-General-Weight-Loss-Option-03.pdf
General Weight Loss,1200,Non-Vegetarian,4,1196,54,48,01-General-Weight-Loss/1200-kcal/1200-kcal-Non-Vegetarian-General-Weight-Loss-Option-04.pdf
General Weight Loss,1200,Non-Vegetarian,5,1208,59,40,01-General-Weight-Loss/1200-kcal/1200-kcal-Non-Vegetarian-General-Weight-Loss-Option-05.pdf
General Weight Loss,1200,Non-Vegetarian,6,1201,56,46,01-General-Weight-Loss/1200-kcal/1200-kcal-Non-Vegetarian-General-Weight-Loss-Option-06.pdf
General Weight Loss,1200,Non-Vegetarian,7,1210,61,46,01-General-Weight-Loss/1200-kcal/1200-kcal-Non-Vegetarian-General-Weight-Loss-Option-07.pdf
General Weight Loss,1200,Non-Vegetarian,8,1206,61,50,01-General-Weight-Loss/1200-kcal/1200-kcal-Non-Vegetarian-General-Weight-Loss-Option-08.pdf
General Weight Loss,1200,Non-Vegetarian,9,1212,65,50,01-General-Weight-Loss/1200-kcal/1200-kcal-Non-Vegetarian-General-Weight-Loss-Option-09.pdf
General Weight Loss,1200,Non-Vegetarian,10,1199,59,49,01-General-Weight-Loss/1200-kcal/1200-kcal-Non-Vegetarian-General-Weight-Loss-Option-10.pdf
General Weight Loss,1200,Non-Vegetarian,11,1208,57,47,01-General-Weight-Loss/1200-kcal/1200-kcal-Non-Vegetarian-General-Weight-Loss-Option-11.pdf
General Weight Loss,1200,Non-Vegetarian,12,1208,56,43,01-General-Weight-Loss/1200-kcal/1200-kcal-Non-Vegetarian-General-Weight-Loss-Option-12.pdf
General Weight Loss,1200,Non-Vegetarian,13,1201,59,55,01-General-Weight-Loss/1200-kcal/1200-kcal-Non-Vegetarian-General-Weight-Loss-Option-13.pdf
General Weight Loss,1200,Non-Vegetarian,14,1207,54,45,01-General-Weight-Loss/1200-kcal/1200-kcal-Non-Vegetarian-General-Weight-Loss-Option-14.pdf
General Weight Loss,1200,Non-Vegetarian,15,1196,58,44,01-General-Weight-Loss/1200-kcal/1200-kcal-Non-Vegetarian-General-Weight-Loss-Option-15.pdf
General Weight Loss,1200,Non-Vegetarian,16,1204,59,50,01-General-Weight-Loss/1200-kcal/1200-kcal-Non-Vegetarian-General-Weight-Loss-Option-16.pdf
General Weight Loss,1200,Non-Vegetarian,17,1201,54,41,01-General-Weight-Loss/1200-kcal/1200-kcal-Non-Vegetarian-General-Weight-Loss-Option-17.pdf
General Weight Loss,1200,Non-Vegetarian,18,1209,57,45,01-General-Weight-Loss/1200-kcal/1200-kcal-Non-Vegetarian-General-Weight-Loss-Option-18.pdf
General Weight Loss,1200,Non-Vegetarian,19,1207,57,41,01-General-Weight-Loss/1200-kcal/1200-kcal-Non-Vegetarian-General-Weight-Loss-Option-19.pdf
General Weight Loss,1200,Non-Vegetarian,20,1192,52,42,01-General-Weight-Loss/1200-kcal/1200-kcal-Non-Vegetarian-General-Weight-Loss-Option-20.pdf
General Weight Loss,1200,Non-Vegetarian,21,1198,56,48,01-General-Weight-Loss/1200-kcal/1200-kcal-Non-Vegetarian-General-Weight-Loss-Option-21.pdf
General Weight Loss,1200,Non-Vegetarian,22,1220,58,52,01-General-Weight-Loss/1200-kcal/1200-kcal-Non-Vegetarian-General-Weight-Loss-Option-22.pdf
General Weight Loss,1200,Non-Vegetarian,23,1203,59,48,01-General-Weight-Loss/1200-kcal/1200-kcal-Non-Vegetarian-General-Weight-Loss-Option-23.pdf
General Weight Loss,1200,Non-Vegetarian,24,1209,59,49,01-General-Weight-Loss/1200-kcal/1200-kcal-Non-Vegetarian-General-Weight-Loss-Option-24.pdf
General Weight Loss,1200,Non-Vegetarian,25,1219,56,42,01-General-Weight-Loss/1200-kcal/1200-kcal-Non-Vegetarian-General-Weight-Loss-Option-25.pdf
General Weight Loss,1200,Non-Vegetarian,26,1196,57,46,01-General-Weight-Loss/1200-kcal/1200-kcal-Non-Vegetarian-General-Weight-Loss-Option-26.pdf
General Weight Loss,1200,Non-Vegetarian,27,1214,60,37,01-General-Weight-Loss/1200-kcal/1200-kcal-Non-Vegetarian-General-Weight-Loss-Option-27.pdf
General Weight Loss,1200,Non-Vegetarian,28,1207,58,52,01-General-Weight-Loss/1200-kcal/1200-kcal-Non-Vegetarian-General-Weight-Loss-Option-28.pdf
General Weight Loss,1200,Non-Vegetarian,29,1205,59,46,01-General-Weight-Loss/1200-kcal/1200-kcal-Non-Vegetarian-General-Weight-Loss-Option-29.pdf
General Weight Loss,1200,Non-Vegetarian,30,1212,59,52,01-General-Weight-Loss/1200-kcal/1200-kcal-Non-Vegetarian-General-Weight-Loss-Option-30.pdf
General Weight Loss,1300,Vegetarian,1,1304,49,39,01-General-Weight-Loss/1300-kcal/1300-kcal-Vegetarian-General-Weight-Loss-Option-01.pdf
General Weight Loss,1300,Vegetarian,2,1296,50,44,01-General-Weight-Loss/1300-kcal/1300-kcal-Vegetarian-General-Weight-Loss-Option-02.pdf
General Weight Loss,1300,Vegetarian,3,1286,47,39,01-General-Weight-Loss/1300-kcal/1300-kcal-Vegetarian-General-Weight-Loss-Option-03.pdf
General Weight Loss,1300,Vegetarian,4,1305,49,42,01-General-Weight-Loss/1300-kcal/1300-kcal-Vegetarian-General-Weight-Loss-Option-04.pdf
General Weight Loss,1300,Vegetarian,5,1311,51,47,01-General-Weight-Loss/1300-kcal/1300-kcal-Vegetarian-General-Weight-Loss-Option-05.pdf
General Weight Loss,1300,Vegetarian,6,1302,49,45,01-General-Weight-Loss/1300-kcal/1300-kcal-Vegetarian-General-Weight-Loss-Option-06.pdf
General Weight Loss,1300,Vegetarian,7,1308,52,44,01-General-Weight-Loss/1300-kcal/1300-kcal-Vegetarian-General-Weight-Loss-Option-07.pdf
General Weight Loss,1300,Vegetarian,8,1307,47,40,01-General-Weight-Loss/1300-kcal/1300-kcal-Vegetarian-General-Weight-Loss-Option-08.pdf
General Weight Loss,1300,Vegetarian,9,1286,49,39,01-General-Weight-Loss/1300-kcal/1300-kcal-Vegetarian-General-Weight-Loss-Option-09.pdf
General Weight Loss,1300,Vegetarian,10,1290,47,37,01-General-Weight-Loss/1300-kcal/1300-kcal-Vegetarian-General-Weight-Loss-Option-10.pdf
General Weight Loss,1300,Vegetarian,11,1305,49,44,01-General-Weight-Loss/1300-kcal/1300-kcal-Vegetarian-General-Weight-Loss-Option-11.pdf
General Weight Loss,1300,Vegetarian,12,1310,49,44,01-General-Weight-Loss/1300-kcal/1300-kcal-Vegetarian-General-Weight-Loss-Option-12.pdf
General Weight Loss,1300,Vegetarian,13,1290,48,39,01-General-Weight-Loss/1300-kcal/1300-kcal-Vegetarian-General-Weight-Loss-Option-13.pdf
General Weight Loss,1300,Vegetarian,14,1295,49,43,01-General-Weight-Loss/1300-kcal/1300-kcal-Vegetarian-General-Weight-Loss-Option-14.pdf
General Weight Loss,1300,Vegetarian,15,1295,49,43,01-General-Weight-Loss/1300-kcal/1300-kcal-Vegetarian-General-Weight-Loss-Option-15.pdf
General Weight Loss,1300,Vegetarian,16,1293,49,44,01-General-Weight-Loss/1300-kcal/1300-kcal-Vegetarian-General-Weight-Loss-Option-16.pdf
General Weight Loss,1300,Vegetarian,17,1306,51,44,01-General-Weight-Loss/1300-kcal/1300-kcal-Vegetarian-General-Weight-Loss-Option-17.pdf
General Weight Loss,1300,Vegetarian,18,1300,49,44,01-General-Weight-Loss/1300-kcal/1300-kcal-Vegetarian-General-Weight-Loss-Option-18.pdf
General Weight Loss,1300,Vegetarian,19,1288,46,43,01-General-Weight-Loss/1300-kcal/1300-kcal-Vegetarian-General-Weight-Loss-Option-19.pdf
General Weight Loss,1300,Vegetarian,20,1297,49,40,01-General-Weight-Loss/1300-kcal/1300-kcal-Vegetarian-General-Weight-Loss-Option-20.pdf
General Weight Loss,1300,Vegetarian,21,1304,54,46,01-General-Weight-Loss/1300-kcal/1300-kcal-Vegetarian-General-Weight-Loss-Option-21.pdf
General Weight Loss,1300,Vegetarian,22,1289,48,41,01-General-Weight-Loss/1300-kcal/1300-kcal-Vegetarian-General-Weight-Loss-Option-22.pdf
General Weight Loss,1300,Vegetarian,23,1302,48,43,01-General-Weight-Loss/1300-kcal/1300-kcal-Vegetarian-General-Weight-Loss-Option-23.pdf
General Weight Loss,1300,Vegetarian,24,1311,51,39,01-General-Weight-Loss/1300-kcal/1300-kcal-Vegetarian-General-Weight-Loss-Option-24.pdf
General Weight Loss,1300,Vegetarian,25,1305,50,42,01-General-Weight-Loss/1300-kcal/1300-kcal-Vegetarian-General-Weight-Loss-Option-25.pdf
General Weight Loss,1300,Vegetarian,26,1302,50,44,01-General-Weight-Loss/1300-kcal/1300-kcal-Vegetarian-General-Weight-Loss-Option-26.pdf
General Weight Loss,1300,Vegetarian,27,1296,46,42,01-General-Weight-Loss/1300-kcal/1300-kcal-Vegetarian-General-Weight-Loss-Option-27.pdf
General Weight Loss,1300,Vegetarian,28,1305,48,40,01-General-Weight-Loss/1300-kcal/1300-kcal-Vegetarian-General-Weight-Loss-Option-28.pdf
General Weight Loss,1300,Vegetarian,29,1290,50,42,01-General-Weight-Loss/1300-kcal/1300-kcal-Vegetarian-General-Weight-Loss-Option-29.pdf
General Weight Loss,1300,Vegetarian,30,1303,48,43,01-General-Weight-Loss/1300-kcal/1300-kcal-Vegetarian-General-Weight-Loss-Option-30.pdf
General Weight Loss,1300,Vegan,1,1298,47,44,01-General-Weight-Loss/1300-kcal/1300-kcal-Vegan-General-Weight-Loss-Option-01.pdf
General Weight Loss,1300,Vegan,2,1305,47,42,01-General-Weight-Loss/1300-kcal/1300-kcal-Vegan-General-Weight-Loss-Option-02.pdf
General Weight Loss,1300,Vegan,3,1287,49,43,01-General-Weight-Loss/1300-kcal/1300-kcal-Vegan-General-Weight-Loss-Option-03.pdf
General Weight Loss,1300,Vegan,4,1313,47,37,01-General-Weight-Loss/1300-kcal/1300-kcal-Vegan-General-Weight-Loss-Option-04.pdf
General Weight Loss,1300,Vegan,5,1309,50,47,01-General-Weight-Loss/1300-kcal/1300-kcal-Vegan-General-Weight-Loss-Option-05.pdf
General Weight Loss,1300,Vegan,6,1286,45,40,01-General-Weight-Loss/1300-kcal/1300-kcal-Vegan-General-Weight-Loss-Option-06.pdf
General Weight Loss,1300,Vegan,7,1303,49,39,01-General-Weight-Loss/1300-kcal/1300-kcal-Vegan-General-Weight-Loss-Option-07.pdf
General Weight Loss,1300,Vegan,8,1309,48,41,01-General-Weight-Loss/1300-kcal/1300-kcal-Vegan-General-Weight-Loss-Option-08.pdf
General Weight Loss,1300,Vegan,9,1295,46,37,01-General-Weight-Loss/1300-kcal/1300-kcal-Vegan-General-Weight-Loss-Option-09.pdf
General Weight Loss,1300,Vegan,10,1308,48,45,01-General-Weight-Loss/1300-kcal/1300-kcal-Vegan-General-Weight-Loss-Option-10.pdf
General Weight Loss,1300,Vegan,11,1295,44,37,01-General-Weight-Loss/1300-kcal/1300-kcal-Vegan-General-Weight-Loss-Option-11.pdf
General Weight Loss,1300,Vegan,12,1309,48,43,01-General-Weight-Loss/1300-kcal/1300-kcal-Vegan-General-Weight-Loss-Option-12.pdf
General Weight Loss,1300,Vegan,13,1293,45,39,01-General-Weight-Loss/1300-kcal/1300-kcal-Vegan-General-Weight-Loss-Option-13.pdf
General Weight Loss,1300,Vegan,14,1299,48,40,01-General-Weight-Loss/1300-kcal/1300-kcal-Vegan-General-Weight-Loss-Option-14.pdf
General Weight Loss,1300,Vegan,15,1292,49,40,01-General-Weight-Loss/1300-kcal/1300-kcal-Vegan-General-Weight-Loss-Option-15.pdf
General Weight Loss,1300,Vegan,16,1302,50,37,01-General-Weight-Loss/1300-kcal/1300-kcal-Vegan-General-Weight-Loss-Option-16.pdf
General Weight Loss,1300,Vegan,17,1304,49,41,01-General-Weight-Loss/1300-kcal/1300-kcal-Vegan-General-Weight-Loss-Option-17.pdf
General Weight Loss,1300,Vegan,18,1301,48,38,01-General-Weight-Loss/1300-kcal/1300-kcal-Vegan-General-Weight-Loss-Option-18.pdf
General Weight Loss,1300,Vegan,19,1299,48,43,01-General-Weight-Loss/1300-kcal/1300-kcal-Vegan-General-Weight-Loss-Option-19.pdf
General Weight Loss,1300,Vegan,20,1307,51,41,01-General-Weight-Loss/1300-kcal/1300-kcal-Vegan-General-Weight-Loss-Option-20.pdf
General Weight Loss,1300,Vegan,21,1300,46,44,01-General-Weight-Loss/1300-kcal/1300-kcal-Vegan-General-Weight-Loss-Option-21.pdf
General Weight Loss,1300,Vegan,22,1293,49,42,01-General-Weight-Loss/1300-kcal/1300-kcal-Vegan-General-Weight-Loss-Option-22.pdf
General Weight Loss,1300,Vegan,23,1306,47,42,01-General-Weight-Loss/1300-kcal/1300-kcal-Vegan-General-Weight-Loss-Option-23.pdf
General Weight Loss,1300,Vegan,24,1302,50,45,01-General-Weight-Loss/1300-kcal/1300-kcal-Vegan-General-Weight-Loss-Option-24.pdf
General Weight Loss,1300,Vegan,25,1289,49,39,01-General-Weight-Loss/1300-kcal/1300-kcal-Vegan-General-Weight-Loss-Option-25.pdf
General Weight Loss,1300,Vegan,26,1302,46,43,01-General-Weight-Loss/1300-kcal/1300-kcal-Vegan-General-Weight-Loss-Option-26.pdf
General Weight Loss,1300,Vegan,27,1301,46,39,01-General-Weight-Loss/1300-kcal/1300-kcal-Vegan-General-Weight-Loss-Option-27.pdf
General Weight Loss,1300,Vegan,28,1296,48,42,01-General-Weight-Loss/1300-kcal/1300-kcal-Vegan-General-Weight-Loss-Option-28.pdf
General Weight Loss,1300,Vegan,29,1297,46,41,01-General-Weight-Loss/1300-kcal/1300-kcal-Vegan-General-Weight-Loss-Option-29.pdf
General Weight Loss,1300,Vegan,30,1293,47,38,01-General-Weight-Loss/1300-kcal/1300-kcal-Vegan-General-Weight-Loss-Option-30.pdf
General Weight Loss,1300,Eggetarian,1,1297,53,46,01-General-Weight-Loss/1300-kcal/1300-kcal-Eggetarian-General-Weight-Loss-Option-01.pdf
General Weight Loss,1300,Eggetarian,2,1297,55,45,01-General-Weight-Loss/1300-kcal/1300-kcal-Eggetarian-General-Weight-Loss-Option-02.pdf
General Weight Loss,1300,Eggetarian,3,1301,58,45,01-General-Weight-Loss/1300-kcal/1300-kcal-Eggetarian-General-Weight-Loss-Option-03.pdf
General Weight Loss,1300,Eggetarian,4,1297,55,43,01-General-Weight-Loss/1300-kcal/1300-kcal-Eggetarian-General-Weight-Loss-Option-04.pdf
General Weight Loss,1300,Eggetarian,5,1305,54,45,01-General-Weight-Loss/1300-kcal/1300-kcal-Eggetarian-General-Weight-Loss-Option-05.pdf
General Weight Loss,1300,Eggetarian,6,1296,59,51,01-General-Weight-Loss/1300-kcal/1300-kcal-Eggetarian-General-Weight-Loss-Option-06.pdf
General Weight Loss,1300,Eggetarian,7,1299,55,39,01-General-Weight-Loss/1300-kcal/1300-kcal-Eggetarian-General-Weight-Loss-Option-07.pdf
General Weight Loss,1300,Eggetarian,8,1303,56,44,01-General-Weight-Loss/1300-kcal/1300-kcal-Eggetarian-General-Weight-Loss-Option-08.pdf
General Weight Loss,1300,Eggetarian,9,1299,57,47,01-General-Weight-Loss/1300-kcal/1300-kcal-Eggetarian-General-Weight-Loss-Option-09.pdf
General Weight Loss,1300,Eggetarian,10,1299,54,40,01-General-Weight-Loss/1300-kcal/1300-kcal-Eggetarian-General-Weight-Loss-Option-10.pdf
General Weight Loss,1300,Eggetarian,11,1298,58,50,01-General-Weight-Loss/1300-kcal/1300-kcal-Eggetarian-General-Weight-Loss-Option-11.pdf
General Weight Loss,1300,Eggetarian,12,1303,57,43,01-General-Weight-Loss/1300-kcal/1300-kcal-Eggetarian-General-Weight-Loss-Option-12.pdf
General Weight Loss,1300,Eggetarian,13,1306,57,45,01-General-Weight-Loss/1300-kcal/1300-kcal-Eggetarian-General-Weight-Loss-Option-13.pdf
General Weight Loss,1300,Eggetarian,14,1297,54,48,01-General-Weight-Loss/1300-kcal/1300-kcal-Eggetarian-General-Weight-Loss-Option-14.pdf
General Weight Loss,1300,Eggetarian,15,1313,54,44,01-General-Weight-Loss/1300-kcal/1300-kcal-Eggetarian-General-Weight-Loss-Option-15.pdf
General Weight Loss,1300,Eggetarian,16,1309,55,42,01-General-Weight-Loss/1300-kcal/1300-kcal-Eggetarian-General-Weight-Loss-Option-16.pdf
General Weight Loss,1300,Eggetarian,17,1296,52,43,01-General-Weight-Loss/1300-kcal/1300-kcal-Eggetarian-General-Weight-Loss-Option-17.pdf
General Weight Loss,1300,Eggetarian,18,1301,56,47,01-General-Weight-Loss/1300-kcal/1300-kcal-Eggetarian-General-Weight-Loss-Option-18.pdf
General Weight Loss,1300,Eggetarian,19,1298,55,47,01-General-Weight-Loss/1300-kcal/1300-kcal-Eggetarian-General-Weight-Loss-Option-19.pdf
General Weight Loss,1300,Eggetarian,20,1292,50,44,01-General-Weight-Loss/1300-kcal/1300-kcal-Eggetarian-General-Weight-Loss-Option-20.pdf
General Weight Loss,1300,Eggetarian,21,1293,52,42,01-General-Weight-Loss/1300-kcal/1300-kcal-Eggetarian-General-Weight-Loss-Option-21.pdf
General Weight Loss,1300,Eggetarian,22,1312,53,43,01-General-Weight-Loss/1300-kcal/1300-kcal-Eggetarian-General-Weight-Loss-Option-22.pdf
General Weight Loss,1300,Eggetarian,23,1298,54,47,01-General-Weight-Loss/1300-kcal/1300-kcal-Eggetarian-General-Weight-Loss-Option-23.pdf
General Weight Loss,1300,Eggetarian,24,1299,58,46,01-General-Weight-Loss/1300-kcal/1300-kcal-Eggetarian-General-Weight-Loss-Option-24.pdf
General Weight Loss,1300,Eggetarian,25,1302,55,52,01-General-Weight-Loss/1300-kcal/1300-kcal-Eggetarian-General-Weight-Loss-Option-25.pdf
General Weight Loss,1300,Eggetarian,26,1298,52,45,01-General-Weight-Loss/1300-kcal/1300-kcal-Eggetarian-General-Weight-Loss-Option-26.pdf
General Weight Loss,1300,Eggetarian,27,1291,58,45,01-General-Weight-Loss/1300-kcal/1300-kcal-Eggetarian-General-Weight-Loss-Option-27.pdf
General Weight Loss,1300,Eggetarian,28,1307,55,47,01-General-Weight-Loss/1300-kcal/1300-kcal-Eggetarian-General-Weight-Loss-Option-28.pdf
General Weight Loss,1300,Eggetarian,29,1293,55,48,01-General-Weight-Loss/1300-kcal/1300-kcal-Eggetarian-General-Weight-Loss-Option-29.pdf
General Weight Loss,1300,Eggetarian,30,1295,56,42,01-General-Weight-Loss/1300-kcal/1300-kcal-Eggetarian-General-Weight-Loss-Option-30.pdf
General Weight Loss,1300,Non-Vegetarian,1,1305,58,43,01-General-Weight-Loss/1300-kcal/1300-kcal-Non-Vegetarian-General-Weight-Loss-Option-01.pdf
General Weight Loss,1300,Non-Vegetarian,2,1302,65,45,01-General-Weight-Loss/1300-kcal/1300-kcal-Non-Vegetarian-General-Weight-Loss-Option-02.pdf
General Weight Loss,1300,Non-Vegetarian,3,1301,63,50,01-General-Weight-Loss/1300-kcal/1300-kcal-Non-Vegetarian-General-Weight-Loss-Option-03.pdf
General Weight Loss,1300,Non-Vegetarian,4,1305,65,58,01-General-Weight-Loss/1300-kcal/1300-kcal-Non-Vegetarian-General-Weight-Loss-Option-04.pdf
General Weight Loss,1300,Non-Vegetarian,5,1292,67,46,01-General-Weight-Loss/1300-kcal/1300-kcal-Non-Vegetarian-General-Weight-Loss-Option-05.pdf
General Weight Loss,1300,Non-Vegetarian,6,1296,67,58,01-General-Weight-Loss/1300-kcal/1300-kcal-Non-Vegetarian-General-Weight-Loss-Option-06.pdf
General Weight Loss,1300,Non-Vegetarian,7,1301,62,53,01-General-Weight-Loss/1300-kcal/1300-kcal-Non-Vegetarian-General-Weight-Loss-Option-07.pdf
General Weight Loss,1300,Non-Vegetarian,8,1296,60,50,01-General-Weight-Loss/1300-kcal/1300-kcal-Non-Vegetarian-General-Weight-Loss-Option-08.pdf
General Weight Loss,1300,Non-Vegetarian,9,1305,66,50,01-General-Weight-Loss/1300-kcal/1300-kcal-Non-Vegetarian-General-Weight-Loss-Option-09.pdf
General Weight Loss,1300,Non-Vegetarian,10,1305,61,50,01-General-Weight-Loss/1300-kcal/1300-kcal-Non-Vegetarian-General-Weight-Loss-Option-10.pdf
General Weight Loss,1300,Non-Vegetarian,11,1296,59,44,01-General-Weight-Loss/1300-kcal/1300-kcal-Non-Vegetarian-General-Weight-Loss-Option-11.pdf
General Weight Loss,1300,Non-Vegetarian,12,1312,67,57,01-General-Weight-Loss/1300-kcal/1300-kcal-Non-Vegetarian-General-Weight-Loss-Option-12.pdf
General Weight Loss,1300,Non-Vegetarian,13,1292,63,47,01-General-Weight-Loss/1300-kcal/1300-kcal-Non-Vegetarian-General-Weight-Loss-Option-13.pdf
General Weight Loss,1300,Non-Vegetarian,14,1311,62,56,01-General-Weight-Loss/1300-kcal/1300-kcal-Non-Vegetarian-General-Weight-Loss-Option-14.pdf
General Weight Loss,1300,Non-Vegetarian,15,1296,59,49,01-General-Weight-Loss/1300-kcal/1300-kcal-Non-Vegetarian-General-Weight-Loss-Option-15.pdf
General Weight Loss,1300,Non-Vegetarian,16,1297,64,53,01-General-Weight-Loss/1300-kcal/1300-kcal-Non-Vegetarian-General-Weight-Loss-Option-16.pdf
General Weight Loss,1300,Non-Vegetarian,17,1294,62,44,01-General-Weight-Loss/1300-kcal/1300-kcal-Non-Vegetarian-General-Weight-Loss-Option-17.pdf
General Weight Loss,1300,Non-Vegetarian,18,1300,61,48,01-General-Weight-Loss/1300-kcal/1300-kcal-Non-Vegetarian-General-Weight-Loss-Option-18.pdf
General Weight Loss,1300,Non-Vegetarian,19,1299,66,53,01-General-Weight-Loss/1300-kcal/1300-kcal-Non-Vegetarian-General-Weight-Loss-Option-19.pdf
General Weight Loss,1300,Non-Vegetarian,20,1302,60,41,01-General-Weight-Loss/1300-kcal/1300-kcal-Non-Vegetarian-General-Weight-Loss-Option-20.pdf
General Weight Loss,1300,Non-Vegetarian,21,1294,63,51,01-General-Weight-Loss/1300-kcal/1300-kcal-Non-Vegetarian-General-Weight-Loss-Option-21.pdf
General Weight Loss,1300,Non-Vegetarian,22,1316,62,41,01-General-Weight-Loss/1300-kcal/1300-kcal-Non-Vegetarian-General-Weight-Loss-Option-22.pdf
General Weight Loss,1300,Non-Vegetarian,23,1300,61,39,01-General-Weight-Loss/1300-kcal/1300-kcal-Non-Vegetarian-General-Weight-Loss-Option-23.pdf
General Weight Loss,1300,Non-Vegetarian,24,1313,65,52,01-General-Weight-Loss/1300-kcal/1300-kcal-Non-Vegetarian-General-Weight-Loss-Option-24.pdf
General Weight Loss,1300,Non-Vegetarian,25,1299,64,42,01-General-Weight-Loss/1300-kcal/1300-kcal-Non-Vegetarian-General-Weight-Loss-Option-25.pdf
General Weight Loss,1300,Non-Vegetarian,26,1301,64,56,01-General-Weight-Loss/1300-kcal/1300-kcal-Non-Vegetarian-General-Weight-Loss-Option-26.pdf
General Weight Loss,1300,Non-Vegetarian,27,1310,62,51,01-General-Weight-Loss/1300-kcal/1300-kcal-Non-Vegetarian-General-Weight-Loss-Option-27.pdf
General Weight Loss,1300,Non-Vegetarian,28,1294,70,46,01-General-Weight-Loss/1300-kcal/1300-kcal-Non-Vegetarian-General-Weight-Loss-Option-28.pdf
General Weight Loss,1300,Non-Vegetarian,29,1306,62,50,01-General-Weight-Loss/1300-kcal/1300-kcal-Non-Vegetarian-General-Weight-Loss-Option-29.pdf
General Weight Loss,1300,Non-Vegetarian,30,1306,63,53,01-General-Weight-Loss/1300-kcal/1300-kcal-Non-Vegetarian-General-Weight-Loss-Option-30.pdf
General Weight Loss,1400,Vegetarian,1,1404,50,38,01-General-Weight-Loss/1400-kcal/1400-kcal-Vegetarian-General-Weight-Loss-Option-01.pdf
General Weight Loss,1400,Vegetarian,2,1396,54,43,01-General-Weight-Loss/1400-kcal/1400-kcal-Vegetarian-General-Weight-Loss-Option-02.pdf
General Weight Loss,1400,Vegetarian,3,1392,55,48,01-General-Weight-Loss/1400-kcal/1400-kcal-Vegetarian-General-Weight-Loss-Option-03.pdf
General Weight Loss,1400,Vegetarian,4,1398,51,41,01-General-Weight-Loss/1400-kcal/1400-kcal-Vegetarian-General-Weight-Loss-Option-04.pdf
General Weight Loss,1400,Vegetarian,5,1396,52,45,01-General-Weight-Loss/1400-kcal/1400-kcal-Vegetarian-General-Weight-Loss-Option-05.pdf
General Weight Loss,1400,Vegetarian,6,1393,56,48,01-General-Weight-Loss/1400-kcal/1400-kcal-Vegetarian-General-Weight-Loss-Option-06.pdf
General Weight Loss,1400,Vegetarian,7,1399,55,49,01-General-Weight-Loss/1400-kcal/1400-kcal-Vegetarian-General-Weight-Loss-Option-07.pdf
General Weight Loss,1400,Vegetarian,8,1399,55,48,01-General-Weight-Loss/1400-kcal/1400-kcal-Vegetarian-General-Weight-Loss-Option-08.pdf
General Weight Loss,1400,Vegetarian,9,1400,52,44,01-General-Weight-Loss/1400-kcal/1400-kcal-Vegetarian-General-Weight-Loss-Option-09.pdf
General Weight Loss,1400,Vegetarian,10,1406,51,47,01-General-Weight-Loss/1400-kcal/1400-kcal-Vegetarian-General-Weight-Loss-Option-10.pdf
General Weight Loss,1400,Vegetarian,11,1396,52,45,01-General-Weight-Loss/1400-kcal/1400-kcal-Vegetarian-General-Weight-Loss-Option-11.pdf
General Weight Loss,1400,Vegetarian,12,1399,53,49,01-General-Weight-Loss/1400-kcal/1400-kcal-Vegetarian-General-Weight-Loss-Option-12.pdf
General Weight Loss,1400,Vegetarian,13,1394,52,46,01-General-Weight-Loss/1400-kcal/1400-kcal-Vegetarian-General-Weight-Loss-Option-13.pdf
General Weight Loss,1400,Vegetarian,14,1389,55,49,01-General-Weight-Loss/1400-kcal/1400-kcal-Vegetarian-General-Weight-Loss-Option-14.pdf
General Weight Loss,1400,Vegetarian,15,1403,56,45,01-General-Weight-Loss/1400-kcal/1400-kcal-Vegetarian-General-Weight-Loss-Option-15.pdf
General Weight Loss,1400,Vegetarian,16,1402,52,47,01-General-Weight-Loss/1400-kcal/1400-kcal-Vegetarian-General-Weight-Loss-Option-16.pdf
General Weight Loss,1400,Vegetarian,17,1400,50,45,01-General-Weight-Loss/1400-kcal/1400-kcal-Vegetarian-General-Weight-Loss-Option-17.pdf
General Weight Loss,1400,Vegetarian,18,1400,54,50,01-General-Weight-Loss/1400-kcal/1400-kcal-Vegetarian-General-Weight-Loss-Option-18.pdf
General Weight Loss,1400,Vegetarian,19,1406,51,45,01-General-Weight-Loss/1400-kcal/1400-kcal-Vegetarian-General-Weight-Loss-Option-19.pdf
General Weight Loss,1400,Vegetarian,20,1406,52,44,01-General-Weight-Loss/1400-kcal/1400-kcal-Vegetarian-General-Weight-Loss-Option-20.pdf
General Weight Loss,1400,Vegetarian,21,1411,55,48,01-General-Weight-Loss/1400-kcal/1400-kcal-Vegetarian-General-Weight-Loss-Option-21.pdf
General Weight Loss,1400,Vegetarian,22,1411,52,47,01-General-Weight-Loss/1400-kcal/1400-kcal-Vegetarian-General-Weight-Loss-Option-22.pdf
General Weight Loss,1400,Vegetarian,23,1385,52,46,01-General-Weight-Loss/1400-kcal/1400-kcal-Vegetarian-General-Weight-Loss-Option-23.pdf
General Weight Loss,1400,Vegetarian,24,1393,54,43,01-General-Weight-Loss/1400-kcal/1400-kcal-Vegetarian-General-Weight-Loss-Option-24.pdf
General Weight Loss,1400,Vegetarian,25,1395,58,47,01-General-Weight-Loss/1400-kcal/1400-kcal-Vegetarian-General-Weight-Loss-Option-25.pdf
General Weight Loss,1400,Vegetarian,26,1395,51,45,01-General-Weight-Loss/1400-kcal/1400-kcal-Vegetarian-General-Weight-Loss-Option-26.pdf
General Weight Loss,1400,Vegetarian,27,1402,53,45,01-General-Weight-Loss/1400-kcal/1400-kcal-Vegetarian-General-Weight-Loss-Option-27.pdf
General Weight Loss,1400,Vegetarian,28,1391,50,35,01-General-Weight-Loss/1400-kcal/1400-kcal-Vegetarian-General-Weight-Loss-Option-28.pdf
General Weight Loss,1400,Vegetarian,29,1406,53,48,01-General-Weight-Loss/1400-kcal/1400-kcal-Vegetarian-General-Weight-Loss-Option-29.pdf
General Weight Loss,1400,Vegetarian,30,1398,49,45,01-General-Weight-Loss/1400-kcal/1400-kcal-Vegetarian-General-Weight-Loss-Option-30.pdf
General Weight Loss,1400,Vegan,1,1389,48,44,01-General-Weight-Loss/1400-kcal/1400-kcal-Vegan-General-Weight-Loss-Option-01.pdf
General Weight Loss,1400,Vegan,2,1403,52,38,01-General-Weight-Loss/1400-kcal/1400-kcal-Vegan-General-Weight-Loss-Option-02.pdf
General Weight Loss,1400,Vegan,3,1396,51,41,01-General-Weight-Loss/1400-kcal/1400-kcal-Vegan-General-Weight-Loss-Option-03.pdf
General Weight Loss,1400,Vegan,4,1395,51,44,01-General-Weight-Loss/1400-kcal/1400-kcal-Vegan-General-Weight-Loss-Option-04.pdf
General Weight Loss,1400,Vegan,5,1391,54,42,01-General-Weight-Loss/1400-kcal/1400-kcal-Vegan-General-Weight-Loss-Option-05.pdf
General Weight Loss,1400,Vegan,6,1405,55,51,01-General-Weight-Loss/1400-kcal/1400-kcal-Vegan-General-Weight-Loss-Option-06.pdf
General Weight Loss,1400,Vegan,7,1394,53,48,01-General-Weight-Loss/1400-kcal/1400-kcal-Vegan-General-Weight-Loss-Option-07.pdf
General Weight Loss,1400,Vegan,8,1404,53,49,01-General-Weight-Loss/1400-kcal/1400-kcal-Vegan-General-Weight-Loss-Option-08.pdf
General Weight Loss,1400,Vegan,9,1400,51,45,01-General-Weight-Loss/1400-kcal/1400-kcal-Vegan-General-Weight-Loss-Option-09.pdf
General Weight Loss,1400,Vegan,10,1410,50,45,01-General-Weight-Loss/1400-kcal/1400-kcal-Vegan-General-Weight-Loss-Option-10.pdf
General Weight Loss,1400,Vegan,11,1394,48,45,01-General-Weight-Loss/1400-kcal/1400-kcal-Vegan-General-Weight-Loss-Option-11.pdf
General Weight Loss,1400,Vegan,12,1385,54,46,01-General-Weight-Loss/1400-kcal/1400-kcal-Vegan-General-Weight-Loss-Option-12.pdf
General Weight Loss,1400,Vegan,13,1391,53,43,01-General-Weight-Loss/1400-kcal/1400-kcal-Vegan-General-Weight-Loss-Option-13.pdf
General Weight Loss,1400,Vegan,14,1395,52,49,01-General-Weight-Loss/1400-kcal/1400-kcal-Vegan-General-Weight-Loss-Option-14.pdf
General Weight Loss,1400,Vegan,15,1396,51,41,01-General-Weight-Loss/1400-kcal/1400-kcal-Vegan-General-Weight-Loss-Option-15.pdf
General Weight Loss,1400,Vegan,16,1396,54,45,01-General-Weight-Loss/1400-kcal/1400-kcal-Vegan-General-Weight-Loss-Option-16.pdf
General Weight Loss,1400,Vegan,17,1404,49,44,01-General-Weight-Loss/1400-kcal/1400-kcal-Vegan-General-Weight-Loss-Option-17.pdf
General Weight Loss,1400,Vegan,18,1398,51,46,01-General-Weight-Loss/1400-kcal/1400-kcal-Vegan-General-Weight-Loss-Option-18.pdf
General Weight Loss,1400,Vegan,19,1393,52,48,01-General-Weight-Loss/1400-kcal/1400-kcal-Vegan-General-Weight-Loss-Option-19.pdf
General Weight Loss,1400,Vegan,20,1394,52,46,01-General-Weight-Loss/1400-kcal/1400-kcal-Vegan-General-Weight-Loss-Option-20.pdf
General Weight Loss,1400,Vegan,21,1382,53,45,01-General-Weight-Loss/1400-kcal/1400-kcal-Vegan-General-Weight-Loss-Option-21.pdf
General Weight Loss,1400,Vegan,22,1396,51,48,01-General-Weight-Loss/1400-kcal/1400-kcal-Vegan-General-Weight-Loss-Option-22.pdf
General Weight Loss,1400,Vegan,23,1404,51,42,01-General-Weight-Loss/1400-kcal/1400-kcal-Vegan-General-Weight-Loss-Option-23.pdf
General Weight Loss,1400,Vegan,24,1388,47,42,01-General-Weight-Loss/1400-kcal/1400-kcal-Vegan-General-Weight-Loss-Option-24.pdf
General Weight Loss,1400,Vegan,25,1393,52,50,01-General-Weight-Loss/1400-kcal/1400-kcal-Vegan-General-Weight-Loss-Option-25.pdf
General Weight Loss,1400,Vegan,26,1391,49,40,01-General-Weight-Loss/1400-kcal/1400-kcal-Vegan-General-Weight-Loss-Option-26.pdf
General Weight Loss,1400,Vegan,27,1392,51,49,01-General-Weight-Loss/1400-kcal/1400-kcal-Vegan-General-Weight-Loss-Option-27.pdf
General Weight Loss,1400,Vegan,28,1410,56,45,01-General-Weight-Loss/1400-kcal/1400-kcal-Vegan-General-Weight-Loss-Option-28.pdf
General Weight Loss,1400,Vegan,29,1387,51,45,01-General-Weight-Loss/1400-kcal/1400-kcal-Vegan-General-Weight-Loss-Option-29.pdf
General Weight Loss,1400,Vegan,30,1391,50,40,01-General-Weight-Loss/1400-kcal/1400-kcal-Vegan-General-Weight-Loss-Option-30.pdf
General Weight Loss,1400,Eggetarian,1,1406,59,43,01-General-Weight-Loss/1400-kcal/1400-kcal-Eggetarian-General-Weight-Loss-Option-01.pdf
General Weight Loss,1400,Eggetarian,2,1406,58,48,01-General-Weight-Loss/1400-kcal/1400-kcal-Eggetarian-General-Weight-Loss-Option-02.pdf
General Weight Loss,1400,Eggetarian,3,1397,59,46,01-General-Weight-Loss/1400-kcal/1400-kcal-Eggetarian-General-Weight-Loss-Option-03.pdf
General Weight Loss,1400,Eggetarian,4,1400,56,48,01-General-Weight-Loss/1400-kcal/1400-kcal-Eggetarian-General-Weight-Loss-Option-04.pdf
General Weight Loss,1400,Eggetarian,5,1385,60,48,01-General-Weight-Loss/1400-kcal/1400-kcal-Eggetarian-General-Weight-Loss-Option-05.pdf
General Weight Loss,1400,Eggetarian,6,1399,64,52,01-General-Weight-Loss/1400-kcal/1400-kcal-Eggetarian-General-Weight-Loss-Option-06.pdf
General Weight Loss,1400,Eggetarian,7,1396,59,44,01-General-Weight-Loss/1400-kcal/1400-kcal-Eggetarian-General-Weight-Loss-Option-07.pdf
General Weight Loss,1400,Eggetarian,8,1397,56,46,01-General-Weight-Loss/1400-kcal/1400-kcal-Eggetarian-General-Weight-Loss-Option-08.pdf
General Weight Loss,1400,Eggetarian,9,1401,58,49,01-General-Weight-Loss/1400-kcal/1400-kcal-Eggetarian-General-Weight-Loss-Option-09.pdf
General Weight Loss,1400,Eggetarian,10,1390,57,42,01-General-Weight-Loss/1400-kcal/1400-kcal-Eggetarian-General-Weight-Loss-Option-10.pdf
General Weight Loss,1400,Eggetarian,11,1416,61,52,01-General-Weight-Loss/1400-kcal/1400-kcal-Eggetarian-General-Weight-Loss-Option-11.pdf
General Weight Loss,1400,Eggetarian,12,1391,56,42,01-General-Weight-Loss/1400-kcal/1400-kcal-Eggetarian-General-Weight-Loss-Option-12.pdf
General Weight Loss,1400,Eggetarian,13,1399,60,52,01-General-Weight-Loss/1400-kcal/1400-kcal-Eggetarian-General-Weight-Loss-Option-13.pdf
General Weight Loss,1400,Eggetarian,14,1395,61,44,01-General-Weight-Loss/1400-kcal/1400-kcal-Eggetarian-General-Weight-Loss-Option-14.pdf
General Weight Loss,1400,Eggetarian,15,1406,58,45,01-General-Weight-Loss/1400-kcal/1400-kcal-Eggetarian-General-Weight-Loss-Option-15.pdf
General Weight Loss,1400,Eggetarian,16,1388,57,48,01-General-Weight-Loss/1400-kcal/1400-kcal-Eggetarian-General-Weight-Loss-Option-16.pdf
General Weight Loss,1400,Eggetarian,17,1409,62,53,01-General-Weight-Loss/1400-kcal/1400-kcal-Eggetarian-General-Weight-Loss-Option-17.pdf
General Weight Loss,1400,Eggetarian,18,1401,61,44,01-General-Weight-Loss/1400-kcal/1400-kcal-Eggetarian-General-Weight-Loss-Option-18.pdf
General Weight Loss,1400,Eggetarian,19,1408,64,56,01-General-Weight-Loss/1400-kcal/1400-kcal-Eggetarian-General-Weight-Loss-Option-19.pdf
General Weight Loss,1400,Eggetarian,20,1394,65,52,01-General-Weight-Loss/1400-kcal/1400-kcal-Eggetarian-General-Weight-Loss-Option-20.pdf
General Weight Loss,1400,Eggetarian,21,1395,61,50,01-General-Weight-Loss/1400-kcal/1400-kcal-Eggetarian-General-Weight-Loss-Option-21.pdf
General Weight Loss,1400,Eggetarian,22,1408,60,49,01-General-Weight-Loss/1400-kcal/1400-kcal-Eggetarian-General-Weight-Loss-Option-22.pdf
General Weight Loss,1400,Eggetarian,23,1400,59,47,01-General-Weight-Loss/1400-kcal/1400-kcal-Eggetarian-General-Weight-Loss-Option-23.pdf
General Weight Loss,1400,Eggetarian,24,1406,63,44,01-General-Weight-Loss/1400-kcal/1400-kcal-Eggetarian-General-Weight-Loss-Option-24.pdf
General Weight Loss,1400,Eggetarian,25,1400,61,53,01-General-Weight-Loss/1400-kcal/1400-kcal-Eggetarian-General-Weight-Loss-Option-25.pdf
General Weight Loss,1400,Eggetarian,26,1396,61,52,01-General-Weight-Loss/1400-kcal/1400-kcal-Eggetarian-General-Weight-Loss-Option-26.pdf
General Weight Loss,1400,Eggetarian,27,1402,58,48,01-General-Weight-Loss/1400-kcal/1400-kcal-Eggetarian-General-Weight-Loss-Option-27.pdf
General Weight Loss,1400,Eggetarian,28,1406,63,52,01-General-Weight-Loss/1400-kcal/1400-kcal-Eggetarian-General-Weight-Loss-Option-28.pdf
General Weight Loss,1400,Eggetarian,29,1406,61,48,01-General-Weight-Loss/1400-kcal/1400-kcal-Eggetarian-General-Weight-Loss-Option-29.pdf
General Weight Loss,1400,Eggetarian,30,1405,58,43,01-General-Weight-Loss/1400-kcal/1400-kcal-Eggetarian-General-Weight-Loss-Option-30.pdf
General Weight Loss,1400,Non-Vegetarian,1,1384,71,56,01-General-Weight-Loss/1400-kcal/1400-kcal-Non-Vegetarian-General-Weight-Loss-Option-01.pdf
General Weight Loss,1400,Non-Vegetarian,2,1398,62,45,01-General-Weight-Loss/1400-kcal/1400-kcal-Non-Vegetarian-General-Weight-Loss-Option-02.pdf
General Weight Loss,1400,Non-Vegetarian,3,1398,72,57,01-General-Weight-Loss/1400-kcal/1400-kcal-Non-Vegetarian-General-Weight-Loss-Option-03.pdf
General Weight Loss,1400,Non-Vegetarian,4,1410,67,53,01-General-Weight-Loss/1400-kcal/1400-kcal-Non-Vegetarian-General-Weight-Loss-Option-04.pdf
General Weight Loss,1400,Non-Vegetarian,5,1389,69,55,01-General-Weight-Loss/1400-kcal/1400-kcal-Non-Vegetarian-General-Weight-Loss-Option-05.pdf
General Weight Loss,1400,Non-Vegetarian,6,1391,67,59,01-General-Weight-Loss/1400-kcal/1400-kcal-Non-Vegetarian-General-Weight-Loss-Option-06.pdf
General Weight Loss,1400,Non-Vegetarian,7,1392,71,56,01-General-Weight-Loss/1400-kcal/1400-kcal-Non-Vegetarian-General-Weight-Loss-Option-07.pdf
General Weight Loss,1400,Non-Vegetarian,8,1406,71,56,01-General-Weight-Loss/1400-kcal/1400-kcal-Non-Vegetarian-General-Weight-Loss-Option-08.pdf
General Weight Loss,1400,Non-Vegetarian,9,1398,68,55,01-General-Weight-Loss/1400-kcal/1400-kcal-Non-Vegetarian-General-Weight-Loss-Option-09.pdf
General Weight Loss,1400,Non-Vegetarian,10,1395,70,56,01-General-Weight-Loss/1400-kcal/1400-kcal-Non-Vegetarian-General-Weight-Loss-Option-10.pdf
General Weight Loss,1400,Non-Vegetarian,11,1410,66,52,01-General-Weight-Loss/1400-kcal/1400-kcal-Non-Vegetarian-General-Weight-Loss-Option-11.pdf
General Weight Loss,1400,Non-Vegetarian,12,1410,69,49,01-General-Weight-Loss/1400-kcal/1400-kcal-Non-Vegetarian-General-Weight-Loss-Option-12.pdf
General Weight Loss,1400,Non-Vegetarian,13,1400,65,51,01-General-Weight-Loss/1400-kcal/1400-kcal-Non-Vegetarian-General-Weight-Loss-Option-13.pdf
General Weight Loss,1400,Non-Vegetarian,14,1398,65,49,01-General-Weight-Loss/1400-kcal/1400-kcal-Non-Vegetarian-General-Weight-Loss-Option-14.pdf
General Weight Loss,1400,Non-Vegetarian,15,1411,68,57,01-General-Weight-Loss/1400-kcal/1400-kcal-Non-Vegetarian-General-Weight-Loss-Option-15.pdf
General Weight Loss,1400,Non-Vegetarian,16,1401,74,57,01-General-Weight-Loss/1400-kcal/1400-kcal-Non-Vegetarian-General-Weight-Loss-Option-16.pdf
General Weight Loss,1400,Non-Vegetarian,17,1399,70,53,01-General-Weight-Loss/1400-kcal/1400-kcal-Non-Vegetarian-General-Weight-Loss-Option-17.pdf
General Weight Loss,1400,Non-Vegetarian,18,1404,66,56,01-General-Weight-Loss/1400-kcal/1400-kcal-Non-Vegetarian-General-Weight-Loss-Option-18.pdf
General Weight Loss,1400,Non-Vegetarian,19,1400,67,53,01-General-Weight-Loss/1400-kcal/1400-kcal-Non-Vegetarian-General-Weight-Loss-Option-19.pdf
General Weight Loss,1400,Non-Vegetarian,20,1401,70,53,01-General-Weight-Loss/1400-kcal/1400-kcal-Non-Vegetarian-General-Weight-Loss-Option-20.pdf
General Weight Loss,1400,Non-Vegetarian,21,1391,65,53,01-General-Weight-Loss/1400-kcal/1400-kcal-Non-Vegetarian-General-Weight-Loss-Option-21.pdf
General Weight Loss,1400,Non-Vegetarian,22,1396,67,51,01-General-Weight-Loss/1400-kcal/1400-kcal-Non-Vegetarian-General-Weight-Loss-Option-22.pdf
General Weight Loss,1400,Non-Vegetarian,23,1401,72,58,01-General-Weight-Loss/1400-kcal/1400-kcal-Non-Vegetarian-General-Weight-Loss-Option-23.pdf
General Weight Loss,1400,Non-Vegetarian,24,1403,62,54,01-General-Weight-Loss/1400-kcal/1400-kcal-Non-Vegetarian-General-Weight-Loss-Option-24.pdf
General Weight Loss,1400,Non-Vegetarian,25,1412,74,60,01-General-Weight-Loss/1400-kcal/1400-kcal-Non-Vegetarian-General-Weight-Loss-Option-25.pdf
General Weight Loss,1400,Non-Vegetarian,26,1403,71,62,01-General-Weight-Loss/1400-kcal/1400-kcal-Non-Vegetarian-General-Weight-Loss-Option-26.pdf
General Weight Loss,1400,Non-Vegetarian,27,1399,65,53,01-General-Weight-Loss/1400-kcal/1400-kcal-Non-Vegetarian-General-Weight-Loss-Option-27.pdf
General Weight Loss,1400,Non-Vegetarian,28,1389,67,55,01-General-Weight-Loss/1400-kcal/1400-kcal-Non-Vegetarian-General-Weight-Loss-Option-28.pdf
General Weight Loss,1400,Non-Vegetarian,29,1397,68,59,01-General-Weight-Loss/1400-kcal/1400-kcal-Non-Vegetarian-General-Weight-Loss-Option-29.pdf
General Weight Loss,1400,Non-Vegetarian,30,1407,68,59,01-General-Weight-Loss/1400-kcal/1400-kcal-Non-Vegetarian-General-Weight-Loss-Option-30.pdf
General Weight Loss,1500,Vegetarian,1,1488,55,44,01-General-Weight-Loss/1500-kcal/1500-kcal-Vegetarian-General-Weight-Loss-Option-01.pdf
General Weight Loss,1500,Vegetarian,2,1496,56,51,01-General-Weight-Loss/1500-kcal/1500-kcal-Vegetarian-General-Weight-Loss-Option-02.pdf
General Weight Loss,1500,Vegetarian,3,1490,58,51,01-General-Weight-Loss/1500-kcal/1500-kcal-Vegetarian-General-Weight-Loss-Option-03.pdf
General Weight Loss,1500,Vegetarian,4,1487,55,49,01-General-Weight-Loss/1500-kcal/1500-kcal-Vegetarian-General-Weight-Loss-Option-04.pdf
General Weight Loss,1500,Vegetarian,5,1500,54,42,01-General-Weight-Loss/1500-kcal/1500-kcal-Vegetarian-General-Weight-Loss-Option-05.pdf
General Weight Loss,1500,Vegetarian,6,1495,53,49,01-General-Weight-Loss/1500-kcal/1500-kcal-Vegetarian-General-Weight-Loss-Option-06.pdf
General Weight Loss,1500,Vegetarian,7,1494,55,49,01-General-Weight-Loss/1500-kcal/1500-kcal-Vegetarian-General-Weight-Loss-Option-07.pdf
General Weight Loss,1500,Vegetarian,8,1506,60,56,01-General-Weight-Loss/1500-kcal/1500-kcal-Vegetarian-General-Weight-Loss-Option-08.pdf
General Weight Loss,1500,Vegetarian,9,1491,55,45,01-General-Weight-Loss/1500-kcal/1500-kcal-Vegetarian-General-Weight-Loss-Option-09.pdf
General Weight Loss,1500,Vegetarian,10,1504,57,43,01-General-Weight-Loss/1500-kcal/1500-kcal-Vegetarian-General-Weight-Loss-Option-10.pdf
General Weight Loss,1500,Vegetarian,11,1500,56,48,01-General-Weight-Loss/1500-kcal/1500-kcal-Vegetarian-General-Weight-Loss-Option-11.pdf
General Weight Loss,1500,Vegetarian,12,1497,59,52,01-General-Weight-Loss/1500-kcal/1500-kcal-Vegetarian-General-Weight-Loss-Option-12.pdf
General Weight Loss,1500,Vegetarian,13,1503,56,49,01-General-Weight-Loss/1500-kcal/1500-kcal-Vegetarian-General-Weight-Loss-Option-13.pdf
General Weight Loss,1500,Vegetarian,14,1500,53,47,01-General-Weight-Loss/1500-kcal/1500-kcal-Vegetarian-General-Weight-Loss-Option-14.pdf
General Weight Loss,1500,Vegetarian,15,1488,59,55,01-General-Weight-Loss/1500-kcal/1500-kcal-Vegetarian-General-Weight-Loss-Option-15.pdf
General Weight Loss,1500,Vegetarian,16,1503,59,50,01-General-Weight-Loss/1500-kcal/1500-kcal-Vegetarian-General-Weight-Loss-Option-16.pdf
General Weight Loss,1500,Vegetarian,17,1490,56,51,01-General-Weight-Loss/1500-kcal/1500-kcal-Vegetarian-General-Weight-Loss-Option-17.pdf
General Weight Loss,1500,Vegetarian,18,1498,57,48,01-General-Weight-Loss/1500-kcal/1500-kcal-Vegetarian-General-Weight-Loss-Option-18.pdf
General Weight Loss,1500,Vegetarian,19,1498,56,49,01-General-Weight-Loss/1500-kcal/1500-kcal-Vegetarian-General-Weight-Loss-Option-19.pdf
General Weight Loss,1500,Vegetarian,20,1506,54,50,01-General-Weight-Loss/1500-kcal/1500-kcal-Vegetarian-General-Weight-Loss-Option-20.pdf
General Weight Loss,1500,Vegetarian,21,1491,58,50,01-General-Weight-Loss/1500-kcal/1500-kcal-Vegetarian-General-Weight-Loss-Option-21.pdf
General Weight Loss,1500,Vegetarian,22,1497,52,48,01-General-Weight-Loss/1500-kcal/1500-kcal-Vegetarian-General-Weight-Loss-Option-22.pdf
General Weight Loss,1500,Vegetarian,23,1490,52,48,01-General-Weight-Loss/1500-kcal/1500-kcal-Vegetarian-General-Weight-Loss-Option-23.pdf
General Weight Loss,1500,Vegetarian,24,1482,55,47,01-General-Weight-Loss/1500-kcal/1500-kcal-Vegetarian-General-Weight-Loss-Option-24.pdf
General Weight Loss,1500,Vegetarian,25,1486,55,49,01-General-Weight-Loss/1500-kcal/1500-kcal-Vegetarian-General-Weight-Loss-Option-25.pdf
General Weight Loss,1500,Vegetarian,26,1500,59,49,01-General-Weight-Loss/1500-kcal/1500-kcal-Vegetarian-General-Weight-Loss-Option-26.pdf
General Weight Loss,1500,Vegetarian,27,1507,57,52,01-General-Weight-Loss/1500-kcal/1500-kcal-Vegetarian-General-Weight-Loss-Option-27.pdf
General Weight Loss,1500,Vegetarian,28,1506,55,46,01-General-Weight-Loss/1500-kcal/1500-kcal-Vegetarian-General-Weight-Loss-Option-28.pdf
General Weight Loss,1500,Vegetarian,29,1497,54,47,01-General-Weight-Loss/1500-kcal/1500-kcal-Vegetarian-General-Weight-Loss-Option-29.pdf
General Weight Loss,1500,Vegetarian,30,1492,56,47,01-General-Weight-Loss/1500-kcal/1500-kcal-Vegetarian-General-Weight-Loss-Option-30.pdf
General Weight Loss,1500,Vegan,1,1479,54,46,01-General-Weight-Loss/1500-kcal/1500-kcal-Vegan-General-Weight-Loss-Option-01.pdf
General Weight Loss,1500,Vegan,2,1490,55,44,01-General-Weight-Loss/1500-kcal/1500-kcal-Vegan-General-Weight-Loss-Option-02.pdf
General Weight Loss,1500,Vegan,3,1495,51,42,01-General-Weight-Loss/1500-kcal/1500-kcal-Vegan-General-Weight-Loss-Option-03.pdf
General Weight Loss,1500,Vegan,4,1502,57,51,01-General-Weight-Loss/1500-kcal/1500-kcal-Vegan-General-Weight-Loss-Option-04.pdf
General Weight Loss,1500,Vegan,5,1484,53,47,01-General-Weight-Loss/1500-kcal/1500-kcal-Vegan-General-Weight-Loss-Option-05.pdf
General Weight Loss,1500,Vegan,6,1496,55,52,01-General-Weight-Loss/1500-kcal/1500-kcal-Vegan-General-Weight-Loss-Option-06.pdf
General Weight Loss,1500,Vegan,7,1500,53,44,01-General-Weight-Loss/1500-kcal/1500-kcal-Vegan-General-Weight-Loss-Option-07.pdf
General Weight Loss,1500,Vegan,8,1499,58,51,01-General-Weight-Loss/1500-kcal/1500-kcal-Vegan-General-Weight-Loss-Option-08.pdf
General Weight Loss,1500,Vegan,9,1495,57,51,01-General-Weight-Loss/1500-kcal/1500-kcal-Vegan-General-Weight-Loss-Option-09.pdf
General Weight Loss,1500,Vegan,10,1501,55,47,01-General-Weight-Loss/1500-kcal/1500-kcal-Vegan-General-Weight-Loss-Option-10.pdf
General Weight Loss,1500,Vegan,11,1489,51,44,01-General-Weight-Loss/1500-kcal/1500-kcal-Vegan-General-Weight-Loss-Option-11.pdf
General Weight Loss,1500,Vegan,12,1504,56,50,01-General-Weight-Loss/1500-kcal/1500-kcal-Vegan-General-Weight-Loss-Option-12.pdf
General Weight Loss,1500,Vegan,13,1488,54,46,01-General-Weight-Loss/1500-kcal/1500-kcal-Vegan-General-Weight-Loss-Option-13.pdf
General Weight Loss,1500,Vegan,14,1504,57,51,01-General-Weight-Loss/1500-kcal/1500-kcal-Vegan-General-Weight-Loss-Option-14.pdf
General Weight Loss,1500,Vegan,15,1490,51,46,01-General-Weight-Loss/1500-kcal/1500-kcal-Vegan-General-Weight-Loss-Option-15.pdf
General Weight Loss,1500,Vegan,16,1496,53,47,01-General-Weight-Loss/1500-kcal/1500-kcal-Vegan-General-Weight-Loss-Option-16.pdf
General Weight Loss,1500,Vegan,17,1504,56,47,01-General-Weight-Loss/1500-kcal/1500-kcal-Vegan-General-Weight-Loss-Option-17.pdf
General Weight Loss,1500,Vegan,18,1485,55,46,01-General-Weight-Loss/1500-kcal/1500-kcal-Vegan-General-Weight-Loss-Option-18.pdf
General Weight Loss,1500,Vegan,19,1487,59,51,01-General-Weight-Loss/1500-kcal/1500-kcal-Vegan-General-Weight-Loss-Option-19.pdf
General Weight Loss,1500,Vegan,20,1493,51,38,01-General-Weight-Loss/1500-kcal/1500-kcal-Vegan-General-Weight-Loss-Option-20.pdf
General Weight Loss,1500,Vegan,21,1495,57,46,01-General-Weight-Loss/1500-kcal/1500-kcal-Vegan-General-Weight-Loss-Option-21.pdf
General Weight Loss,1500,Vegan,22,1502,56,49,01-General-Weight-Loss/1500-kcal/1500-kcal-Vegan-General-Weight-Loss-Option-22.pdf
General Weight Loss,1500,Vegan,23,1494,57,48,01-General-Weight-Loss/1500-kcal/1500-kcal-Vegan-General-Weight-Loss-Option-23.pdf
General Weight Loss,1500,Vegan,24,1492,55,43,01-General-Weight-Loss/1500-kcal/1500-kcal-Vegan-General-Weight-Loss-Option-24.pdf
General Weight Loss,1500,Vegan,25,1494,57,50,01-General-Weight-Loss/1500-kcal/1500-kcal-Vegan-General-Weight-Loss-Option-25.pdf
General Weight Loss,1500,Vegan,26,1489,55,47,01-General-Weight-Loss/1500-kcal/1500-kcal-Vegan-General-Weight-Loss-Option-26.pdf
General Weight Loss,1500,Vegan,27,1496,54,51,01-General-Weight-Loss/1500-kcal/1500-kcal-Vegan-General-Weight-Loss-Option-27.pdf
General Weight Loss,1500,Vegan,28,1499,53,49,01-General-Weight-Loss/1500-kcal/1500-kcal-Vegan-General-Weight-Loss-Option-28.pdf
General Weight Loss,1500,Vegan,29,1494,53,45,01-General-Weight-Loss/1500-kcal/1500-kcal-Vegan-General-Weight-Loss-Option-29.pdf
General Weight Loss,1500,Vegan,30,1500,54,45,01-General-Weight-Loss/1500-kcal/1500-kcal-Vegan-General-Weight-Loss-Option-30.pdf
General Weight Loss,1500,Eggetarian,1,1482,62,50,01-General-Weight-Loss/1500-kcal/1500-kcal-Eggetarian-General-Weight-Loss-Option-01.pdf
General Weight Loss,1500,Eggetarian,2,1500,61,47,01-General-Weight-Loss/1500-kcal/1500-kcal-Eggetarian-General-Weight-Loss-Option-02.pdf
General Weight Loss,1500,Eggetarian,3,1492,62,53,01-General-Weight-Loss/1500-kcal/1500-kcal-Eggetarian-General-Weight-Loss-Option-03.pdf
General Weight Loss,1500,Eggetarian,4,1502,64,52,01-General-Weight-Loss/1500-kcal/1500-kcal-Eggetarian-General-Weight-Loss-Option-04.pdf
General Weight Loss,1500,Eggetarian,5,1496,62,46,01-General-Weight-Loss/1500-kcal/1500-kcal-Eggetarian-General-Weight-Loss-Option-05.pdf
General Weight Loss,1500,Eggetarian,6,1502,65,50,01-General-Weight-Loss/1500-kcal/1500-kcal-Eggetarian-General-Weight-Loss-Option-06.pdf
General Weight Loss,1500,Eggetarian,7,1490,64,55,01-General-Weight-Loss/1500-kcal/1500-kcal-Eggetarian-General-Weight-Loss-Option-07.pdf
General Weight Loss,1500,Eggetarian,8,1495,67,56,01-General-Weight-Loss/1500-kcal/1500-kcal-Eggetarian-General-Weight-Loss-Option-08.pdf
General Weight Loss,1500,Eggetarian,9,1502,63,50,01-General-Weight-Loss/1500-kcal/1500-kcal-Eggetarian-General-Weight-Loss-Option-09.pdf
General Weight Loss,1500,Eggetarian,10,1498,65,55,01-General-Weight-Loss/1500-kcal/1500-kcal-Eggetarian-General-Weight-Loss-Option-10.pdf
General Weight Loss,1500,Eggetarian,11,1500,66,58,01-General-Weight-Loss/1500-kcal/1500-kcal-Eggetarian-General-Weight-Loss-Option-11.pdf
General Weight Loss,1500,Eggetarian,12,1507,66,49,01-General-Weight-Loss/1500-kcal/1500-kcal-Eggetarian-General-Weight-Loss-Option-12.pdf
General Weight Loss,1500,Eggetarian,13,1502,63,50,01-General-Weight-Loss/1500-kcal/1500-kcal-Eggetarian-General-Weight-Loss-Option-13.pdf
General Weight Loss,1500,Eggetarian,14,1501,65,57,01-General-Weight-Loss/1500-kcal/1500-kcal-Eggetarian-General-Weight-Loss-Option-14.pdf
General Weight Loss,1500,Eggetarian,15,1498,64,52,01-General-Weight-Loss/1500-kcal/1500-kcal-Eggetarian-General-Weight-Loss-Option-15.pdf
General Weight Loss,1500,Eggetarian,16,1487,64,51,01-General-Weight-Loss/1500-kcal/1500-kcal-Eggetarian-General-Weight-Loss-Option-16.pdf
General Weight Loss,1500,Eggetarian,17,1489,61,46,01-General-Weight-Loss/1500-kcal/1500-kcal-Eggetarian-General-Weight-Loss-Option-17.pdf
General Weight Loss,1500,Eggetarian,18,1489,64,53,01-General-Weight-Loss/1500-kcal/1500-kcal-Eggetarian-General-Weight-Loss-Option-18.pdf
General Weight Loss,1500,Eggetarian,19,1506,65,48,01-General-Weight-Loss/1500-kcal/1500-kcal-Eggetarian-General-Weight-Loss-Option-19.pdf
General Weight Loss,1500,Eggetarian,20,1493,63,46,01-General-Weight-Loss/1500-kcal/1500-kcal-Eggetarian-General-Weight-Loss-Option-20.pdf
General Weight Loss,1500,Eggetarian,21,1500,67,52,01-General-Weight-Loss/1500-kcal/1500-kcal-Eggetarian-General-Weight-Loss-Option-21.pdf
General Weight Loss,1500,Eggetarian,22,1505,66,55,01-General-Weight-Loss/1500-kcal/1500-kcal-Eggetarian-General-Weight-Loss-Option-22.pdf
General Weight Loss,1500,Eggetarian,23,1499,66,49,01-General-Weight-Loss/1500-kcal/1500-kcal-Eggetarian-General-Weight-Loss-Option-23.pdf
General Weight Loss,1500,Eggetarian,24,1499,63,49,01-General-Weight-Loss/1500-kcal/1500-kcal-Eggetarian-General-Weight-Loss-Option-24.pdf
General Weight Loss,1500,Eggetarian,25,1505,62,47,01-General-Weight-Loss/1500-kcal/1500-kcal-Eggetarian-General-Weight-Loss-Option-25.pdf
General Weight Loss,1500,Eggetarian,26,1498,62,51,01-General-Weight-Loss/1500-kcal/1500-kcal-Eggetarian-General-Weight-Loss-Option-26.pdf
General Weight Loss,1500,Eggetarian,27,1491,64,40,01-General-Weight-Loss/1500-kcal/1500-kcal-Eggetarian-General-Weight-Loss-Option-27.pdf
General Weight Loss,1500,Eggetarian,28,1490,62,52,01-General-Weight-Loss/1500-kcal/1500-kcal-Eggetarian-General-Weight-Loss-Option-28.pdf
General Weight Loss,1500,Eggetarian,29,1495,60,53,01-General-Weight-Loss/1500-kcal/1500-kcal-Eggetarian-General-Weight-Loss-Option-29.pdf
General Weight Loss,1500,Eggetarian,30,1502,63,54,01-General-Weight-Loss/1500-kcal/1500-kcal-Eggetarian-General-Weight-Loss-Option-30.pdf
General Weight Loss,1500,Non-Vegetarian,1,1501,71,65,01-General-Weight-Loss/1500-kcal/1500-kcal-Non-Vegetarian-General-Weight-Loss-Option-01.pdf
General Weight Loss,1500,Non-Vegetarian,2,1491,68,54,01-General-Weight-Loss/1500-kcal/1500-kcal-Non-Vegetarian-General-Weight-Loss-Option-02.pdf
General Weight Loss,1500,Non-Vegetarian,3,1493,68,62,01-General-Weight-Loss/1500-kcal/1500-kcal-Non-Vegetarian-General-Weight-Loss-Option-03.pdf
General Weight Loss,1500,Non-Vegetarian,4,1497,70,62,01-General-Weight-Loss/1500-kcal/1500-kcal-Non-Vegetarian-General-Weight-Loss-Option-04.pdf
General Weight Loss,1500,Non-Vegetarian,5,1507,74,64,01-General-Weight-Loss/1500-kcal/1500-kcal-Non-Vegetarian-General-Weight-Loss-Option-05.pdf
General Weight Loss,1500,Non-Vegetarian,6,1492,74,59,01-General-Weight-Loss/1500-kcal/1500-kcal-Non-Vegetarian-General-Weight-Loss-Option-06.pdf
General Weight Loss,1500,Non-Vegetarian,7,1499,76,61,01-General-Weight-Loss/1500-kcal/1500-kcal-Non-Vegetarian-General-Weight-Loss-Option-07.pdf
General Weight Loss,1500,Non-Vegetarian,8,1500,74,60,01-General-Weight-Loss/1500-kcal/1500-kcal-Non-Vegetarian-General-Weight-Loss-Option-08.pdf
General Weight Loss,1500,Non-Vegetarian,9,1491,71,55,01-General-Weight-Loss/1500-kcal/1500-kcal-Non-Vegetarian-General-Weight-Loss-Option-09.pdf
General Weight Loss,1500,Non-Vegetarian,10,1487,70,60,01-General-Weight-Loss/1500-kcal/1500-kcal-Non-Vegetarian-General-Weight-Loss-Option-10.pdf
General Weight Loss,1500,Non-Vegetarian,11,1501,70,49,01-General-Weight-Loss/1500-kcal/1500-kcal-Non-Vegetarian-General-Weight-Loss-Option-11.pdf
General Weight Loss,1500,Non-Vegetarian,12,1504,76,62,01-General-Weight-Loss/1500-kcal/1500-kcal-Non-Vegetarian-General-Weight-Loss-Option-12.pdf
General Weight Loss,1500,Non-Vegetarian,13,1504,68,59,01-General-Weight-Loss/1500-kcal/1500-kcal-Non-Vegetarian-General-Weight-Loss-Option-13.pdf
General Weight Loss,1500,Non-Vegetarian,14,1497,73,63,01-General-Weight-Loss/1500-kcal/1500-kcal-Non-Vegetarian-General-Weight-Loss-Option-14.pdf
General Weight Loss,1500,Non-Vegetarian,15,1516,75,51,01-General-Weight-Loss/1500-kcal/1500-kcal-Non-Vegetarian-General-Weight-Loss-Option-15.pdf
General Weight Loss,1500,Non-Vegetarian,16,1512,66,54,01-General-Weight-Loss/1500-kcal/1500-kcal-Non-Vegetarian-General-Weight-Loss-Option-16.pdf
General Weight Loss,1500,Non-Vegetarian,17,1508,76,55,01-General-Weight-Loss/1500-kcal/1500-kcal-Non-Vegetarian-General-Weight-Loss-Option-17.pdf
General Weight Loss,1500,Non-Vegetarian,18,1509,75,62,01-General-Weight-Loss/1500-kcal/1500-kcal-Non-Vegetarian-General-Weight-Loss-Option-18.pdf
General Weight Loss,1500,Non-Vegetarian,19,1491,76,63,01-General-Weight-Loss/1500-kcal/1500-kcal-Non-Vegetarian-General-Weight-Loss-Option-19.pdf
General Weight Loss,1500,Non-Vegetarian,20,1486,66,55,01-General-Weight-Loss/1500-kcal/1500-kcal-Non-Vegetarian-General-Weight-Loss-Option-20.pdf
General Weight Loss,1500,Non-Vegetarian,21,1503,73,53,01-General-Weight-Loss/1500-kcal/1500-kcal-Non-Vegetarian-General-Weight-Loss-Option-21.pdf
General Weight Loss,1500,Non-Vegetarian,22,1494,71,58,01-General-Weight-Loss/1500-kcal/1500-kcal-Non-Vegetarian-General-Weight-Loss-Option-22.pdf
General Weight Loss,1500,Non-Vegetarian,23,1512,73,66,01-General-Weight-Loss/1500-kcal/1500-kcal-Non-Vegetarian-General-Weight-Loss-Option-23.pdf
General Weight Loss,1500,Non-Vegetarian,24,1493,72,61,01-General-Weight-Loss/1500-kcal/1500-kcal-Non-Vegetarian-General-Weight-Loss-Option-24.pdf
General Weight Loss,1500,Non-Vegetarian,25,1505,68,52,01-General-Weight-Loss/1500-kcal/1500-kcal-Non-Vegetarian-General-Weight-Loss-Option-25.pdf
General Weight Loss,1500,Non-Vegetarian,26,1487,74,65,01-General-Weight-Loss/1500-kcal/1500-kcal-Non-Vegetarian-General-Weight-Loss-Option-26.pdf
General Weight Loss,1500,Non-Vegetarian,27,1498,77,50,01-General-Weight-Loss/1500-kcal/1500-kcal-Non-Vegetarian-General-Weight-Loss-Option-27.pdf
General Weight Loss,1500,Non-Vegetarian,28,1508,64,56,01-General-Weight-Loss/1500-kcal/1500-kcal-Non-Vegetarian-General-Weight-Loss-Option-28.pdf
General Weight Loss,1500,Non-Vegetarian,29,1505,70,61,01-General-Weight-Loss/1500-kcal/1500-kcal-Non-Vegetarian-General-Weight-Loss-Option-29.pdf
General Weight Loss,1500,Non-Vegetarian,30,1493,75,59,01-General-Weight-Loss/1500-kcal/1500-kcal-Non-Vegetarian-General-Weight-Loss-Option-30.pdf
General Weight Loss,1600,Vegetarian,1,1591,58,49,01-General-Weight-Loss/1600-kcal/1600-kcal-Vegetarian-General-Weight-Loss-Option-01.pdf
General Weight Loss,1600,Vegetarian,2,1586,56,51,01-General-Weight-Loss/1600-kcal/1600-kcal-Vegetarian-General-Weight-Loss-Option-02.pdf
General Weight Loss,1600,Vegetarian,3,1602,62,54,01-General-Weight-Loss/1600-kcal/1600-kcal-Vegetarian-General-Weight-Loss-Option-03.pdf
General Weight Loss,1600,Vegetarian,4,1598,61,47,01-General-Weight-Loss/1600-kcal/1600-kcal-Vegetarian-General-Weight-Loss-Option-04.pdf
General Weight Loss,1600,Vegetarian,5,1594,57,47,01-General-Weight-Loss/1600-kcal/1600-kcal-Vegetarian-General-Weight-Loss-Option-05.pdf
General Weight Loss,1600,Vegetarian,6,1598,62,59,01-General-Weight-Loss/1600-kcal/1600-kcal-Vegetarian-General-Weight-Loss-Option-06.pdf
General Weight Loss,1600,Vegetarian,7,1584,59,53,01-General-Weight-Loss/1600-kcal/1600-kcal-Vegetarian-General-Weight-Loss-Option-07.pdf
General Weight Loss,1600,Vegetarian,8,1597,57,52,01-General-Weight-Loss/1600-kcal/1600-kcal-Vegetarian-General-Weight-Loss-Option-08.pdf
General Weight Loss,1600,Vegetarian,9,1590,61,55,01-General-Weight-Loss/1600-kcal/1600-kcal-Vegetarian-General-Weight-Loss-Option-09.pdf
General Weight Loss,1600,Vegetarian,10,1604,60,54,01-General-Weight-Loss/1600-kcal/1600-kcal-Vegetarian-General-Weight-Loss-Option-10.pdf
General Weight Loss,1600,Vegetarian,11,1607,62,55,01-General-Weight-Loss/1600-kcal/1600-kcal-Vegetarian-General-Weight-Loss-Option-11.pdf
General Weight Loss,1600,Vegetarian,12,1597,60,50,01-General-Weight-Loss/1600-kcal/1600-kcal-Vegetarian-General-Weight-Loss-Option-12.pdf
General Weight Loss,1600,Vegetarian,13,1595,55,53,01-General-Weight-Loss/1600-kcal/1600-kcal-Vegetarian-General-Weight-Loss-Option-13.pdf
General Weight Loss,1600,Vegetarian,14,1605,60,56,01-General-Weight-Loss/1600-kcal/1600-kcal-Vegetarian-General-Weight-Loss-Option-14.pdf
General Weight Loss,1600,Vegetarian,15,1599,59,53,01-General-Weight-Loss/1600-kcal/1600-kcal-Vegetarian-General-Weight-Loss-Option-15.pdf
General Weight Loss,1600,Vegetarian,16,1600,64,57,01-General-Weight-Loss/1600-kcal/1600-kcal-Vegetarian-General-Weight-Loss-Option-16.pdf
General Weight Loss,1600,Vegetarian,17,1591,58,50,01-General-Weight-Loss/1600-kcal/1600-kcal-Vegetarian-General-Weight-Loss-Option-17.pdf
General Weight Loss,1600,Vegetarian,18,1594,61,50,01-General-Weight-Loss/1600-kcal/1600-kcal-Vegetarian-General-Weight-Loss-Option-18.pdf
General Weight Loss,1600,Vegetarian,19,1603,63,54,01-General-Weight-Loss/1600-kcal/1600-kcal-Vegetarian-General-Weight-Loss-Option-19.pdf
General Weight Loss,1600,Vegetarian,20,1587,61,54,01-General-Weight-Loss/1600-kcal/1600-kcal-Vegetarian-General-Weight-Loss-Option-20.pdf
General Weight Loss,1600,Vegetarian,21,1595,58,54,01-General-Weight-Loss/1600-kcal/1600-kcal-Vegetarian-General-Weight-Loss-Option-21.pdf
General Weight Loss,1600,Vegetarian,22,1601,61,54,01-General-Weight-Loss/1600-kcal/1600-kcal-Vegetarian-General-Weight-Loss-Option-22.pdf
General Weight Loss,1600,Vegetarian,23,1594,58,46,01-General-Weight-Loss/1600-kcal/1600-kcal-Vegetarian-General-Weight-Loss-Option-23.pdf
General Weight Loss,1600,Vegetarian,24,1598,60,53,01-General-Weight-Loss/1600-kcal/1600-kcal-Vegetarian-General-Weight-Loss-Option-24.pdf
General Weight Loss,1600,Vegetarian,25,1602,61,53,01-General-Weight-Loss/1600-kcal/1600-kcal-Vegetarian-General-Weight-Loss-Option-25.pdf
General Weight Loss,1600,Vegetarian,26,1590,55,51,01-General-Weight-Loss/1600-kcal/1600-kcal-Vegetarian-General-Weight-Loss-Option-26.pdf
General Weight Loss,1600,Vegetarian,27,1604,62,58,01-General-Weight-Loss/1600-kcal/1600-kcal-Vegetarian-General-Weight-Loss-Option-27.pdf
General Weight Loss,1600,Vegetarian,28,1607,60,56,01-General-Weight-Loss/1600-kcal/1600-kcal-Vegetarian-General-Weight-Loss-Option-28.pdf
General Weight Loss,1600,Vegetarian,29,1589,58,52,01-General-Weight-Loss/1600-kcal/1600-kcal-Vegetarian-General-Weight-Loss-Option-29.pdf
General Weight Loss,1600,Vegetarian,30,1595,62,51,01-General-Weight-Loss/1600-kcal/1600-kcal-Vegetarian-General-Weight-Loss-Option-30.pdf
General Weight Loss,1600,Vegan,1,1612,59,50,01-General-Weight-Loss/1600-kcal/1600-kcal-Vegan-General-Weight-Loss-Option-01.pdf
General Weight Loss,1600,Vegan,2,1590,60,54,01-General-Weight-Loss/1600-kcal/1600-kcal-Vegan-General-Weight-Loss-Option-02.pdf
General Weight Loss,1600,Vegan,3,1608,61,57,01-General-Weight-Loss/1600-kcal/1600-kcal-Vegan-General-Weight-Loss-Option-03.pdf
General Weight Loss,1600,Vegan,4,1604,63,57,01-General-Weight-Loss/1600-kcal/1600-kcal-Vegan-General-Weight-Loss-Option-04.pdf
General Weight Loss,1600,Vegan,5,1585,60,48,01-General-Weight-Loss/1600-kcal/1600-kcal-Vegan-General-Weight-Loss-Option-05.pdf
General Weight Loss,1600,Vegan,6,1594,56,49,01-General-Weight-Loss/1600-kcal/1600-kcal-Vegan-General-Weight-Loss-Option-06.pdf
General Weight Loss,1600,Vegan,7,1590,59,50,01-General-Weight-Loss/1600-kcal/1600-kcal-Vegan-General-Weight-Loss-Option-07.pdf
General Weight Loss,1600,Vegan,8,1601,56,46,01-General-Weight-Loss/1600-kcal/1600-kcal-Vegan-General-Weight-Loss-Option-08.pdf
General Weight Loss,1600,Vegan,9,1600,59,52,01-General-Weight-Loss/1600-kcal/1600-kcal-Vegan-General-Weight-Loss-Option-09.pdf
General Weight Loss,1600,Vegan,10,1604,58,51,01-General-Weight-Loss/1600-kcal/1600-kcal-Vegan-General-Weight-Loss-Option-10.pdf
General Weight Loss,1600,Vegan,11,1604,58,45,01-General-Weight-Loss/1600-kcal/1600-kcal-Vegan-General-Weight-Loss-Option-11.pdf
General Weight Loss,1600,Vegan,12,1595,60,53,01-General-Weight-Loss/1600-kcal/1600-kcal-Vegan-General-Weight-Loss-Option-12.pdf
General Weight Loss,1600,Vegan,13,1595,58,53,01-General-Weight-Loss/1600-kcal/1600-kcal-Vegan-General-Weight-Loss-Option-13.pdf
General Weight Loss,1600,Vegan,14,1588,61,52,01-General-Weight-Loss/1600-kcal/1600-kcal-Vegan-General-Weight-Loss-Option-14.pdf
General Weight Loss,1600,Vegan,15,1598,62,52,01-General-Weight-Loss/1600-kcal/1600-kcal-Vegan-General-Weight-Loss-Option-15.pdf
General Weight Loss,1600,Vegan,16,1588,58,44,01-General-Weight-Loss/1600-kcal/1600-kcal-Vegan-General-Weight-Loss-Option-16.pdf
General Weight Loss,1600,Vegan,17,1580,58,51,01-General-Weight-Loss/1600-kcal/1600-kcal-Vegan-General-Weight-Loss-Option-17.pdf
General Weight Loss,1600,Vegan,18,1592,59,47,01-General-Weight-Loss/1600-kcal/1600-kcal-Vegan-General-Weight-Loss-Option-18.pdf
General Weight Loss,1600,Vegan,19,1593,54,46,01-General-Weight-Loss/1600-kcal/1600-kcal-Vegan-General-Weight-Loss-Option-19.pdf
General Weight Loss,1600,Vegan,20,1599,59,51,01-General-Weight-Loss/1600-kcal/1600-kcal-Vegan-General-Weight-Loss-Option-20.pdf
General Weight Loss,1600,Vegan,21,1621,60,52,01-General-Weight-Loss/1600-kcal/1600-kcal-Vegan-General-Weight-Loss-Option-21.pdf
General Weight Loss,1600,Vegan,22,1603,60,55,01-General-Weight-Loss/1600-kcal/1600-kcal-Vegan-General-Weight-Loss-Option-22.pdf
General Weight Loss,1600,Vegan,23,1591,60,54,01-General-Weight-Loss/1600-kcal/1600-kcal-Vegan-General-Weight-Loss-Option-23.pdf
General Weight Loss,1600,Vegan,24,1591,59,48,01-General-Weight-Loss/1600-kcal/1600-kcal-Vegan-General-Weight-Loss-Option-24.pdf
General Weight Loss,1600,Vegan,25,1600,57,48,01-General-Weight-Loss/1600-kcal/1600-kcal-Vegan-General-Weight-Loss-Option-25.pdf
General Weight Loss,1600,Vegan,26,1602,61,56,01-General-Weight-Loss/1600-kcal/1600-kcal-Vegan-General-Weight-Loss-Option-26.pdf
General Weight Loss,1600,Vegan,27,1597,60,55,01-General-Weight-Loss/1600-kcal/1600-kcal-Vegan-General-Weight-Loss-Option-27.pdf
General Weight Loss,1600,Vegan,28,1604,61,50,01-General-Weight-Loss/1600-kcal/1600-kcal-Vegan-General-Weight-Loss-Option-28.pdf
General Weight Loss,1600,Vegan,29,1599,59,53,01-General-Weight-Loss/1600-kcal/1600-kcal-Vegan-General-Weight-Loss-Option-29.pdf
General Weight Loss,1600,Vegan,30,1580,62,52,01-General-Weight-Loss/1600-kcal/1600-kcal-Vegan-General-Weight-Loss-Option-30.pdf
General Weight Loss,1600,Eggetarian,1,1602,67,49,01-General-Weight-Loss/1600-kcal/1600-kcal-Eggetarian-General-Weight-Loss-Option-01.pdf
General Weight Loss,1600,Eggetarian,2,1604,67,54,01-General-Weight-Loss/1600-kcal/1600-kcal-Eggetarian-General-Weight-Loss-Option-02.pdf
General Weight Loss,1600,Eggetarian,3,1595,71,54,01-General-Weight-Loss/1600-kcal/1600-kcal-Eggetarian-General-Weight-Loss-Option-03.pdf
General Weight Loss,1600,Eggetarian,4,1593,65,52,01-General-Weight-Loss/1600-kcal/1600-kcal-Eggetarian-General-Weight-Loss-Option-04.pdf
General Weight Loss,1600,Eggetarian,5,1602,69,56,01-General-Weight-Loss/1600-kcal/1600-kcal-Eggetarian-General-Weight-Loss-Option-05.pdf
General Weight Loss,1600,Eggetarian,6,1588,70,54,01-General-Weight-Loss/1600-kcal/1600-kcal-Eggetarian-General-Weight-Loss-Option-06.pdf
General Weight Loss,1600,Eggetarian,7,1595,71,61,01-General-Weight-Loss/1600-kcal/1600-kcal-Eggetarian-General-Weight-Loss-Option-07.pdf
General Weight Loss,1600,Eggetarian,8,1618,69,58,01-General-Weight-Loss/1600-kcal/1600-kcal-Eggetarian-General-Weight-Loss-Option-08.pdf
General Weight Loss,1600,Eggetarian,9,1592,68,52,01-General-Weight-Loss/1600-kcal/1600-kcal-Eggetarian-General-Weight-Loss-Option-09.pdf
General Weight Loss,1600,Eggetarian,10,1605,67,54,01-General-Weight-Loss/1600-kcal/1600-kcal-Eggetarian-General-Weight-Loss-Option-10.pdf
General Weight Loss,1600,Eggetarian,11,1584,73,61,01-General-Weight-Loss/1600-kcal/1600-kcal-Eggetarian-General-Weight-Loss-Option-11.pdf
General Weight Loss,1600,Eggetarian,12,1600,66,44,01-General-Weight-Loss/1600-kcal/1600-kcal-Eggetarian-General-Weight-Loss-Option-12.pdf
General Weight Loss,1600,Eggetarian,13,1584,65,51,01-General-Weight-Loss/1600-kcal/1600-kcal-Eggetarian-General-Weight-Loss-Option-13.pdf
General Weight Loss,1600,Eggetarian,14,1594,66,52,01-General-Weight-Loss/1600-kcal/1600-kcal-Eggetarian-General-Weight-Loss-Option-14.pdf
General Weight Loss,1600,Eggetarian,15,1599,66,54,01-General-Weight-Loss/1600-kcal/1600-kcal-Eggetarian-General-Weight-Loss-Option-15.pdf
General Weight Loss,1600,Eggetarian,16,1602,68,52,01-General-Weight-Loss/1600-kcal/1600-kcal-Eggetarian-General-Weight-Loss-Option-16.pdf
General Weight Loss,1600,Eggetarian,17,1600,70,62,01-General-Weight-Loss/1600-kcal/1600-kcal-Eggetarian-General-Weight-Loss-Option-17.pdf
General Weight Loss,1600,Eggetarian,18,1589,71,61,01-General-Weight-Loss/1600-kcal/1600-kcal-Eggetarian-General-Weight-Loss-Option-18.pdf
General Weight Loss,1600,Eggetarian,19,1605,65,56,01-General-Weight-Loss/1600-kcal/1600-kcal-Eggetarian-General-Weight-Loss-Option-19.pdf
General Weight Loss,1600,Eggetarian,20,1588,66,51,01-General-Weight-Loss/1600-kcal/1600-kcal-Eggetarian-General-Weight-Loss-Option-20.pdf
General Weight Loss,1600,Eggetarian,21,1577,72,55,01-General-Weight-Loss/1600-kcal/1600-kcal-Eggetarian-General-Weight-Loss-Option-21.pdf
General Weight Loss,1600,Eggetarian,22,1599,67,54,01-General-Weight-Loss/1600-kcal/1600-kcal-Eggetarian-General-Weight-Loss-Option-22.pdf
General Weight Loss,1600,Eggetarian,23,1578,67,54,01-General-Weight-Loss/1600-kcal/1600-kcal-Eggetarian-General-Weight-Loss-Option-23.pdf
General Weight Loss,1600,Eggetarian,24,1587,66,53,01-General-Weight-Loss/1600-kcal/1600-kcal-Eggetarian-General-Weight-Loss-Option-24.pdf
General Weight Loss,1600,Eggetarian,25,1597,69,58,01-General-Weight-Loss/1600-kcal/1600-kcal-Eggetarian-General-Weight-Loss-Option-25.pdf
General Weight Loss,1600,Eggetarian,26,1588,65,45,01-General-Weight-Loss/1600-kcal/1600-kcal-Eggetarian-General-Weight-Loss-Option-26.pdf
General Weight Loss,1600,Eggetarian,27,1596,70,62,01-General-Weight-Loss/1600-kcal/1600-kcal-Eggetarian-General-Weight-Loss-Option-27.pdf
General Weight Loss,1600,Eggetarian,28,1591,65,48,01-General-Weight-Loss/1600-kcal/1600-kcal-Eggetarian-General-Weight-Loss-Option-28.pdf
General Weight Loss,1600,Eggetarian,29,1594,67,52,01-General-Weight-Loss/1600-kcal/1600-kcal-Eggetarian-General-Weight-Loss-Option-29.pdf
General Weight Loss,1600,Eggetarian,30,1586,68,52,01-General-Weight-Loss/1600-kcal/1600-kcal-Eggetarian-General-Weight-Loss-Option-30.pdf
General Weight Loss,1600,Non-Vegetarian,1,1606,78,65,01-General-Weight-Loss/1600-kcal/1600-kcal-Non-Vegetarian-General-Weight-Loss-Option-01.pdf
General Weight Loss,1600,Non-Vegetarian,2,1583,76,64,01-General-Weight-Loss/1600-kcal/1600-kcal-Non-Vegetarian-General-Weight-Loss-Option-02.pdf
General Weight Loss,1600,Non-Vegetarian,3,1585,80,69,01-General-Weight-Loss/1600-kcal/1600-kcal-Non-Vegetarian-General-Weight-Loss-Option-03.pdf
General Weight Loss,1600,Non-Vegetarian,4,1604,79,59,01-General-Weight-Loss/1600-kcal/1600-kcal-Non-Vegetarian-General-Weight-Loss-Option-04.pdf
General Weight Loss,1600,Non-Vegetarian,5,1600,78,64,01-General-Weight-Loss/1600-kcal/1600-kcal-Non-Vegetarian-General-Weight-Loss-Option-05.pdf
General Weight Loss,1600,Non-Vegetarian,6,1597,75,64,01-General-Weight-Loss/1600-kcal/1600-kcal-Non-Vegetarian-General-Weight-Loss-Option-06.pdf
General Weight Loss,1600,Non-Vegetarian,7,1596,81,65,01-General-Weight-Loss/1600-kcal/1600-kcal-Non-Vegetarian-General-Weight-Loss-Option-07.pdf
General Weight Loss,1600,Non-Vegetarian,8,1579,71,55,01-General-Weight-Loss/1600-kcal/1600-kcal-Non-Vegetarian-General-Weight-Loss-Option-08.pdf
General Weight Loss,1600,Non-Vegetarian,9,1614,77,63,01-General-Weight-Loss/1600-kcal/1600-kcal-Non-Vegetarian-General-Weight-Loss-Option-09.pdf
General Weight Loss,1600,Non-Vegetarian,10,1597,78,64,01-General-Weight-Loss/1600-kcal/1600-kcal-Non-Vegetarian-General-Weight-Loss-Option-10.pdf
General Weight Loss,1600,Non-Vegetarian,11,1580,73,66,01-General-Weight-Loss/1600-kcal/1600-kcal-Non-Vegetarian-General-Weight-Loss-Option-11.pdf
General Weight Loss,1600,Non-Vegetarian,12,1590,76,64,01-General-Weight-Loss/1600-kcal/1600-kcal-Non-Vegetarian-General-Weight-Loss-Option-12.pdf
General Weight Loss,1600,Non-Vegetarian,13,1602,74,53,01-General-Weight-Loss/1600-kcal/1600-kcal-Non-Vegetarian-General-Weight-Loss-Option-13.pdf
General Weight Loss,1600,Non-Vegetarian,14,1593,74,59,01-General-Weight-Loss/1600-kcal/1600-kcal-Non-Vegetarian-General-Weight-Loss-Option-14.pdf
General Weight Loss,1600,Non-Vegetarian,15,1601,83,66,01-General-Weight-Loss/1600-kcal/1600-kcal-Non-Vegetarian-General-Weight-Loss-Option-15.pdf
General Weight Loss,1600,Non-Vegetarian,16,1598,69,58,01-General-Weight-Loss/1600-kcal/1600-kcal-Non-Vegetarian-General-Weight-Loss-Option-16.pdf
General Weight Loss,1600,Non-Vegetarian,17,1605,80,68,01-General-Weight-Loss/1600-kcal/1600-kcal-Non-Vegetarian-General-Weight-Loss-Option-17.pdf
General Weight Loss,1600,Non-Vegetarian,18,1593,78,65,01-General-Weight-Loss/1600-kcal/1600-kcal-Non-Vegetarian-General-Weight-Loss-Option-18.pdf
General Weight Loss,1600,Non-Vegetarian,19,1599,79,71,01-General-Weight-Loss/1600-kcal/1600-kcal-Non-Vegetarian-General-Weight-Loss-Option-19.pdf
General Weight Loss,1600,Non-Vegetarian,20,1591,77,53,01-General-Weight-Loss/1600-kcal/1600-kcal-Non-Vegetarian-General-Weight-Loss-Option-20.pdf
General Weight Loss,1600,Non-Vegetarian,21,1603,78,60,01-General-Weight-Loss/1600-kcal/1600-kcal-Non-Vegetarian-General-Weight-Loss-Option-21.pdf
General Weight Loss,1600,Non-Vegetarian,22,1598,74,63,01-General-Weight-Loss/1600-kcal/1600-kcal-Non-Vegetarian-General-Weight-Loss-Option-22.pdf
General Weight Loss,1600,Non-Vegetarian,23,1603,80,51,01-General-Weight-Loss/1600-kcal/1600-kcal-Non-Vegetarian-General-Weight-Loss-Option-23.pdf
General Weight Loss,1600,Non-Vegetarian,24,1603,79,58,01-General-Weight-Loss/1600-kcal/1600-kcal-Non-Vegetarian-General-Weight-Loss-Option-24.pdf
General Weight Loss,1600,Non-Vegetarian,25,1592,78,66,01-General-Weight-Loss/1600-kcal/1600-kcal-Non-Vegetarian-General-Weight-Loss-Option-25.pdf
General Weight Loss,1600,Non-Vegetarian,26,1612,77,60,01-General-Weight-Loss/1600-kcal/1600-kcal-Non-Vegetarian-General-Weight-Loss-Option-26.pdf
General Weight Loss,1600,Non-Vegetarian,27,1603,81,65,01-General-Weight-Loss/1600-kcal/1600-kcal-Non-Vegetarian-General-Weight-Loss-Option-27.pdf
General Weight Loss,1600,Non-Vegetarian,28,1593,76,59,01-General-Weight-Loss/1600-kcal/1600-kcal-Non-Vegetarian-General-Weight-Loss-Option-28.pdf
General Weight Loss,1600,Non-Vegetarian,29,1585,75,61,01-General-Weight-Loss/1600-kcal/1600-kcal-Non-Vegetarian-General-Weight-Loss-Option-29.pdf
General Weight Loss,1600,Non-Vegetarian,30,1593,74,59,01-General-Weight-Loss/1600-kcal/1600-kcal-Non-Vegetarian-General-Weight-Loss-Option-30.pdf
General Weight Loss,1800,Vegetarian,1,1794,66,61,01-General-Weight-Loss/1800-kcal/1800-kcal-Vegetarian-General-Weight-Loss-Option-01.pdf
General Weight Loss,1800,Vegetarian,2,1796,68,60,01-General-Weight-Loss/1800-kcal/1800-kcal-Vegetarian-General-Weight-Loss-Option-02.pdf
General Weight Loss,1800,Vegetarian,3,1797,69,54,01-General-Weight-Loss/1800-kcal/1800-kcal-Vegetarian-General-Weight-Loss-Option-03.pdf
General Weight Loss,1800,Vegetarian,4,1809,70,60,01-General-Weight-Loss/1800-kcal/1800-kcal-Vegetarian-General-Weight-Loss-Option-04.pdf
General Weight Loss,1800,Vegetarian,5,1801,67,61,01-General-Weight-Loss/1800-kcal/1800-kcal-Vegetarian-General-Weight-Loss-Option-05.pdf
General Weight Loss,1800,Vegetarian,6,1795,71,61,01-General-Weight-Loss/1800-kcal/1800-kcal-Vegetarian-General-Weight-Loss-Option-06.pdf
General Weight Loss,1800,Vegetarian,7,1800,72,61,01-General-Weight-Loss/1800-kcal/1800-kcal-Vegetarian-General-Weight-Loss-Option-07.pdf
General Weight Loss,1800,Vegetarian,8,1790,67,59,01-General-Weight-Loss/1800-kcal/1800-kcal-Vegetarian-General-Weight-Loss-Option-08.pdf
General Weight Loss,1800,Vegetarian,9,1806,70,61,01-General-Weight-Loss/1800-kcal/1800-kcal-Vegetarian-General-Weight-Loss-Option-09.pdf
General Weight Loss,1800,Vegetarian,10,1788,68,63,01-General-Weight-Loss/1800-kcal/1800-kcal-Vegetarian-General-Weight-Loss-Option-10.pdf
General Weight Loss,1800,Vegetarian,11,1813,66,58,01-General-Weight-Loss/1800-kcal/1800-kcal-Vegetarian-General-Weight-Loss-Option-11.pdf
General Weight Loss,1800,Vegetarian,12,1798,65,58,01-General-Weight-Loss/1800-kcal/1800-kcal-Vegetarian-General-Weight-Loss-Option-12.pdf
General Weight Loss,1800,Vegetarian,13,1802,70,60,01-General-Weight-Loss/1800-kcal/1800-kcal-Vegetarian-General-Weight-Loss-Option-13.pdf
General Weight Loss,1800,Vegetarian,14,1798,67,58,01-General-Weight-Loss/1800-kcal/1800-kcal-Vegetarian-General-Weight-Loss-Option-14.pdf
General Weight Loss,1800,Vegetarian,15,1803,68,61,01-General-Weight-Loss/1800-kcal/1800-kcal-Vegetarian-General-Weight-Loss-Option-15.pdf
General Weight Loss,1800,Vegetarian,16,1795,66,49,01-General-Weight-Loss/1800-kcal/1800-kcal-Vegetarian-General-Weight-Loss-Option-16.pdf
General Weight Loss,1800,Vegetarian,17,1810,69,65,01-General-Weight-Loss/1800-kcal/1800-kcal-Vegetarian-General-Weight-Loss-Option-17.pdf
General Weight Loss,1800,Vegetarian,18,1787,69,59,01-General-Weight-Loss/1800-kcal/1800-kcal-Vegetarian-General-Weight-Loss-Option-18.pdf
General Weight Loss,1800,Vegetarian,19,1796,71,62,01-General-Weight-Loss/1800-kcal/1800-kcal-Vegetarian-General-Weight-Loss-Option-19.pdf
General Weight Loss,1800,Vegetarian,20,1800,73,61,01-General-Weight-Loss/1800-kcal/1800-kcal-Vegetarian-General-Weight-Loss-Option-20.pdf
General Weight Loss,1800,Vegetarian,21,1785,69,60,01-General-Weight-Loss/1800-kcal/1800-kcal-Vegetarian-General-Weight-Loss-Option-21.pdf
General Weight Loss,1800,Vegetarian,22,1808,65,57,01-General-Weight-Loss/1800-kcal/1800-kcal-Vegetarian-General-Weight-Loss-Option-22.pdf
General Weight Loss,1800,Vegetarian,23,1791,67,56,01-General-Weight-Loss/1800-kcal/1800-kcal-Vegetarian-General-Weight-Loss-Option-23.pdf
General Weight Loss,1800,Vegetarian,24,1792,65,52,01-General-Weight-Loss/1800-kcal/1800-kcal-Vegetarian-General-Weight-Loss-Option-24.pdf
General Weight Loss,1800,Vegetarian,25,1790,68,63,01-General-Weight-Loss/1800-kcal/1800-kcal-Vegetarian-General-Weight-Loss-Option-25.pdf
General Weight Loss,1800,Vegetarian,26,1796,71,58,01-General-Weight-Loss/1800-kcal/1800-kcal-Vegetarian-General-Weight-Loss-Option-26.pdf
General Weight Loss,1800,Vegetarian,27,1795,69,60,01-General-Weight-Loss/1800-kcal/1800-kcal-Vegetarian-General-Weight-Loss-Option-27.pdf
General Weight Loss,1800,Vegetarian,28,1798,62,53,01-General-Weight-Loss/1800-kcal/1800-kcal-Vegetarian-General-Weight-Loss-Option-28.pdf
General Weight Loss,1800,Vegetarian,29,1801,63,51,01-General-Weight-Loss/1800-kcal/1800-kcal-Vegetarian-General-Weight-Loss-Option-29.pdf
General Weight Loss,1800,Vegetarian,30,1793,69,60,01-General-Weight-Loss/1800-kcal/1800-kcal-Vegetarian-General-Weight-Loss-Option-30.pdf
General Weight Loss,1800,Vegan,1,1786,64,59,01-General-Weight-Loss/1800-kcal/1800-kcal-Vegan-General-Weight-Loss-Option-01.pdf
General Weight Loss,1800,Vegan,2,1794,71,56,01-General-Weight-Loss/1800-kcal/1800-kcal-Vegan-General-Weight-Loss-Option-02.pdf
General Weight Loss,1800,Vegan,3,1797,69,61,01-General-Weight-Loss/1800-kcal/1800-kcal-Vegan-General-Weight-Loss-Option-03.pdf
General Weight Loss,1800,Vegan,4,1789,64,54,01-General-Weight-Loss/1800-kcal/1800-kcal-Vegan-General-Weight-Loss-Option-04.pdf
General Weight Loss,1800,Vegan,5,1792,68,62,01-General-Weight-Loss/1800-kcal/1800-kcal-Vegan-General-Weight-Loss-Option-05.pdf
General Weight Loss,1800,Vegan,6,1808,65,54,01-General-Weight-Loss/1800-kcal/1800-kcal-Vegan-General-Weight-Loss-Option-06.pdf
General Weight Loss,1800,Vegan,7,1799,65,56,01-General-Weight-Loss/1800-kcal/1800-kcal-Vegan-General-Weight-Loss-Option-07.pdf
General Weight Loss,1800,Vegan,8,1792,65,57,01-General-Weight-Loss/1800-kcal/1800-kcal-Vegan-General-Weight-Loss-Option-08.pdf
General Weight Loss,1800,Vegan,9,1794,63,51,01-General-Weight-Loss/1800-kcal/1800-kcal-Vegan-General-Weight-Loss-Option-09.pdf
General Weight Loss,1800,Vegan,10,1806,68,58,01-General-Weight-Loss/1800-kcal/1800-kcal-Vegan-General-Weight-Loss-Option-10.pdf
General Weight Loss,1800,Vegan,11,1801,65,57,01-General-Weight-Loss/1800-kcal/1800-kcal-Vegan-General-Weight-Loss-Option-11.pdf
General Weight Loss,1800,Vegan,12,1786,66,51,01-General-Weight-Loss/1800-kcal/1800-kcal-Vegan-General-Weight-Loss-Option-12.pdf
General Weight Loss,1800,Vegan,13,1800,68,58,01-General-Weight-Loss/1800-kcal/1800-kcal-Vegan-General-Weight-Loss-Option-13.pdf
General Weight Loss,1800,Vegan,14,1798,63,54,01-General-Weight-Loss/1800-kcal/1800-kcal-Vegan-General-Weight-Loss-Option-14.pdf
General Weight Loss,1800,Vegan,15,1783,66,58,01-General-Weight-Loss/1800-kcal/1800-kcal-Vegan-General-Weight-Loss-Option-15.pdf
General Weight Loss,1800,Vegan,16,1802,68,61,01-General-Weight-Loss/1800-kcal/1800-kcal-Vegan-General-Weight-Loss-Option-16.pdf
General Weight Loss,1800,Vegan,17,1789,64,51,01-General-Weight-Loss/1800-kcal/1800-kcal-Vegan-General-Weight-Loss-Option-17.pdf
General Weight Loss,1800,Vegan,18,1781,64,55,01-General-Weight-Loss/1800-kcal/1800-kcal-Vegan-General-Weight-Loss-Option-18.pdf
General Weight Loss,1800,Vegan,19,1799,69,64,01-General-Weight-Loss/1800-kcal/1800-kcal-Vegan-General-Weight-Loss-Option-19.pdf
General Weight Loss,1800,Vegan,20,1805,66,61,01-General-Weight-Loss/1800-kcal/1800-kcal-Vegan-General-Weight-Loss-Option-20.pdf
General Weight Loss,1800,Vegan,21,1805,69,62,01-General-Weight-Loss/1800-kcal/1800-kcal-Vegan-General-Weight-Loss-Option-21.pdf
General Weight Loss,1800,Vegan,22,1786,65,57,01-General-Weight-Loss/1800-kcal/1800-kcal-Vegan-General-Weight-Loss-Option-22.pdf
General Weight Loss,1800,Vegan,23,1806,67,49,01-General-Weight-Loss/1800-kcal/1800-kcal-Vegan-General-Weight-Loss-Option-23.pdf
General Weight Loss,1800,Vegan,24,1802,67,60,01-General-Weight-Loss/1800-kcal/1800-kcal-Vegan-General-Weight-Loss-Option-24.pdf
General Weight Loss,1800,Vegan,25,1798,69,57,01-General-Weight-Loss/1800-kcal/1800-kcal-Vegan-General-Weight-Loss-Option-25.pdf
General Weight Loss,1800,Vegan,26,1780,63,46,01-General-Weight-Loss/1800-kcal/1800-kcal-Vegan-General-Weight-Loss-Option-26.pdf
General Weight Loss,1800,Vegan,27,1798,70,63,01-General-Weight-Loss/1800-kcal/1800-kcal-Vegan-General-Weight-Loss-Option-27.pdf
General Weight Loss,1800,Vegan,28,1802,65,59,01-General-Weight-Loss/1800-kcal/1800-kcal-Vegan-General-Weight-Loss-Option-28.pdf
General Weight Loss,1800,Vegan,29,1802,67,56,01-General-Weight-Loss/1800-kcal/1800-kcal-Vegan-General-Weight-Loss-Option-29.pdf
General Weight Loss,1800,Vegan,30,1790,68,57,01-General-Weight-Loss/1800-kcal/1800-kcal-Vegan-General-Weight-Loss-Option-30.pdf
General Weight Loss,1800,Eggetarian,1,1784,76,67,01-General-Weight-Loss/1800-kcal/1800-kcal-Eggetarian-General-Weight-Loss-Option-01.pdf
General Weight Loss,1800,Eggetarian,2,1799,75,55,01-General-Weight-Loss/1800-kcal/1800-kcal-Eggetarian-General-Weight-Loss-Option-02.pdf
General Weight Loss,1800,Eggetarian,3,1788,75,61,01-General-Weight-Loss/1800-kcal/1800-kcal-Eggetarian-General-Weight-Loss-Option-03.pdf
General Weight Loss,1800,Eggetarian,4,1791,74,51,01-General-Weight-Loss/1800-kcal/1800-kcal-Eggetarian-General-Weight-Loss-Option-04.pdf
General Weight Loss,1800,Eggetarian,5,1809,72,60,01-General-Weight-Loss/1800-kcal/1800-kcal-Eggetarian-General-Weight-Loss-Option-05.pdf
General Weight Loss,1800,Eggetarian,6,1798,73,65,01-General-Weight-Loss/1800-kcal/1800-kcal-Eggetarian-General-Weight-Loss-Option-06.pdf
General Weight Loss,1800,Eggetarian,7,1807,75,53,01-General-Weight-Loss/1800-kcal/1800-kcal-Eggetarian-General-Weight-Loss-Option-07.pdf
General Weight Loss,1800,Eggetarian,8,1801,75,62,01-General-Weight-Loss/1800-kcal/1800-kcal-Eggetarian-General-Weight-Loss-Option-08.pdf
General Weight Loss,1800,Eggetarian,9,1795,70,50,01-General-Weight-Loss/1800-kcal/1800-kcal-Eggetarian-General-Weight-Loss-Option-09.pdf
General Weight Loss,1800,Eggetarian,10,1789,73,61,01-General-Weight-Loss/1800-kcal/1800-kcal-Eggetarian-General-Weight-Loss-Option-10.pdf
General Weight Loss,1800,Eggetarian,11,1799,73,50,01-General-Weight-Loss/1800-kcal/1800-kcal-Eggetarian-General-Weight-Loss-Option-11.pdf
General Weight Loss,1800,Eggetarian,12,1788,70,55,01-General-Weight-Loss/1800-kcal/1800-kcal-Eggetarian-General-Weight-Loss-Option-12.pdf
General Weight Loss,1800,Eggetarian,13,1806,76,67,01-General-Weight-Loss/1800-kcal/1800-kcal-Eggetarian-General-Weight-Loss-Option-13.pdf
General Weight Loss,1800,Eggetarian,14,1800,76,63,01-General-Weight-Loss/1800-kcal/1800-kcal-Eggetarian-General-Weight-Loss-Option-14.pdf
General Weight Loss,1800,Eggetarian,15,1792,73,64,01-General-Weight-Loss/1800-kcal/1800-kcal-Eggetarian-General-Weight-Loss-Option-15.pdf
General Weight Loss,1800,Eggetarian,16,1788,81,61,01-General-Weight-Loss/1800-kcal/1800-kcal-Eggetarian-General-Weight-Loss-Option-16.pdf
General Weight Loss,1800,Eggetarian,17,1781,76,54,01-General-Weight-Loss/1800-kcal/1800-kcal-Eggetarian-General-Weight-Loss-Option-17.pdf
General Weight Loss,1800,Eggetarian,18,1795,80,62,01-General-Weight-Loss/1800-kcal/1800-kcal-Eggetarian-General-Weight-Loss-Option-18.pdf
General Weight Loss,1800,Eggetarian,19,1791,72,63,01-General-Weight-Loss/1800-kcal/1800-kcal-Eggetarian-General-Weight-Loss-Option-19.pdf
General Weight Loss,1800,Eggetarian,20,1802,76,68,01-General-Weight-Loss/1800-kcal/1800-kcal-Eggetarian-General-Weight-Loss-Option-20.pdf
General Weight Loss,1800,Eggetarian,21,1780,72,60,01-General-Weight-Loss/1800-kcal/1800-kcal-Eggetarian-General-Weight-Loss-Option-21.pdf
General Weight Loss,1800,Eggetarian,22,1802,75,60,01-General-Weight-Loss/1800-kcal/1800-kcal-Eggetarian-General-Weight-Loss-Option-22.pdf
General Weight Loss,1800,Eggetarian,23,1778,78,62,01-General-Weight-Loss/1800-kcal/1800-kcal-Eggetarian-General-Weight-Loss-Option-23.pdf
General Weight Loss,1800,Eggetarian,24,1790,74,61,01-General-Weight-Loss/1800-kcal/1800-kcal-Eggetarian-General-Weight-Loss-Option-24.pdf
General Weight Loss,1800,Eggetarian,25,1797,77,63,01-General-Weight-Loss/1800-kcal/1800-kcal-Eggetarian-General-Weight-Loss-Option-25.pdf
General Weight Loss,1800,Eggetarian,26,1794,73,56,01-General-Weight-Loss/1800-kcal/1800-kcal-Eggetarian-General-Weight-Loss-Option-26.pdf
General Weight Loss,1800,Eggetarian,27,1801,75,65,01-General-Weight-Loss/1800-kcal/1800-kcal-Eggetarian-General-Weight-Loss-Option-27.pdf
General Weight Loss,1800,Eggetarian,28,1805,75,61,01-General-Weight-Loss/1800-kcal/1800-kcal-Eggetarian-General-Weight-Loss-Option-28.pdf
General Weight Loss,1800,Eggetarian,29,1789,72,62,01-General-Weight-Loss/1800-kcal/1800-kcal-Eggetarian-General-Weight-Loss-Option-29.pdf
General Weight Loss,1800,Eggetarian,30,1792,74,68,01-General-Weight-Loss/1800-kcal/1800-kcal-Eggetarian-General-Weight-Loss-Option-30.pdf
General Weight Loss,1800,Non-Vegetarian,1,1790,82,74,01-General-Weight-Loss/1800-kcal/1800-kcal-Non-Vegetarian-General-Weight-Loss-Option-01.pdf
General Weight Loss,1800,Non-Vegetarian,2,1806,90,73,01-General-Weight-Loss/1800-kcal/1800-kcal-Non-Vegetarian-General-Weight-Loss-Option-02.pdf
General Weight Loss,1800,Non-Vegetarian,3,1789,87,65,01-General-Weight-Loss/1800-kcal/1800-kcal-Non-Vegetarian-General-Weight-Loss-Option-03.pdf
General Weight Loss,1800,Non-Vegetarian,4,1781,78,63,01-General-Weight-Loss/1800-kcal/1800-kcal-Non-Vegetarian-General-Weight-Loss-Option-04.pdf
General Weight Loss,1800,Non-Vegetarian,5,1785,82,68,01-General-Weight-Loss/1800-kcal/1800-kcal-Non-Vegetarian-General-Weight-Loss-Option-05.pdf
General Weight Loss,1800,Non-Vegetarian,6,1787,86,70,01-General-Weight-Loss/1800-kcal/1800-kcal-Non-Vegetarian-General-Weight-Loss-Option-06.pdf
General Weight Loss,1800,Non-Vegetarian,7,1779,85,74,01-General-Weight-Loss/1800-kcal/1800-kcal-Non-Vegetarian-General-Weight-Loss-Option-07.pdf
General Weight Loss,1800,Non-Vegetarian,8,1785,90,79,01-General-Weight-Loss/1800-kcal/1800-kcal-Non-Vegetarian-General-Weight-Loss-Option-08.pdf
General Weight Loss,1800,Non-Vegetarian,9,1798,82,56,01-General-Weight-Loss/1800-kcal/1800-kcal-Non-Vegetarian-General-Weight-Loss-Option-09.pdf
General Weight Loss,1800,Non-Vegetarian,10,1805,88,72,01-General-Weight-Loss/1800-kcal/1800-kcal-Non-Vegetarian-General-Weight-Loss-Option-10.pdf
General Weight Loss,1800,Non-Vegetarian,11,1816,91,81,01-General-Weight-Loss/1800-kcal/1800-kcal-Non-Vegetarian-General-Weight-Loss-Option-11.pdf
General Weight Loss,1800,Non-Vegetarian,12,1785,90,75,01-General-Weight-Loss/1800-kcal/1800-kcal-Non-Vegetarian-General-Weight-Loss-Option-12.pdf
General Weight Loss,1800,Non-Vegetarian,13,1801,88,70,01-General-Weight-Loss/1800-kcal/1800-kcal-Non-Vegetarian-General-Weight-Loss-Option-13.pdf
General Weight Loss,1800,Non-Vegetarian,14,1801,88,70,01-General-Weight-Loss/1800-kcal/1800-kcal-Non-Vegetarian-General-Weight-Loss-Option-14.pdf
General Weight Loss,1800,Non-Vegetarian,15,1785,89,70,01-General-Weight-Loss/1800-kcal/1800-kcal-Non-Vegetarian-General-Weight-Loss-Option-15.pdf
General Weight Loss,1800,Non-Vegetarian,16,1790,82,68,01-General-Weight-Loss/1800-kcal/1800-kcal-Non-Vegetarian-General-Weight-Loss-Option-16.pdf
General Weight Loss,1800,Non-Vegetarian,17,1783,84,74,01-General-Weight-Loss/1800-kcal/1800-kcal-Non-Vegetarian-General-Weight-Loss-Option-17.pdf
General Weight Loss,1800,Non-Vegetarian,18,1819,90,67,01-General-Weight-Loss/1800-kcal/1800-kcal-Non-Vegetarian-General-Weight-Loss-Option-18.pdf
General Weight Loss,1800,Non-Vegetarian,19,1800,88,64,01-General-Weight-Loss/1800-kcal/1800-kcal-Non-Vegetarian-General-Weight-Loss-Option-19.pdf
General Weight Loss,1800,Non-Vegetarian,20,1810,88,76,01-General-Weight-Loss/1800-kcal/1800-kcal-Non-Vegetarian-General-Weight-Loss-Option-20.pdf
General Weight Loss,1800,Non-Vegetarian,21,1807,85,73,01-General-Weight-Loss/1800-kcal/1800-kcal-Non-Vegetarian-General-Weight-Loss-Option-21.pdf
General Weight Loss,1800,Non-Vegetarian,22,1794,90,80,01-General-Weight-Loss/1800-kcal/1800-kcal-Non-Vegetarian-General-Weight-Loss-Option-22.pdf
General Weight Loss,1800,Non-Vegetarian,23,1784,89,72,01-General-Weight-Loss/1800-kcal/1800-kcal-Non-Vegetarian-General-Weight-Loss-Option-23.pdf
General Weight Loss,1800,Non-Vegetarian,24,1797,83,72,01-General-Weight-Loss/1800-kcal/1800-kcal-Non-Vegetarian-General-Weight-Loss-Option-24.pdf
General Weight Loss,1800,Non-Vegetarian,25,1792,83,70,01-General-Weight-Loss/1800-kcal/1800-kcal-Non-Vegetarian-General-Weight-Loss-Option-25.pdf
General Weight Loss,1800,Non-Vegetarian,26,1788,91,70,01-General-Weight-Loss/1800-kcal/1800-kcal-Non-Vegetarian-General-Weight-Loss-Option-26.pdf
General Weight Loss,1800,Non-Vegetarian,27,1790,88,76,01-General-Weight-Loss/1800-kcal/1800-kcal-Non-Vegetarian-General-Weight-Loss-Option-27.pdf
General Weight Loss,1800,Non-Vegetarian,28,1811,86,69,01-General-Weight-Loss/1800-kcal/1800-kcal-Non-Vegetarian-General-Weight-Loss-Option-28.pdf
General Weight Loss,1800,Non-Vegetarian,29,1800,85,59,01-General-Weight-Loss/1800-kcal/1800-kcal-Non-Vegetarian-General-Weight-Loss-Option-29.pdf
General Weight Loss,1800,Non-Vegetarian,30,1788,93,80,01-General-Weight-Loss/1800-kcal/1800-kcal-Non-Vegetarian-General-Weight-Loss-Option-30.pdf
High-Protein Weight Loss,1200,Vegetarian,1,1201,55,52,02-High-Protein-Weight-Loss/1200-kcal/1200-kcal-Vegetarian-High-Protein-Weight-Loss-Option-01.pdf
High-Protein Weight Loss,1200,Vegetarian,2,1205,54,51,02-High-Protein-Weight-Loss/1200-kcal/1200-kcal-Vegetarian-High-Protein-Weight-Loss-Option-02.pdf
High-Protein Weight Loss,1200,Vegetarian,3,1196,52,44,02-High-Protein-Weight-Loss/1200-kcal/1200-kcal-Vegetarian-High-Protein-Weight-Loss-Option-03.pdf
High-Protein Weight Loss,1200,Vegetarian,4,1193,54,50,02-High-Protein-Weight-Loss/1200-kcal/1200-kcal-Vegetarian-High-Protein-Weight-Loss-Option-04.pdf
High-Protein Weight Loss,1200,Vegetarian,5,1202,53,48,02-High-Protein-Weight-Loss/1200-kcal/1200-kcal-Vegetarian-High-Protein-Weight-Loss-Option-05.pdf
High-Protein Weight Loss,1200,Vegetarian,6,1214,53,47,02-High-Protein-Weight-Loss/1200-kcal/1200-kcal-Vegetarian-High-Protein-Weight-Loss-Option-06.pdf
High-Protein Weight Loss,1200,Vegetarian,7,1208,54,50,02-High-Protein-Weight-Loss/1200-kcal/1200-kcal-Vegetarian-High-Protein-Weight-Loss-Option-07.pdf
High-Protein Weight Loss,1200,Vegetarian,8,1207,52,48,02-High-Protein-Weight-Loss/1200-kcal/1200-kcal-Vegetarian-High-Protein-Weight-Loss-Option-08.pdf
High-Protein Weight Loss,1200,Vegetarian,9,1211,53,49,02-High-Protein-Weight-Loss/1200-kcal/1200-kcal-Vegetarian-High-Protein-Weight-Loss-Option-09.pdf
High-Protein Weight Loss,1200,Vegetarian,10,1212,54,50,02-High-Protein-Weight-Loss/1200-kcal/1200-kcal-Vegetarian-High-Protein-Weight-Loss-Option-10.pdf
High-Protein Weight Loss,1200,Vegetarian,11,1209,54,48,02-High-Protein-Weight-Loss/1200-kcal/1200-kcal-Vegetarian-High-Protein-Weight-Loss-Option-11.pdf
High-Protein Weight Loss,1200,Vegetarian,12,1210,54,50,02-High-Protein-Weight-Loss/1200-kcal/1200-kcal-Vegetarian-High-Protein-Weight-Loss-Option-12.pdf
High-Protein Weight Loss,1200,Vegetarian,13,1191,55,49,02-High-Protein-Weight-Loss/1200-kcal/1200-kcal-Vegetarian-High-Protein-Weight-Loss-Option-13.pdf
High-Protein Weight Loss,1200,Vegetarian,14,1198,53,49,02-High-Protein-Weight-Loss/1200-kcal/1200-kcal-Vegetarian-High-Protein-Weight-Loss-Option-14.pdf
High-Protein Weight Loss,1200,Vegetarian,15,1202,53,50,02-High-Protein-Weight-Loss/1200-kcal/1200-kcal-Vegetarian-High-Protein-Weight-Loss-Option-15.pdf
High-Protein Weight Loss,1200,Vegetarian,16,1204,51,44,02-High-Protein-Weight-Loss/1200-kcal/1200-kcal-Vegetarian-High-Protein-Weight-Loss-Option-16.pdf
High-Protein Weight Loss,1200,Vegetarian,17,1212,53,52,02-High-Protein-Weight-Loss/1200-kcal/1200-kcal-Vegetarian-High-Protein-Weight-Loss-Option-17.pdf
High-Protein Weight Loss,1200,Vegetarian,18,1207,53,50,02-High-Protein-Weight-Loss/1200-kcal/1200-kcal-Vegetarian-High-Protein-Weight-Loss-Option-18.pdf
High-Protein Weight Loss,1200,Vegetarian,19,1207,52,49,02-High-Protein-Weight-Loss/1200-kcal/1200-kcal-Vegetarian-High-Protein-Weight-Loss-Option-19.pdf
High-Protein Weight Loss,1200,Vegetarian,20,1196,51,46,02-High-Protein-Weight-Loss/1200-kcal/1200-kcal-Vegetarian-High-Protein-Weight-Loss-Option-20.pdf
High-Protein Weight Loss,1200,Vegetarian,21,1197,54,51,02-High-Protein-Weight-Loss/1200-kcal/1200-kcal-Vegetarian-High-Protein-Weight-Loss-Option-21.pdf
High-Protein Weight Loss,1200,Vegetarian,22,1191,54,50,02-High-Protein-Weight-Loss/1200-kcal/1200-kcal-Vegetarian-High-Protein-Weight-Loss-Option-22.pdf
High-Protein Weight Loss,1200,Vegetarian,23,1199,50,49,02-High-Protein-Weight-Loss/1200-kcal/1200-kcal-Vegetarian-High-Protein-Weight-Loss-Option-23.pdf
High-Protein Weight Loss,1200,Vegetarian,24,1216,55,51,02-High-Protein-Weight-Loss/1200-kcal/1200-kcal-Vegetarian-High-Protein-Weight-Loss-Option-24.pdf
High-Protein Weight Loss,1200,Vegetarian,25,1198,55,47,02-High-Protein-Weight-Loss/1200-kcal/1200-kcal-Vegetarian-High-Protein-Weight-Loss-Option-25.pdf
High-Protein Weight Loss,1200,Vegetarian,26,1212,53,47,02-High-Protein-Weight-Loss/1200-kcal/1200-kcal-Vegetarian-High-Protein-Weight-Loss-Option-26.pdf
High-Protein Weight Loss,1200,Vegetarian,27,1203,52,46,02-High-Protein-Weight-Loss/1200-kcal/1200-kcal-Vegetarian-High-Protein-Weight-Loss-Option-27.pdf
High-Protein Weight Loss,1200,Vegetarian,28,1209,54,51,02-High-Protein-Weight-Loss/1200-kcal/1200-kcal-Vegetarian-High-Protein-Weight-Loss-Option-28.pdf
High-Protein Weight Loss,1200,Vegetarian,29,1203,53,52,02-High-Protein-Weight-Loss/1200-kcal/1200-kcal-Vegetarian-High-Protein-Weight-Loss-Option-29.pdf
High-Protein Weight Loss,1200,Vegetarian,30,1202,53,49,02-High-Protein-Weight-Loss/1200-kcal/1200-kcal-Vegetarian-High-Protein-Weight-Loss-Option-30.pdf
High-Protein Weight Loss,1200,Vegan,1,1202,54,51,02-High-Protein-Weight-Loss/1200-kcal/1200-kcal-Vegan-High-Protein-Weight-Loss-Option-01.pdf
High-Protein Weight Loss,1200,Vegan,2,1204,51,48,02-High-Protein-Weight-Loss/1200-kcal/1200-kcal-Vegan-High-Protein-Weight-Loss-Option-02.pdf
High-Protein Weight Loss,1200,Vegan,3,1205,51,47,02-High-Protein-Weight-Loss/1200-kcal/1200-kcal-Vegan-High-Protein-Weight-Loss-Option-03.pdf
High-Protein Weight Loss,1200,Vegan,4,1207,51,47,02-High-Protein-Weight-Loss/1200-kcal/1200-kcal-Vegan-High-Protein-Weight-Loss-Option-04.pdf
High-Protein Weight Loss,1200,Vegan,5,1206,51,47,02-High-Protein-Weight-Loss/1200-kcal/1200-kcal-Vegan-High-Protein-Weight-Loss-Option-05.pdf
High-Protein Weight Loss,1200,Vegan,6,1199,49,44,02-High-Protein-Weight-Loss/1200-kcal/1200-kcal-Vegan-High-Protein-Weight-Loss-Option-06.pdf
High-Protein Weight Loss,1200,Vegan,7,1200,53,47,02-High-Protein-Weight-Loss/1200-kcal/1200-kcal-Vegan-High-Protein-Weight-Loss-Option-07.pdf
High-Protein Weight Loss,1200,Vegan,8,1195,54,46,02-High-Protein-Weight-Loss/1200-kcal/1200-kcal-Vegan-High-Protein-Weight-Loss-Option-08.pdf
High-Protein Weight Loss,1200,Vegan,9,1196,52,48,02-High-Protein-Weight-Loss/1200-kcal/1200-kcal-Vegan-High-Protein-Weight-Loss-Option-09.pdf
High-Protein Weight Loss,1200,Vegan,10,1201,52,47,02-High-Protein-Weight-Loss/1200-kcal/1200-kcal-Vegan-High-Protein-Weight-Loss-Option-10.pdf
High-Protein Weight Loss,1200,Vegan,11,1192,51,47,02-High-Protein-Weight-Loss/1200-kcal/1200-kcal-Vegan-High-Protein-Weight-Loss-Option-11.pdf
High-Protein Weight Loss,1200,Vegan,12,1192,51,46,02-High-Protein-Weight-Loss/1200-kcal/1200-kcal-Vegan-High-Protein-Weight-Loss-Option-12.pdf
High-Protein Weight Loss,1200,Vegan,13,1192,51,44,02-High-Protein-Weight-Loss/1200-kcal/1200-kcal-Vegan-High-Protein-Weight-Loss-Option-13.pdf
High-Protein Weight Loss,1200,Vegan,14,1196,50,45,02-High-Protein-Weight-Loss/1200-kcal/1200-kcal-Vegan-High-Protein-Weight-Loss-Option-14.pdf
High-Protein Weight Loss,1200,Vegan,15,1195,51,46,02-High-Protein-Weight-Loss/1200-kcal/1200-kcal-Vegan-High-Protein-Weight-Loss-Option-15.pdf
High-Protein Weight Loss,1200,Vegan,16,1187,54,47,02-High-Protein-Weight-Loss/1200-kcal/1200-kcal-Vegan-High-Protein-Weight-Loss-Option-16.pdf
High-Protein Weight Loss,1200,Vegan,17,1187,52,47,02-High-Protein-Weight-Loss/1200-kcal/1200-kcal-Vegan-High-Protein-Weight-Loss-Option-17.pdf
High-Protein Weight Loss,1200,Vegan,18,1198,53,46,02-High-Protein-Weight-Loss/1200-kcal/1200-kcal-Vegan-High-Protein-Weight-Loss-Option-18.pdf
High-Protein Weight Loss,1200,Vegan,19,1199,52,47,02-High-Protein-Weight-Loss/1200-kcal/1200-kcal-Vegan-High-Protein-Weight-Loss-Option-19.pdf
High-Protein Weight Loss,1200,Vegan,20,1189,51,46,02-High-Protein-Weight-Loss/1200-kcal/1200-kcal-Vegan-High-Protein-Weight-Loss-Option-20.pdf
High-Protein Weight Loss,1200,Vegan,21,1203,51,48,02-High-Protein-Weight-Loss/1200-kcal/1200-kcal-Vegan-High-Protein-Weight-Loss-Option-21.pdf
High-Protein Weight Loss,1200,Vegan,22,1197,50,45,02-High-Protein-Weight-Loss/1200-kcal/1200-kcal-Vegan-High-Protein-Weight-Loss-Option-22.pdf
High-Protein Weight Loss,1200,Vegan,23,1207,54,46,02-High-Protein-Weight-Loss/1200-kcal/1200-kcal-Vegan-High-Protein-Weight-Loss-Option-23.pdf
High-Protein Weight Loss,1200,Vegan,24,1192,48,44,02-High-Protein-Weight-Loss/1200-kcal/1200-kcal-Vegan-High-Protein-Weight-Loss-Option-24.pdf
High-Protein Weight Loss,1200,Vegan,25,1202,50,46,02-High-Protein-Weight-Loss/1200-kcal/1200-kcal-Vegan-High-Protein-Weight-Loss-Option-25.pdf
High-Protein Weight Loss,1200,Vegan,26,1197,52,42,02-High-Protein-Weight-Loss/1200-kcal/1200-kcal-Vegan-High-Protein-Weight-Loss-Option-26.pdf
High-Protein Weight Loss,1200,Vegan,27,1201,53,46,02-High-Protein-Weight-Loss/1200-kcal/1200-kcal-Vegan-High-Protein-Weight-Loss-Option-27.pdf
High-Protein Weight Loss,1200,Vegan,28,1199,51,48,02-High-Protein-Weight-Loss/1200-kcal/1200-kcal-Vegan-High-Protein-Weight-Loss-Option-28.pdf
High-Protein Weight Loss,1200,Vegan,29,1203,52,48,02-High-Protein-Weight-Loss/1200-kcal/1200-kcal-Vegan-High-Protein-Weight-Loss-Option-29.pdf
High-Protein Weight Loss,1200,Vegan,30,1201,52,44,02-High-Protein-Weight-Loss/1200-kcal/1200-kcal-Vegan-High-Protein-Weight-Loss-Option-30.pdf
High-Protein Weight Loss,1200,Eggetarian,1,1201,58,49,02-High-Protein-Weight-Loss/1200-kcal/1200-kcal-Eggetarian-High-Protein-Weight-Loss-Option-01.pdf
High-Protein Weight Loss,1200,Eggetarian,2,1209,59,48,02-High-Protein-Weight-Loss/1200-kcal/1200-kcal-Eggetarian-High-Protein-Weight-Loss-Option-02.pdf
High-Protein Weight Loss,1200,Eggetarian,3,1203,60,49,02-High-Protein-Weight-Loss/1200-kcal/1200-kcal-Eggetarian-High-Protein-Weight-Loss-Option-03.pdf
High-Protein Weight Loss,1200,Eggetarian,4,1207,62,55,02-High-Protein-Weight-Loss/1200-kcal/1200-kcal-Eggetarian-High-Protein-Weight-Loss-Option-04.pdf
High-Protein Weight Loss,1200,Eggetarian,5,1201,59,50,02-High-Protein-Weight-Loss/1200-kcal/1200-kcal-Eggetarian-High-Protein-Weight-Loss-Option-05.pdf
High-Protein Weight Loss,1200,Eggetarian,6,1213,61,53,02-High-Protein-Weight-Loss/1200-kcal/1200-kcal-Eggetarian-High-Protein-Weight-Loss-Option-06.pdf
High-Protein Weight Loss,1200,Eggetarian,7,1209,57,52,02-High-Protein-Weight-Loss/1200-kcal/1200-kcal-Eggetarian-High-Protein-Weight-Loss-Option-07.pdf
High-Protein Weight Loss,1200,Eggetarian,8,1197,57,45,02-High-Protein-Weight-Loss/1200-kcal/1200-kcal-Eggetarian-High-Protein-Weight-Loss-Option-08.pdf
High-Protein Weight Loss,1200,Eggetarian,9,1216,59,47,02-High-Protein-Weight-Loss/1200-kcal/1200-kcal-Eggetarian-High-Protein-Weight-Loss-Option-09.pdf
High-Protein Weight Loss,1200,Eggetarian,10,1204,58,51,02-High-Protein-Weight-Loss/1200-kcal/1200-kcal-Eggetarian-High-Protein-Weight-Loss-Option-10.pdf
High-Protein Weight Loss,1200,Eggetarian,11,1214,59,54,02-High-Protein-Weight-Loss/1200-kcal/1200-kcal-Eggetarian-High-Protein-Weight-Loss-Option-11.pdf
High-Protein Weight Loss,1200,Eggetarian,12,1198,56,48,02-High-Protein-Weight-Loss/1200-kcal/1200-kcal-Eggetarian-High-Protein-Weight-Loss-Option-12.pdf
High-Protein Weight Loss,1200,Eggetarian,13,1199,55,48,02-High-Protein-Weight-Loss/1200-kcal/1200-kcal-Eggetarian-High-Protein-Weight-Loss-Option-13.pdf
High-Protein Weight Loss,1200,Eggetarian,14,1215,57,50,02-High-Protein-Weight-Loss/1200-kcal/1200-kcal-Eggetarian-High-Protein-Weight-Loss-Option-14.pdf
High-Protein Weight Loss,1200,Eggetarian,15,1203,55,48,02-High-Protein-Weight-Loss/1200-kcal/1200-kcal-Eggetarian-High-Protein-Weight-Loss-Option-15.pdf
High-Protein Weight Loss,1200,Eggetarian,16,1195,55,52,02-High-Protein-Weight-Loss/1200-kcal/1200-kcal-Eggetarian-High-Protein-Weight-Loss-Option-16.pdf
High-Protein Weight Loss,1200,Eggetarian,17,1205,58,49,02-High-Protein-Weight-Loss/1200-kcal/1200-kcal-Eggetarian-High-Protein-Weight-Loss-Option-17.pdf
High-Protein Weight Loss,1200,Eggetarian,18,1202,58,50,02-High-Protein-Weight-Loss/1200-kcal/1200-kcal-Eggetarian-High-Protein-Weight-Loss-Option-18.pdf
High-Protein Weight Loss,1200,Eggetarian,19,1215,56,49,02-High-Protein-Weight-Loss/1200-kcal/1200-kcal-Eggetarian-High-Protein-Weight-Loss-Option-19.pdf
High-Protein Weight Loss,1200,Eggetarian,20,1197,62,51,02-High-Protein-Weight-Loss/1200-kcal/1200-kcal-Eggetarian-High-Protein-Weight-Loss-Option-20.pdf
High-Protein Weight Loss,1200,Eggetarian,21,1209,58,51,02-High-Protein-Weight-Loss/1200-kcal/1200-kcal-Eggetarian-High-Protein-Weight-Loss-Option-21.pdf
High-Protein Weight Loss,1200,Eggetarian,22,1202,55,47,02-High-Protein-Weight-Loss/1200-kcal/1200-kcal-Eggetarian-High-Protein-Weight-Loss-Option-22.pdf
High-Protein Weight Loss,1200,Eggetarian,23,1213,60,48,02-High-Protein-Weight-Loss/1200-kcal/1200-kcal-Eggetarian-High-Protein-Weight-Loss-Option-23.pdf
High-Protein Weight Loss,1200,Eggetarian,24,1211,57,48,02-High-Protein-Weight-Loss/1200-kcal/1200-kcal-Eggetarian-High-Protein-Weight-Loss-Option-24.pdf
High-Protein Weight Loss,1200,Eggetarian,25,1199,55,52,02-High-Protein-Weight-Loss/1200-kcal/1200-kcal-Eggetarian-High-Protein-Weight-Loss-Option-25.pdf
High-Protein Weight Loss,1200,Eggetarian,26,1211,59,53,02-High-Protein-Weight-Loss/1200-kcal/1200-kcal-Eggetarian-High-Protein-Weight-Loss-Option-26.pdf
High-Protein Weight Loss,1200,Eggetarian,27,1198,60,52,02-High-Protein-Weight-Loss/1200-kcal/1200-kcal-Eggetarian-High-Protein-Weight-Loss-Option-27.pdf
High-Protein Weight Loss,1200,Eggetarian,28,1201,58,53,02-High-Protein-Weight-Loss/1200-kcal/1200-kcal-Eggetarian-High-Protein-Weight-Loss-Option-28.pdf
High-Protein Weight Loss,1200,Eggetarian,29,1210,56,49,02-High-Protein-Weight-Loss/1200-kcal/1200-kcal-Eggetarian-High-Protein-Weight-Loss-Option-29.pdf
High-Protein Weight Loss,1200,Eggetarian,30,1199,60,54,02-High-Protein-Weight-Loss/1200-kcal/1200-kcal-Eggetarian-High-Protein-Weight-Loss-Option-30.pdf
High-Protein Weight Loss,1200,Non-Vegetarian,1,1207,72,58,02-High-Protein-Weight-Loss/1200-kcal/1200-kcal-Non-Vegetarian-High-Protein-Weight-Loss-Option-01.pdf
High-Protein Weight Loss,1200,Non-Vegetarian,2,1207,70,57,02-High-Protein-Weight-Loss/1200-kcal/1200-kcal-Non-Vegetarian-High-Protein-Weight-Loss-Option-02.pdf
High-Protein Weight Loss,1200,Non-Vegetarian,3,1209,63,54,02-High-Protein-Weight-Loss/1200-kcal/1200-kcal-Non-Vegetarian-High-Protein-Weight-Loss-Option-03.pdf
High-Protein Weight Loss,1200,Non-Vegetarian,4,1209,68,60,02-High-Protein-Weight-Loss/1200-kcal/1200-kcal-Non-Vegetarian-High-Protein-Weight-Loss-Option-04.pdf
High-Protein Weight Loss,1200,Non-Vegetarian,5,1199,63,59,02-High-Protein-Weight-Loss/1200-kcal/1200-kcal-Non-Vegetarian-High-Protein-Weight-Loss-Option-05.pdf
High-Protein Weight Loss,1200,Non-Vegetarian,6,1209,71,60,02-High-Protein-Weight-Loss/1200-kcal/1200-kcal-Non-Vegetarian-High-Protein-Weight-Loss-Option-06.pdf
High-Protein Weight Loss,1200,Non-Vegetarian,7,1206,75,66,02-High-Protein-Weight-Loss/1200-kcal/1200-kcal-Non-Vegetarian-High-Protein-Weight-Loss-Option-07.pdf
High-Protein Weight Loss,1200,Non-Vegetarian,8,1205,66,54,02-High-Protein-Weight-Loss/1200-kcal/1200-kcal-Non-Vegetarian-High-Protein-Weight-Loss-Option-08.pdf
High-Protein Weight Loss,1200,Non-Vegetarian,9,1207,66,60,02-High-Protein-Weight-Loss/1200-kcal/1200-kcal-Non-Vegetarian-High-Protein-Weight-Loss-Option-09.pdf
High-Protein Weight Loss,1200,Non-Vegetarian,10,1220,71,60,02-High-Protein-Weight-Loss/1200-kcal/1200-kcal-Non-Vegetarian-High-Protein-Weight-Loss-Option-10.pdf
High-Protein Weight Loss,1200,Non-Vegetarian,11,1213,66,58,02-High-Protein-Weight-Loss/1200-kcal/1200-kcal-Non-Vegetarian-High-Protein-Weight-Loss-Option-11.pdf
High-Protein Weight Loss,1200,Non-Vegetarian,12,1213,71,60,02-High-Protein-Weight-Loss/1200-kcal/1200-kcal-Non-Vegetarian-High-Protein-Weight-Loss-Option-12.pdf
High-Protein Weight Loss,1200,Non-Vegetarian,13,1203,70,57,02-High-Protein-Weight-Loss/1200-kcal/1200-kcal-Non-Vegetarian-High-Protein-Weight-Loss-Option-13.pdf
High-Protein Weight Loss,1200,Non-Vegetarian,14,1205,67,54,02-High-Protein-Weight-Loss/1200-kcal/1200-kcal-Non-Vegetarian-High-Protein-Weight-Loss-Option-14.pdf
High-Protein Weight Loss,1200,Non-Vegetarian,15,1215,69,52,02-High-Protein-Weight-Loss/1200-kcal/1200-kcal-Non-Vegetarian-High-Protein-Weight-Loss-Option-15.pdf
High-Protein Weight Loss,1200,Non-Vegetarian,16,1212,69,60,02-High-Protein-Weight-Loss/1200-kcal/1200-kcal-Non-Vegetarian-High-Protein-Weight-Loss-Option-16.pdf
High-Protein Weight Loss,1200,Non-Vegetarian,17,1202,68,60,02-High-Protein-Weight-Loss/1200-kcal/1200-kcal-Non-Vegetarian-High-Protein-Weight-Loss-Option-17.pdf
High-Protein Weight Loss,1200,Non-Vegetarian,18,1205,71,63,02-High-Protein-Weight-Loss/1200-kcal/1200-kcal-Non-Vegetarian-High-Protein-Weight-Loss-Option-18.pdf
High-Protein Weight Loss,1200,Non-Vegetarian,19,1209,67,58,02-High-Protein-Weight-Loss/1200-kcal/1200-kcal-Non-Vegetarian-High-Protein-Weight-Loss-Option-19.pdf
High-Protein Weight Loss,1200,Non-Vegetarian,20,1210,67,55,02-High-Protein-Weight-Loss/1200-kcal/1200-kcal-Non-Vegetarian-High-Protein-Weight-Loss-Option-20.pdf
High-Protein Weight Loss,1200,Non-Vegetarian,21,1208,68,55,02-High-Protein-Weight-Loss/1200-kcal/1200-kcal-Non-Vegetarian-High-Protein-Weight-Loss-Option-21.pdf
High-Protein Weight Loss,1200,Non-Vegetarian,22,1211,69,55,02-High-Protein-Weight-Loss/1200-kcal/1200-kcal-Non-Vegetarian-High-Protein-Weight-Loss-Option-22.pdf
High-Protein Weight Loss,1200,Non-Vegetarian,23,1202,66,53,02-High-Protein-Weight-Loss/1200-kcal/1200-kcal-Non-Vegetarian-High-Protein-Weight-Loss-Option-23.pdf
High-Protein Weight Loss,1200,Non-Vegetarian,24,1215,68,57,02-High-Protein-Weight-Loss/1200-kcal/1200-kcal-Non-Vegetarian-High-Protein-Weight-Loss-Option-24.pdf
High-Protein Weight Loss,1200,Non-Vegetarian,25,1201,68,56,02-High-Protein-Weight-Loss/1200-kcal/1200-kcal-Non-Vegetarian-High-Protein-Weight-Loss-Option-25.pdf
High-Protein Weight Loss,1200,Non-Vegetarian,26,1204,70,56,02-High-Protein-Weight-Loss/1200-kcal/1200-kcal-Non-Vegetarian-High-Protein-Weight-Loss-Option-26.pdf
High-Protein Weight Loss,1200,Non-Vegetarian,27,1198,63,54,02-High-Protein-Weight-Loss/1200-kcal/1200-kcal-Non-Vegetarian-High-Protein-Weight-Loss-Option-27.pdf
High-Protein Weight Loss,1200,Non-Vegetarian,28,1205,68,60,02-High-Protein-Weight-Loss/1200-kcal/1200-kcal-Non-Vegetarian-High-Protein-Weight-Loss-Option-28.pdf
High-Protein Weight Loss,1200,Non-Vegetarian,29,1196,66,60,02-High-Protein-Weight-Loss/1200-kcal/1200-kcal-Non-Vegetarian-High-Protein-Weight-Loss-Option-29.pdf
High-Protein Weight Loss,1200,Non-Vegetarian,30,1206,69,60,02-High-Protein-Weight-Loss/1200-kcal/1200-kcal-Non-Vegetarian-High-Protein-Weight-Loss-Option-30.pdf
High-Protein Weight Loss,1300,Vegetarian,1,1310,60,50,02-High-Protein-Weight-Loss/1300-kcal/1300-kcal-Vegetarian-High-Protein-Weight-Loss-Option-01.pdf
High-Protein Weight Loss,1300,Vegetarian,2,1303,58,55,02-High-Protein-Weight-Loss/1300-kcal/1300-kcal-Vegetarian-High-Protein-Weight-Loss-Option-02.pdf
High-Protein Weight Loss,1300,Vegetarian,3,1302,58,53,02-High-Protein-Weight-Loss/1300-kcal/1300-kcal-Vegetarian-High-Protein-Weight-Loss-Option-03.pdf
High-Protein Weight Loss,1300,Vegetarian,4,1312,60,56,02-High-Protein-Weight-Loss/1300-kcal/1300-kcal-Vegetarian-High-Protein-Weight-Loss-Option-04.pdf
High-Protein Weight Loss,1300,Vegetarian,5,1302,57,48,02-High-Protein-Weight-Loss/1300-kcal/1300-kcal-Vegetarian-High-Protein-Weight-Loss-Option-05.pdf
High-Protein Weight Loss,1300,Vegetarian,6,1292,59,50,02-High-Protein-Weight-Loss/1300-kcal/1300-kcal-Vegetarian-High-Protein-Weight-Loss-Option-06.pdf
High-Protein Weight Loss,1300,Vegetarian,7,1299,60,57,02-High-Protein-Weight-Loss/1300-kcal/1300-kcal-Vegetarian-High-Protein-Weight-Loss-Option-07.pdf
High-Protein Weight Loss,1300,Vegetarian,8,1318,59,56,02-High-Protein-Weight-Loss/1300-kcal/1300-kcal-Vegetarian-High-Protein-Weight-Loss-Option-08.pdf
High-Protein Weight Loss,1300,Vegetarian,9,1301,55,51,02-High-Protein-Weight-Loss/1300-kcal/1300-kcal-Vegetarian-High-Protein-Weight-Loss-Option-09.pdf
High-Protein Weight Loss,1300,Vegetarian,10,1307,58,54,02-High-Protein-Weight-Loss/1300-kcal/1300-kcal-Vegetarian-High-Protein-Weight-Loss-Option-10.pdf
High-Protein Weight Loss,1300,Vegetarian,11,1315,58,50,02-High-Protein-Weight-Loss/1300-kcal/1300-kcal-Vegetarian-High-Protein-Weight-Loss-Option-11.pdf
High-Protein Weight Loss,1300,Vegetarian,12,1289,56,52,02-High-Protein-Weight-Loss/1300-kcal/1300-kcal-Vegetarian-High-Protein-Weight-Loss-Option-12.pdf
High-Protein Weight Loss,1300,Vegetarian,13,1313,58,56,02-High-Protein-Weight-Loss/1300-kcal/1300-kcal-Vegetarian-High-Protein-Weight-Loss-Option-13.pdf
High-Protein Weight Loss,1300,Vegetarian,14,1310,56,50,02-High-Protein-Weight-Loss/1300-kcal/1300-kcal-Vegetarian-High-Protein-Weight-Loss-Option-14.pdf
High-Protein Weight Loss,1300,Vegetarian,15,1302,58,51,02-High-Protein-Weight-Loss/1300-kcal/1300-kcal-Vegetarian-High-Protein-Weight-Loss-Option-15.pdf
High-Protein Weight Loss,1300,Vegetarian,16,1291,59,55,02-High-Protein-Weight-Loss/1300-kcal/1300-kcal-Vegetarian-High-Protein-Weight-Loss-Option-16.pdf
High-Protein Weight Loss,1300,Vegetarian,17,1301,57,52,02-High-Protein-Weight-Loss/1300-kcal/1300-kcal-Vegetarian-High-Protein-Weight-Loss-Option-17.pdf
High-Protein Weight Loss,1300,Vegetarian,18,1299,58,52,02-High-Protein-Weight-Loss/1300-kcal/1300-kcal-Vegetarian-High-Protein-Weight-Loss-Option-18.pdf
High-Protein Weight Loss,1300,Vegetarian,19,1301,57,52,02-High-Protein-Weight-Loss/1300-kcal/1300-kcal-Vegetarian-High-Protein-Weight-Loss-Option-19.pdf
High-Protein Weight Loss,1300,Vegetarian,20,1303,58,50,02-High-Protein-Weight-Loss/1300-kcal/1300-kcal-Vegetarian-High-Protein-Weight-Loss-Option-20.pdf
High-Protein Weight Loss,1300,Vegetarian,21,1306,58,53,02-High-Protein-Weight-Loss/1300-kcal/1300-kcal-Vegetarian-High-Protein-Weight-Loss-Option-21.pdf
High-Protein Weight Loss,1300,Vegetarian,22,1311,57,52,02-High-Protein-Weight-Loss/1300-kcal/1300-kcal-Vegetarian-High-Protein-Weight-Loss-Option-22.pdf
High-Protein Weight Loss,1300,Vegetarian,23,1309,55,49,02-High-Protein-Weight-Loss/1300-kcal/1300-kcal-Vegetarian-High-Protein-Weight-Loss-Option-23.pdf
High-Protein Weight Loss,1300,Vegetarian,24,1313,58,50,02-High-Protein-Weight-Loss/1300-kcal/1300-kcal-Vegetarian-High-Protein-Weight-Loss-Option-24.pdf
High-Protein Weight Loss,1300,Vegetarian,25,1292,54,48,02-High-Protein-Weight-Loss/1300-kcal/1300-kcal-Vegetarian-High-Protein-Weight-Loss-Option-25.pdf
High-Protein Weight Loss,1300,Vegetarian,26,1299,56,50,02-High-Protein-Weight-Loss/1300-kcal/1300-kcal-Vegetarian-High-Protein-Weight-Loss-Option-26.pdf
High-Protein Weight Loss,1300,Vegetarian,27,1302,59,48,02-High-Protein-Weight-Loss/1300-kcal/1300-kcal-Vegetarian-High-Protein-Weight-Loss-Option-27.pdf
High-Protein Weight Loss,1300,Vegetarian,28,1298,57,50,02-High-Protein-Weight-Loss/1300-kcal/1300-kcal-Vegetarian-High-Protein-Weight-Loss-Option-28.pdf
High-Protein Weight Loss,1300,Vegetarian,29,1306,55,51,02-High-Protein-Weight-Loss/1300-kcal/1300-kcal-Vegetarian-High-Protein-Weight-Loss-Option-29.pdf
High-Protein Weight Loss,1300,Vegetarian,30,1301,55,50,02-High-Protein-Weight-Loss/1300-kcal/1300-kcal-Vegetarian-High-Protein-Weight-Loss-Option-30.pdf
High-Protein Weight Loss,1300,Vegan,1,1300,57,48,02-High-Protein-Weight-Loss/1300-kcal/1300-kcal-Vegan-High-Protein-Weight-Loss-Option-01.pdf
High-Protein Weight Loss,1300,Vegan,2,1289,59,55,02-High-Protein-Weight-Loss/1300-kcal/1300-kcal-Vegan-High-Protein-Weight-Loss-Option-02.pdf
High-Protein Weight Loss,1300,Vegan,3,1313,59,55,02-High-Protein-Weight-Loss/1300-kcal/1300-kcal-Vegan-High-Protein-Weight-Loss-Option-03.pdf
High-Protein Weight Loss,1300,Vegan,4,1301,55,49,02-High-Protein-Weight-Loss/1300-kcal/1300-kcal-Vegan-High-Protein-Weight-Loss-Option-04.pdf
High-Protein Weight Loss,1300,Vegan,5,1304,58,52,02-High-Protein-Weight-Loss/1300-kcal/1300-kcal-Vegan-High-Protein-Weight-Loss-Option-05.pdf
High-Protein Weight Loss,1300,Vegan,6,1296,56,50,02-High-Protein-Weight-Loss/1300-kcal/1300-kcal-Vegan-High-Protein-Weight-Loss-Option-06.pdf
High-Protein Weight Loss,1300,Vegan,7,1289,56,51,02-High-Protein-Weight-Loss/1300-kcal/1300-kcal-Vegan-High-Protein-Weight-Loss-Option-07.pdf
High-Protein Weight Loss,1300,Vegan,8,1288,56,50,02-High-Protein-Weight-Loss/1300-kcal/1300-kcal-Vegan-High-Protein-Weight-Loss-Option-08.pdf
High-Protein Weight Loss,1300,Vegan,9,1298,56,54,02-High-Protein-Weight-Loss/1300-kcal/1300-kcal-Vegan-High-Protein-Weight-Loss-Option-09.pdf
High-Protein Weight Loss,1300,Vegan,10,1283,58,51,02-High-Protein-Weight-Loss/1300-kcal/1300-kcal-Vegan-High-Protein-Weight-Loss-Option-10.pdf
High-Protein Weight Loss,1300,Vegan,11,1299,56,48,02-High-Protein-Weight-Loss/1300-kcal/1300-kcal-Vegan-High-Protein-Weight-Loss-Option-11.pdf
High-Protein Weight Loss,1300,Vegan,12,1294,56,50,02-High-Protein-Weight-Loss/1300-kcal/1300-kcal-Vegan-High-Protein-Weight-Loss-Option-12.pdf
High-Protein Weight Loss,1300,Vegan,13,1302,59,55,02-High-Protein-Weight-Loss/1300-kcal/1300-kcal-Vegan-High-Protein-Weight-Loss-Option-13.pdf
High-Protein Weight Loss,1300,Vegan,14,1305,54,49,02-High-Protein-Weight-Loss/1300-kcal/1300-kcal-Vegan-High-Protein-Weight-Loss-Option-14.pdf
High-Protein Weight Loss,1300,Vegan,15,1294,55,50,02-High-Protein-Weight-Loss/1300-kcal/1300-kcal-Vegan-High-Protein-Weight-Loss-Option-15.pdf
High-Protein Weight Loss,1300,Vegan,16,1293,55,48,02-High-Protein-Weight-Loss/1300-kcal/1300-kcal-Vegan-High-Protein-Weight-Loss-Option-16.pdf
High-Protein Weight Loss,1300,Vegan,17,1312,57,50,02-High-Protein-Weight-Loss/1300-kcal/1300-kcal-Vegan-High-Protein-Weight-Loss-Option-17.pdf
High-Protein Weight Loss,1300,Vegan,18,1303,55,51,02-High-Protein-Weight-Loss/1300-kcal/1300-kcal-Vegan-High-Protein-Weight-Loss-Option-18.pdf
High-Protein Weight Loss,1300,Vegan,19,1300,58,51,02-High-Protein-Weight-Loss/1300-kcal/1300-kcal-Vegan-High-Protein-Weight-Loss-Option-19.pdf
High-Protein Weight Loss,1300,Vegan,20,1285,56,50,02-High-Protein-Weight-Loss/1300-kcal/1300-kcal-Vegan-High-Protein-Weight-Loss-Option-20.pdf
High-Protein Weight Loss,1300,Vegan,21,1298,59,50,02-High-Protein-Weight-Loss/1300-kcal/1300-kcal-Vegan-High-Protein-Weight-Loss-Option-21.pdf
High-Protein Weight Loss,1300,Vegan,22,1303,60,55,02-High-Protein-Weight-Loss/1300-kcal/1300-kcal-Vegan-High-Protein-Weight-Loss-Option-22.pdf
High-Protein Weight Loss,1300,Vegan,23,1293,57,50,02-High-Protein-Weight-Loss/1300-kcal/1300-kcal-Vegan-High-Protein-Weight-Loss-Option-23.pdf
High-Protein Weight Loss,1300,Vegan,24,1290,57,50,02-High-Protein-Weight-Loss/1300-kcal/1300-kcal-Vegan-High-Protein-Weight-Loss-Option-24.pdf
High-Protein Weight Loss,1300,Vegan,25,1295,56,52,02-High-Protein-Weight-Loss/1300-kcal/1300-kcal-Vegan-High-Protein-Weight-Loss-Option-25.pdf
High-Protein Weight Loss,1300,Vegan,26,1303,57,53,02-High-Protein-Weight-Loss/1300-kcal/1300-kcal-Vegan-High-Protein-Weight-Loss-Option-26.pdf
High-Protein Weight Loss,1300,Vegan,27,1306,57,49,02-High-Protein-Weight-Loss/1300-kcal/1300-kcal-Vegan-High-Protein-Weight-Loss-Option-27.pdf
High-Protein Weight Loss,1300,Vegan,28,1283,58,49,02-High-Protein-Weight-Loss/1300-kcal/1300-kcal-Vegan-High-Protein-Weight-Loss-Option-28.pdf
High-Protein Weight Loss,1300,Vegan,29,1296,55,51,02-High-Protein-Weight-Loss/1300-kcal/1300-kcal-Vegan-High-Protein-Weight-Loss-Option-29.pdf
High-Protein Weight Loss,1300,Vegan,30,1301,56,50,02-High-Protein-Weight-Loss/1300-kcal/1300-kcal-Vegan-High-Protein-Weight-Loss-Option-30.pdf
High-Protein Weight Loss,1300,Eggetarian,1,1304,65,58,02-High-Protein-Weight-Loss/1300-kcal/1300-kcal-Eggetarian-High-Protein-Weight-Loss-Option-01.pdf
High-Protein Weight Loss,1300,Eggetarian,2,1296,63,58,02-High-Protein-Weight-Loss/1300-kcal/1300-kcal-Eggetarian-High-Protein-Weight-Loss-Option-02.pdf
High-Protein Weight Loss,1300,Eggetarian,3,1306,63,53,02-High-Protein-Weight-Loss/1300-kcal/1300-kcal-Eggetarian-High-Protein-Weight-Loss-Option-03.pdf
High-Protein Weight Loss,1300,Eggetarian,4,1309,64,54,02-High-Protein-Weight-Loss/1300-kcal/1300-kcal-Eggetarian-High-Protein-Weight-Loss-Option-04.pdf
High-Protein Weight Loss,1300,Eggetarian,5,1296,64,53,02-High-Protein-Weight-Loss/1300-kcal/1300-kcal-Eggetarian-High-Protein-Weight-Loss-Option-05.pdf
High-Protein Weight Loss,1300,Eggetarian,6,1297,60,47,02-High-Protein-Weight-Loss/1300-kcal/1300-kcal-Eggetarian-High-Protein-Weight-Loss-Option-06.pdf
High-Protein Weight Loss,1300,Eggetarian,7,1312,64,53,02-High-Protein-Weight-Loss/1300-kcal/1300-kcal-Eggetarian-High-Protein-Weight-Loss-Option-07.pdf
High-Protein Weight Loss,1300,Eggetarian,8,1306,61,54,02-High-Protein-Weight-Loss/1300-kcal/1300-kcal-Eggetarian-High-Protein-Weight-Loss-Option-08.pdf
High-Protein Weight Loss,1300,Eggetarian,9,1305,63,56,02-High-Protein-Weight-Loss/1300-kcal/1300-kcal-Eggetarian-High-Protein-Weight-Loss-Option-09.pdf
High-Protein Weight Loss,1300,Eggetarian,10,1299,64,57,02-High-Protein-Weight-Loss/1300-kcal/1300-kcal-Eggetarian-High-Protein-Weight-Loss-Option-10.pdf
High-Protein Weight Loss,1300,Eggetarian,11,1311,64,57,02-High-Protein-Weight-Loss/1300-kcal/1300-kcal-Eggetarian-High-Protein-Weight-Loss-Option-11.pdf
High-Protein Weight Loss,1300,Eggetarian,12,1299,66,56,02-High-Protein-Weight-Loss/1300-kcal/1300-kcal-Eggetarian-High-Protein-Weight-Loss-Option-12.pdf
High-Protein Weight Loss,1300,Eggetarian,13,1303,63,52,02-High-Protein-Weight-Loss/1300-kcal/1300-kcal-Eggetarian-High-Protein-Weight-Loss-Option-13.pdf
High-Protein Weight Loss,1300,Eggetarian,14,1300,62,47,02-High-Protein-Weight-Loss/1300-kcal/1300-kcal-Eggetarian-High-Protein-Weight-Loss-Option-14.pdf
High-Protein Weight Loss,1300,Eggetarian,15,1297,64,56,02-High-Protein-Weight-Loss/1300-kcal/1300-kcal-Eggetarian-High-Protein-Weight-Loss-Option-15.pdf
High-Protein Weight Loss,1300,Eggetarian,16,1305,66,53,02-High-Protein-Weight-Loss/1300-kcal/1300-kcal-Eggetarian-High-Protein-Weight-Loss-Option-16.pdf
High-Protein Weight Loss,1300,Eggetarian,17,1304,62,57,02-High-Protein-Weight-Loss/1300-kcal/1300-kcal-Eggetarian-High-Protein-Weight-Loss-Option-17.pdf
High-Protein Weight Loss,1300,Eggetarian,18,1306,63,52,02-High-Protein-Weight-Loss/1300-kcal/1300-kcal-Eggetarian-High-Protein-Weight-Loss-Option-18.pdf
High-Protein Weight Loss,1300,Eggetarian,19,1313,62,57,02-High-Protein-Weight-Loss/1300-kcal/1300-kcal-Eggetarian-High-Protein-Weight-Loss-Option-19.pdf
High-Protein Weight Loss,1300,Eggetarian,20,1293,58,53,02-High-Protein-Weight-Loss/1300-kcal/1300-kcal-Eggetarian-High-Protein-Weight-Loss-Option-20.pdf
High-Protein Weight Loss,1300,Eggetarian,21,1298,63,50,02-High-Protein-Weight-Loss/1300-kcal/1300-kcal-Eggetarian-High-Protein-Weight-Loss-Option-21.pdf
High-Protein Weight Loss,1300,Eggetarian,22,1306,63,49,02-High-Protein-Weight-Loss/1300-kcal/1300-kcal-Eggetarian-High-Protein-Weight-Loss-Option-22.pdf
High-Protein Weight Loss,1300,Eggetarian,23,1304,63,51,02-High-Protein-Weight-Loss/1300-kcal/1300-kcal-Eggetarian-High-Protein-Weight-Loss-Option-23.pdf
High-Protein Weight Loss,1300,Eggetarian,24,1292,62,52,02-High-Protein-Weight-Loss/1300-kcal/1300-kcal-Eggetarian-High-Protein-Weight-Loss-Option-24.pdf
High-Protein Weight Loss,1300,Eggetarian,25,1291,61,49,02-High-Protein-Weight-Loss/1300-kcal/1300-kcal-Eggetarian-High-Protein-Weight-Loss-Option-25.pdf
High-Protein Weight Loss,1300,Eggetarian,26,1311,61,53,02-High-Protein-Weight-Loss/1300-kcal/1300-kcal-Eggetarian-High-Protein-Weight-Loss-Option-26.pdf
High-Protein Weight Loss,1300,Eggetarian,27,1308,66,53,02-High-Protein-Weight-Loss/1300-kcal/1300-kcal-Eggetarian-High-Protein-Weight-Loss-Option-27.pdf
High-Protein Weight Loss,1300,Eggetarian,28,1296,63,50,02-High-Protein-Weight-Loss/1300-kcal/1300-kcal-Eggetarian-High-Protein-Weight-Loss-Option-28.pdf
High-Protein Weight Loss,1300,Eggetarian,29,1290,61,51,02-High-Protein-Weight-Loss/1300-kcal/1300-kcal-Eggetarian-High-Protein-Weight-Loss-Option-29.pdf
High-Protein Weight Loss,1300,Eggetarian,30,1297,61,47,02-High-Protein-Weight-Loss/1300-kcal/1300-kcal-Eggetarian-High-Protein-Weight-Loss-Option-30.pdf
High-Protein Weight Loss,1300,Non-Vegetarian,1,1303,70,65,02-High-Protein-Weight-Loss/1300-kcal/1300-kcal-Non-Vegetarian-High-Protein-Weight-Loss-Option-01.pdf
High-Protein Weight Loss,1300,Non-Vegetarian,2,1305,77,62,02-High-Protein-Weight-Loss/1300-kcal/1300-kcal-Non-Vegetarian-High-Protein-Weight-Loss-Option-02.pdf
High-Protein Weight Loss,1300,Non-Vegetarian,3,1297,69,59,02-High-Protein-Weight-Loss/1300-kcal/1300-kcal-Non-Vegetarian-High-Protein-Weight-Loss-Option-03.pdf
High-Protein Weight Loss,1300,Non-Vegetarian,4,1299,72,57,02-High-Protein-Weight-Loss/1300-kcal/1300-kcal-Non-Vegetarian-High-Protein-Weight-Loss-Option-04.pdf
High-Protein Weight Loss,1300,Non-Vegetarian,5,1306,76,55,02-High-Protein-Weight-Loss/1300-kcal/1300-kcal-Non-Vegetarian-High-Protein-Weight-Loss-Option-05.pdf
High-Protein Weight Loss,1300,Non-Vegetarian,6,1299,72,55,02-High-Protein-Weight-Loss/1300-kcal/1300-kcal-Non-Vegetarian-High-Protein-Weight-Loss-Option-06.pdf
High-Protein Weight Loss,1300,Non-Vegetarian,7,1306,73,61,02-High-Protein-Weight-Loss/1300-kcal/1300-kcal-Non-Vegetarian-High-Protein-Weight-Loss-Option-07.pdf
High-Protein Weight Loss,1300,Non-Vegetarian,8,1297,65,58,02-High-Protein-Weight-Loss/1300-kcal/1300-kcal-Non-Vegetarian-High-Protein-Weight-Loss-Option-08.pdf
High-Protein Weight Loss,1300,Non-Vegetarian,9,1310,80,63,02-High-Protein-Weight-Loss/1300-kcal/1300-kcal-Non-Vegetarian-High-Protein-Weight-Loss-Option-09.pdf
High-Protein Weight Loss,1300,Non-Vegetarian,10,1317,73,58,02-High-Protein-Weight-Loss/1300-kcal/1300-kcal-Non-Vegetarian-High-Protein-Weight-Loss-Option-10.pdf
High-Protein Weight Loss,1300,Non-Vegetarian,11,1300,72,55,02-High-Protein-Weight-Loss/1300-kcal/1300-kcal-Non-Vegetarian-High-Protein-Weight-Loss-Option-11.pdf
High-Protein Weight Loss,1300,Non-Vegetarian,12,1307,72,64,02-High-Protein-Weight-Loss/1300-kcal/1300-kcal-Non-Vegetarian-High-Protein-Weight-Loss-Option-12.pdf
High-Protein Weight Loss,1300,Non-Vegetarian,13,1304,70,60,02-High-Protein-Weight-Loss/1300-kcal/1300-kcal-Non-Vegetarian-High-Protein-Weight-Loss-Option-13.pdf
High-Protein Weight Loss,1300,Non-Vegetarian,14,1303,74,62,02-High-Protein-Weight-Loss/1300-kcal/1300-kcal-Non-Vegetarian-High-Protein-Weight-Loss-Option-14.pdf
High-Protein Weight Loss,1300,Non-Vegetarian,15,1290,68,58,02-High-Protein-Weight-Loss/1300-kcal/1300-kcal-Non-Vegetarian-High-Protein-Weight-Loss-Option-15.pdf
High-Protein Weight Loss,1300,Non-Vegetarian,16,1309,74,62,02-High-Protein-Weight-Loss/1300-kcal/1300-kcal-Non-Vegetarian-High-Protein-Weight-Loss-Option-16.pdf
High-Protein Weight Loss,1300,Non-Vegetarian,17,1300,73,59,02-High-Protein-Weight-Loss/1300-kcal/1300-kcal-Non-Vegetarian-High-Protein-Weight-Loss-Option-17.pdf
High-Protein Weight Loss,1300,Non-Vegetarian,18,1314,69,63,02-High-Protein-Weight-Loss/1300-kcal/1300-kcal-Non-Vegetarian-High-Protein-Weight-Loss-Option-18.pdf
High-Protein Weight Loss,1300,Non-Vegetarian,19,1315,82,69,02-High-Protein-Weight-Loss/1300-kcal/1300-kcal-Non-Vegetarian-High-Protein-Weight-Loss-Option-19.pdf
High-Protein Weight Loss,1300,Non-Vegetarian,20,1311,77,67,02-High-Protein-Weight-Loss/1300-kcal/1300-kcal-Non-Vegetarian-High-Protein-Weight-Loss-Option-20.pdf
High-Protein Weight Loss,1300,Non-Vegetarian,21,1306,74,62,02-High-Protein-Weight-Loss/1300-kcal/1300-kcal-Non-Vegetarian-High-Protein-Weight-Loss-Option-21.pdf
High-Protein Weight Loss,1300,Non-Vegetarian,22,1303,75,65,02-High-Protein-Weight-Loss/1300-kcal/1300-kcal-Non-Vegetarian-High-Protein-Weight-Loss-Option-22.pdf
High-Protein Weight Loss,1300,Non-Vegetarian,23,1300,71,63,02-High-Protein-Weight-Loss/1300-kcal/1300-kcal-Non-Vegetarian-High-Protein-Weight-Loss-Option-23.pdf
High-Protein Weight Loss,1300,Non-Vegetarian,24,1301,72,60,02-High-Protein-Weight-Loss/1300-kcal/1300-kcal-Non-Vegetarian-High-Protein-Weight-Loss-Option-24.pdf
High-Protein Weight Loss,1300,Non-Vegetarian,25,1303,72,63,02-High-Protein-Weight-Loss/1300-kcal/1300-kcal-Non-Vegetarian-High-Protein-Weight-Loss-Option-25.pdf
High-Protein Weight Loss,1300,Non-Vegetarian,26,1290,70,58,02-High-Protein-Weight-Loss/1300-kcal/1300-kcal-Non-Vegetarian-High-Protein-Weight-Loss-Option-26.pdf
High-Protein Weight Loss,1300,Non-Vegetarian,27,1303,71,62,02-High-Protein-Weight-Loss/1300-kcal/1300-kcal-Non-Vegetarian-High-Protein-Weight-Loss-Option-27.pdf
High-Protein Weight Loss,1300,Non-Vegetarian,28,1302,77,64,02-High-Protein-Weight-Loss/1300-kcal/1300-kcal-Non-Vegetarian-High-Protein-Weight-Loss-Option-28.pdf
High-Protein Weight Loss,1300,Non-Vegetarian,29,1304,72,55,02-High-Protein-Weight-Loss/1300-kcal/1300-kcal-Non-Vegetarian-High-Protein-Weight-Loss-Option-29.pdf
High-Protein Weight Loss,1300,Non-Vegetarian,30,1311,76,62,02-High-Protein-Weight-Loss/1300-kcal/1300-kcal-Non-Vegetarian-High-Protein-Weight-Loss-Option-30.pdf
High-Protein Weight Loss,1400,Vegetarian,1,1402,62,58,02-High-Protein-Weight-Loss/1400-kcal/1400-kcal-Vegetarian-High-Protein-Weight-Loss-Option-01.pdf
High-Protein Weight Loss,1400,Vegetarian,2,1396,60,56,02-High-Protein-Weight-Loss/1400-kcal/1400-kcal-Vegetarian-High-Protein-Weight-Loss-Option-02.pdf
High-Protein Weight Loss,1400,Vegetarian,3,1402,61,54,02-High-Protein-Weight-Loss/1400-kcal/1400-kcal-Vegetarian-High-Protein-Weight-Loss-Option-03.pdf
High-Protein Weight Loss,1400,Vegetarian,4,1411,62,53,02-High-Protein-Weight-Loss/1400-kcal/1400-kcal-Vegetarian-High-Protein-Weight-Loss-Option-04.pdf
High-Protein Weight Loss,1400,Vegetarian,5,1399,58,52,02-High-Protein-Weight-Loss/1400-kcal/1400-kcal-Vegetarian-High-Protein-Weight-Loss-Option-05.pdf
High-Protein Weight Loss,1400,Vegetarian,6,1411,62,56,02-High-Protein-Weight-Loss/1400-kcal/1400-kcal-Vegetarian-High-Protein-Weight-Loss-Option-06.pdf
High-Protein Weight Loss,1400,Vegetarian,7,1403,62,56,02-High-Protein-Weight-Loss/1400-kcal/1400-kcal-Vegetarian-High-Protein-Weight-Loss-Option-07.pdf
High-Protein Weight Loss,1400,Vegetarian,8,1404,67,58,02-High-Protein-Weight-Loss/1400-kcal/1400-kcal-Vegetarian-High-Protein-Weight-Loss-Option-08.pdf
High-Protein Weight Loss,1400,Vegetarian,9,1402,66,58,02-High-Protein-Weight-Loss/1400-kcal/1400-kcal-Vegetarian-High-Protein-Weight-Loss-Option-09.pdf
High-Protein Weight Loss,1400,Vegetarian,10,1399,63,54,02-High-Protein-Weight-Loss/1400-kcal/1400-kcal-Vegetarian-High-Protein-Weight-Loss-Option-10.pdf
High-Protein Weight Loss,1400,Vegetarian,11,1400,66,60,02-High-Protein-Weight-Loss/1400-kcal/1400-kcal-Vegetarian-High-Protein-Weight-Loss-Option-11.pdf
High-Protein Weight Loss,1400,Vegetarian,12,1403,63,56,02-High-Protein-Weight-Loss/1400-kcal/1400-kcal-Vegetarian-High-Protein-Weight-Loss-Option-12.pdf
High-Protein Weight Loss,1400,Vegetarian,13,1411,61,55,02-High-Protein-Weight-Loss/1400-kcal/1400-kcal-Vegetarian-High-Protein-Weight-Loss-Option-13.pdf
High-Protein Weight Loss,1400,Vegetarian,14,1399,59,51,02-High-Protein-Weight-Loss/1400-kcal/1400-kcal-Vegetarian-High-Protein-Weight-Loss-Option-14.pdf
High-Protein Weight Loss,1400,Vegetarian,15,1402,62,55,02-High-Protein-Weight-Loss/1400-kcal/1400-kcal-Vegetarian-High-Protein-Weight-Loss-Option-15.pdf
High-Protein Weight Loss,1400,Vegetarian,16,1394,60,55,02-High-Protein-Weight-Loss/1400-kcal/1400-kcal-Vegetarian-High-Protein-Weight-Loss-Option-16.pdf
High-Protein Weight Loss,1400,Vegetarian,17,1390,58,52,02-High-Protein-Weight-Loss/1400-kcal/1400-kcal-Vegetarian-High-Protein-Weight-Loss-Option-17.pdf
High-Protein Weight Loss,1400,Vegetarian,18,1399,61,54,02-High-Protein-Weight-Loss/1400-kcal/1400-kcal-Vegetarian-High-Protein-Weight-Loss-Option-18.pdf
High-Protein Weight Loss,1400,Vegetarian,19,1388,61,53,02-High-Protein-Weight-Loss/1400-kcal/1400-kcal-Vegetarian-High-Protein-Weight-Loss-Option-19.pdf
High-Protein Weight Loss,1400,Vegetarian,20,1401,62,55,02-High-Protein-Weight-Loss/1400-kcal/1400-kcal-Vegetarian-High-Protein-Weight-Loss-Option-20.pdf
High-Protein Weight Loss,1400,Vegetarian,21,1405,61,53,02-High-Protein-Weight-Loss/1400-kcal/1400-kcal-Vegetarian-High-Protein-Weight-Loss-Option-21.pdf
High-Protein Weight Loss,1400,Vegetarian,22,1410,62,57,02-High-Protein-Weight-Loss/1400-kcal/1400-kcal-Vegetarian-High-Protein-Weight-Loss-Option-22.pdf
High-Protein Weight Loss,1400,Vegetarian,23,1401,64,58,02-High-Protein-Weight-Loss/1400-kcal/1400-kcal-Vegetarian-High-Protein-Weight-Loss-Option-23.pdf
High-Protein Weight Loss,1400,Vegetarian,24,1385,62,59,02-High-Protein-Weight-Loss/1400-kcal/1400-kcal-Vegetarian-High-Protein-Weight-Loss-Option-24.pdf
High-Protein Weight Loss,1400,Vegetarian,25,1401,62,59,02-High-Protein-Weight-Loss/1400-kcal/1400-kcal-Vegetarian-High-Protein-Weight-Loss-Option-25.pdf
High-Protein Weight Loss,1400,Vegetarian,26,1406,63,57,02-High-Protein-Weight-Loss/1400-kcal/1400-kcal-Vegetarian-High-Protein-Weight-Loss-Option-26.pdf
High-Protein Weight Loss,1400,Vegetarian,27,1388,61,52,02-High-Protein-Weight-Loss/1400-kcal/1400-kcal-Vegetarian-High-Protein-Weight-Loss-Option-27.pdf
High-Protein Weight Loss,1400,Vegetarian,28,1399,60,54,02-High-Protein-Weight-Loss/1400-kcal/1400-kcal-Vegetarian-High-Protein-Weight-Loss-Option-28.pdf
High-Protein Weight Loss,1400,Vegetarian,29,1388,61,52,02-High-Protein-Weight-Loss/1400-kcal/1400-kcal-Vegetarian-High-Protein-Weight-Loss-Option-29.pdf
High-Protein Weight Loss,1400,Vegetarian,30,1403,61,56,02-High-Protein-Weight-Loss/1400-kcal/1400-kcal-Vegetarian-High-Protein-Weight-Loss-Option-30.pdf
High-Protein Weight Loss,1400,Vegan,1,1401,60,55,02-High-Protein-Weight-Loss/1400-kcal/1400-kcal-Vegan-High-Protein-Weight-Loss-Option-01.pdf
High-Protein Weight Loss,1400,Vegan,2,1413,62,56,02-High-Protein-Weight-Loss/1400-kcal/1400-kcal-Vegan-High-Protein-Weight-Loss-Option-02.pdf
High-Protein Weight Loss,1400,Vegan,3,1395,61,54,02-High-Protein-Weight-Loss/1400-kcal/1400-kcal-Vegan-High-Protein-Weight-Loss-Option-03.pdf
High-Protein Weight Loss,1400,Vegan,4,1399,60,53,02-High-Protein-Weight-Loss/1400-kcal/1400-kcal-Vegan-High-Protein-Weight-Loss-Option-04.pdf
High-Protein Weight Loss,1400,Vegan,5,1395,60,56,02-High-Protein-Weight-Loss/1400-kcal/1400-kcal-Vegan-High-Protein-Weight-Loss-Option-05.pdf
High-Protein Weight Loss,1400,Vegan,6,1399,62,53,02-High-Protein-Weight-Loss/1400-kcal/1400-kcal-Vegan-High-Protein-Weight-Loss-Option-06.pdf
High-Protein Weight Loss,1400,Vegan,7,1392,60,54,02-High-Protein-Weight-Loss/1400-kcal/1400-kcal-Vegan-High-Protein-Weight-Loss-Option-07.pdf
High-Protein Weight Loss,1400,Vegan,8,1389,60,55,02-High-Protein-Weight-Loss/1400-kcal/1400-kcal-Vegan-High-Protein-Weight-Loss-Option-08.pdf
High-Protein Weight Loss,1400,Vegan,9,1405,63,55,02-High-Protein-Weight-Loss/1400-kcal/1400-kcal-Vegan-High-Protein-Weight-Loss-Option-09.pdf
High-Protein Weight Loss,1400,Vegan,10,1399,59,54,02-High-Protein-Weight-Loss/1400-kcal/1400-kcal-Vegan-High-Protein-Weight-Loss-Option-10.pdf
High-Protein Weight Loss,1400,Vegan,11,1391,59,54,02-High-Protein-Weight-Loss/1400-kcal/1400-kcal-Vegan-High-Protein-Weight-Loss-Option-11.pdf
High-Protein Weight Loss,1400,Vegan,12,1392,61,54,02-High-Protein-Weight-Loss/1400-kcal/1400-kcal-Vegan-High-Protein-Weight-Loss-Option-12.pdf
High-Protein Weight Loss,1400,Vegan,13,1400,60,53,02-High-Protein-Weight-Loss/1400-kcal/1400-kcal-Vegan-High-Protein-Weight-Loss-Option-13.pdf
High-Protein Weight Loss,1400,Vegan,14,1402,64,58,02-High-Protein-Weight-Loss/1400-kcal/1400-kcal-Vegan-High-Protein-Weight-Loss-Option-14.pdf
High-Protein Weight Loss,1400,Vegan,15,1402,58,53,02-High-Protein-Weight-Loss/1400-kcal/1400-kcal-Vegan-High-Protein-Weight-Loss-Option-15.pdf
High-Protein Weight Loss,1400,Vegan,16,1398,62,57,02-High-Protein-Weight-Loss/1400-kcal/1400-kcal-Vegan-High-Protein-Weight-Loss-Option-16.pdf
High-Protein Weight Loss,1400,Vegan,17,1396,60,55,02-High-Protein-Weight-Loss/1400-kcal/1400-kcal-Vegan-High-Protein-Weight-Loss-Option-17.pdf
High-Protein Weight Loss,1400,Vegan,18,1394,63,58,02-High-Protein-Weight-Loss/1400-kcal/1400-kcal-Vegan-High-Protein-Weight-Loss-Option-18.pdf
High-Protein Weight Loss,1400,Vegan,19,1402,60,52,02-High-Protein-Weight-Loss/1400-kcal/1400-kcal-Vegan-High-Protein-Weight-Loss-Option-19.pdf
High-Protein Weight Loss,1400,Vegan,20,1382,58,53,02-High-Protein-Weight-Loss/1400-kcal/1400-kcal-Vegan-High-Protein-Weight-Loss-Option-20.pdf
High-Protein Weight Loss,1400,Vegan,21,1403,62,55,02-High-Protein-Weight-Loss/1400-kcal/1400-kcal-Vegan-High-Protein-Weight-Loss-Option-21.pdf
High-Protein Weight Loss,1400,Vegan,22,1397,59,51,02-High-Protein-Weight-Loss/1400-kcal/1400-kcal-Vegan-High-Protein-Weight-Loss-Option-22.pdf
High-Protein Weight Loss,1400,Vegan,23,1394,60,55,02-High-Protein-Weight-Loss/1400-kcal/1400-kcal-Vegan-High-Protein-Weight-Loss-Option-23.pdf
High-Protein Weight Loss,1400,Vegan,24,1406,62,59,02-High-Protein-Weight-Loss/1400-kcal/1400-kcal-Vegan-High-Protein-Weight-Loss-Option-24.pdf
High-Protein Weight Loss,1400,Vegan,25,1396,61,58,02-High-Protein-Weight-Loss/1400-kcal/1400-kcal-Vegan-High-Protein-Weight-Loss-Option-25.pdf
High-Protein Weight Loss,1400,Vegan,26,1408,60,55,02-High-Protein-Weight-Loss/1400-kcal/1400-kcal-Vegan-High-Protein-Weight-Loss-Option-26.pdf
High-Protein Weight Loss,1400,Vegan,27,1392,59,56,02-High-Protein-Weight-Loss/1400-kcal/1400-kcal-Vegan-High-Protein-Weight-Loss-Option-27.pdf
High-Protein Weight Loss,1400,Vegan,28,1395,61,57,02-High-Protein-Weight-Loss/1400-kcal/1400-kcal-Vegan-High-Protein-Weight-Loss-Option-28.pdf
High-Protein Weight Loss,1400,Vegan,29,1384,59,52,02-High-Protein-Weight-Loss/1400-kcal/1400-kcal-Vegan-High-Protein-Weight-Loss-Option-29.pdf
High-Protein Weight Loss,1400,Vegan,30,1393,62,57,02-High-Protein-Weight-Loss/1400-kcal/1400-kcal-Vegan-High-Protein-Weight-Loss-Option-30.pdf
High-Protein Weight Loss,1400,Eggetarian,1,1394,70,59,02-High-Protein-Weight-Loss/1400-kcal/1400-kcal-Eggetarian-High-Protein-Weight-Loss-Option-01.pdf
High-Protein Weight Loss,1400,Eggetarian,2,1388,72,58,02-High-Protein-Weight-Loss/1400-kcal/1400-kcal-Eggetarian-High-Protein-Weight-Loss-Option-02.pdf
High-Protein Weight Loss,1400,Eggetarian,3,1390,68,57,02-High-Protein-Weight-Loss/1400-kcal/1400-kcal-Eggetarian-High-Protein-Weight-Loss-Option-03.pdf
High-Protein Weight Loss,1400,Eggetarian,4,1396,68,56,02-High-Protein-Weight-Loss/1400-kcal/1400-kcal-Eggetarian-High-Protein-Weight-Loss-Option-04.pdf
High-Protein Weight Loss,1400,Eggetarian,5,1400,67,62,02-High-Protein-Weight-Loss/1400-kcal/1400-kcal-Eggetarian-High-Protein-Weight-Loss-Option-05.pdf
High-Protein Weight Loss,1400,Eggetarian,6,1402,68,61,02-High-Protein-Weight-Loss/1400-kcal/1400-kcal-Eggetarian-High-Protein-Weight-Loss-Option-06.pdf
High-Protein Weight Loss,1400,Eggetarian,7,1394,67,60,02-High-Protein-Weight-Loss/1400-kcal/1400-kcal-Eggetarian-High-Protein-Weight-Loss-Option-07.pdf
High-Protein Weight Loss,1400,Eggetarian,8,1397,67,58,02-High-Protein-Weight-Loss/1400-kcal/1400-kcal-Eggetarian-High-Protein-Weight-Loss-Option-08.pdf
High-Protein Weight Loss,1400,Eggetarian,9,1410,66,59,02-High-Protein-Weight-Loss/1400-kcal/1400-kcal-Eggetarian-High-Protein-Weight-Loss-Option-09.pdf
High-Protein Weight Loss,1400,Eggetarian,10,1401,69,61,02-High-Protein-Weight-Loss/1400-kcal/1400-kcal-Eggetarian-High-Protein-Weight-Loss-Option-10.pdf
High-Protein Weight Loss,1400,Eggetarian,11,1385,69,59,02-High-Protein-Weight-Loss/1400-kcal/1400-kcal-Eggetarian-High-Protein-Weight-Loss-Option-11.pdf
High-Protein Weight Loss,1400,Eggetarian,12,1401,65,59,02-High-Protein-Weight-Loss/1400-kcal/1400-kcal-Eggetarian-High-Protein-Weight-Loss-Option-12.pdf
High-Protein Weight Loss,1400,Eggetarian,13,1396,67,57,02-High-Protein-Weight-Loss/1400-kcal/1400-kcal-Eggetarian-High-Protein-Weight-Loss-Option-13.pdf
High-Protein Weight Loss,1400,Eggetarian,14,1391,65,61,02-High-Protein-Weight-Loss/1400-kcal/1400-kcal-Eggetarian-High-Protein-Weight-Loss-Option-14.pdf
High-Protein Weight Loss,1400,Eggetarian,15,1406,67,59,02-High-Protein-Weight-Loss/1400-kcal/1400-kcal-Eggetarian-High-Protein-Weight-Loss-Option-15.pdf
High-Protein Weight Loss,1400,Eggetarian,16,1399,64,55,02-High-Protein-Weight-Loss/1400-kcal/1400-kcal-Eggetarian-High-Protein-Weight-Loss-Option-16.pdf
High-Protein Weight Loss,1400,Eggetarian,17,1397,65,52,02-High-Protein-Weight-Loss/1400-kcal/1400-kcal-Eggetarian-High-Protein-Weight-Loss-Option-17.pdf
High-Protein Weight Loss,1400,Eggetarian,18,1399,68,52,02-High-Protein-Weight-Loss/1400-kcal/1400-kcal-Eggetarian-High-Protein-Weight-Loss-Option-18.pdf
High-Protein Weight Loss,1400,Eggetarian,19,1402,70,55,02-High-Protein-Weight-Loss/1400-kcal/1400-kcal-Eggetarian-High-Protein-Weight-Loss-Option-19.pdf
High-Protein Weight Loss,1400,Eggetarian,20,1409,69,56,02-High-Protein-Weight-Loss/1400-kcal/1400-kcal-Eggetarian-High-Protein-Weight-Loss-Option-20.pdf
High-Protein Weight Loss,1400,Eggetarian,21,1398,67,56,02-High-Protein-Weight-Loss/1400-kcal/1400-kcal-Eggetarian-High-Protein-Weight-Loss-Option-21.pdf
High-Protein Weight Loss,1400,Eggetarian,22,1397,70,63,02-High-Protein-Weight-Loss/1400-kcal/1400-kcal-Eggetarian-High-Protein-Weight-Loss-Option-22.pdf
High-Protein Weight Loss,1400,Eggetarian,23,1400,69,58,02-High-Protein-Weight-Loss/1400-kcal/1400-kcal-Eggetarian-High-Protein-Weight-Loss-Option-23.pdf
High-Protein Weight Loss,1400,Eggetarian,24,1394,67,56,02-High-Protein-Weight-Loss/1400-kcal/1400-kcal-Eggetarian-High-Protein-Weight-Loss-Option-24.pdf
High-Protein Weight Loss,1400,Eggetarian,25,1402,65,53,02-High-Protein-Weight-Loss/1400-kcal/1400-kcal-Eggetarian-High-Protein-Weight-Loss-Option-25.pdf
High-Protein Weight Loss,1400,Eggetarian,26,1419,69,62,02-High-Protein-Weight-Loss/1400-kcal/1400-kcal-Eggetarian-High-Protein-Weight-Loss-Option-26.pdf
High-Protein Weight Loss,1400,Eggetarian,27,1399,67,51,02-High-Protein-Weight-Loss/1400-kcal/1400-kcal-Eggetarian-High-Protein-Weight-Loss-Option-27.pdf
High-Protein Weight Loss,1400,Eggetarian,28,1400,70,55,02-High-Protein-Weight-Loss/1400-kcal/1400-kcal-Eggetarian-High-Protein-Weight-Loss-Option-28.pdf
High-Protein Weight Loss,1400,Eggetarian,29,1395,67,59,02-High-Protein-Weight-Loss/1400-kcal/1400-kcal-Eggetarian-High-Protein-Weight-Loss-Option-29.pdf
High-Protein Weight Loss,1400,Eggetarian,30,1406,68,62,02-High-Protein-Weight-Loss/1400-kcal/1400-kcal-Eggetarian-High-Protein-Weight-Loss-Option-30.pdf
High-Protein Weight Loss,1400,Non-Vegetarian,1,1409,79,66,02-High-Protein-Weight-Loss/1400-kcal/1400-kcal-Non-Vegetarian-High-Protein-Weight-Loss-Option-01.pdf
High-Protein Weight Loss,1400,Non-Vegetarian,2,1390,78,69,02-High-Protein-Weight-Loss/1400-kcal/1400-kcal-Non-Vegetarian-High-Protein-Weight-Loss-Option-02.pdf
High-Protein Weight Loss,1400,Non-Vegetarian,3,1417,77,68,02-High-Protein-Weight-Loss/1400-kcal/1400-kcal-Non-Vegetarian-High-Protein-Weight-Loss-Option-03.pdf
High-Protein Weight Loss,1400,Non-Vegetarian,4,1403,83,66,02-High-Protein-Weight-Loss/1400-kcal/1400-kcal-Non-Vegetarian-High-Protein-Weight-Loss-Option-04.pdf
High-Protein Weight Loss,1400,Non-Vegetarian,5,1397,78,64,02-High-Protein-Weight-Loss/1400-kcal/1400-kcal-Non-Vegetarian-High-Protein-Weight-Loss-Option-05.pdf
High-Protein Weight Loss,1400,Non-Vegetarian,6,1401,79,65,02-High-Protein-Weight-Loss/1400-kcal/1400-kcal-Non-Vegetarian-High-Protein-Weight-Loss-Option-06.pdf
High-Protein Weight Loss,1400,Non-Vegetarian,7,1403,81,59,02-High-Protein-Weight-Loss/1400-kcal/1400-kcal-Non-Vegetarian-High-Protein-Weight-Loss-Option-07.pdf
High-Protein Weight Loss,1400,Non-Vegetarian,8,1393,74,65,02-High-Protein-Weight-Loss/1400-kcal/1400-kcal-Non-Vegetarian-High-Protein-Weight-Loss-Option-08.pdf
High-Protein Weight Loss,1400,Non-Vegetarian,9,1401,76,62,02-High-Protein-Weight-Loss/1400-kcal/1400-kcal-Non-Vegetarian-High-Protein-Weight-Loss-Option-09.pdf
High-Protein Weight Loss,1400,Non-Vegetarian,10,1406,83,72,02-High-Protein-Weight-Loss/1400-kcal/1400-kcal-Non-Vegetarian-High-Protein-Weight-Loss-Option-10.pdf
High-Protein Weight Loss,1400,Non-Vegetarian,11,1401,77,58,02-High-Protein-Weight-Loss/1400-kcal/1400-kcal-Non-Vegetarian-High-Protein-Weight-Loss-Option-11.pdf
High-Protein Weight Loss,1400,Non-Vegetarian,12,1420,80,69,02-High-Protein-Weight-Loss/1400-kcal/1400-kcal-Non-Vegetarian-High-Protein-Weight-Loss-Option-12.pdf
High-Protein Weight Loss,1400,Non-Vegetarian,13,1388,86,77,02-High-Protein-Weight-Loss/1400-kcal/1400-kcal-Non-Vegetarian-High-Protein-Weight-Loss-Option-13.pdf
High-Protein Weight Loss,1400,Non-Vegetarian,14,1391,75,64,02-High-Protein-Weight-Loss/1400-kcal/1400-kcal-Non-Vegetarian-High-Protein-Weight-Loss-Option-14.pdf
High-Protein Weight Loss,1400,Non-Vegetarian,15,1404,81,74,02-High-Protein-Weight-Loss/1400-kcal/1400-kcal-Non-Vegetarian-High-Protein-Weight-Loss-Option-15.pdf
High-Protein Weight Loss,1400,Non-Vegetarian,16,1397,80,60,02-High-Protein-Weight-Loss/1400-kcal/1400-kcal-Non-Vegetarian-High-Protein-Weight-Loss-Option-16.pdf
High-Protein Weight Loss,1400,Non-Vegetarian,17,1399,76,68,02-High-Protein-Weight-Loss/1400-kcal/1400-kcal-Non-Vegetarian-High-Protein-Weight-Loss-Option-17.pdf
High-Protein Weight Loss,1400,Non-Vegetarian,18,1406,78,61,02-High-Protein-Weight-Loss/1400-kcal/1400-kcal-Non-Vegetarian-High-Protein-Weight-Loss-Option-18.pdf
High-Protein Weight Loss,1400,Non-Vegetarian,19,1405,77,60,02-High-Protein-Weight-Loss/1400-kcal/1400-kcal-Non-Vegetarian-High-Protein-Weight-Loss-Option-19.pdf
High-Protein Weight Loss,1400,Non-Vegetarian,20,1405,77,68,02-High-Protein-Weight-Loss/1400-kcal/1400-kcal-Non-Vegetarian-High-Protein-Weight-Loss-Option-20.pdf
High-Protein Weight Loss,1400,Non-Vegetarian,21,1393,78,65,02-High-Protein-Weight-Loss/1400-kcal/1400-kcal-Non-Vegetarian-High-Protein-Weight-Loss-Option-21.pdf
High-Protein Weight Loss,1400,Non-Vegetarian,22,1394,80,60,02-High-Protein-Weight-Loss/1400-kcal/1400-kcal-Non-Vegetarian-High-Protein-Weight-Loss-Option-22.pdf
High-Protein Weight Loss,1400,Non-Vegetarian,23,1401,77,71,02-High-Protein-Weight-Loss/1400-kcal/1400-kcal-Non-Vegetarian-High-Protein-Weight-Loss-Option-23.pdf
High-Protein Weight Loss,1400,Non-Vegetarian,24,1409,76,65,02-High-Protein-Weight-Loss/1400-kcal/1400-kcal-Non-Vegetarian-High-Protein-Weight-Loss-Option-24.pdf
High-Protein Weight Loss,1400,Non-Vegetarian,25,1397,78,63,02-High-Protein-Weight-Loss/1400-kcal/1400-kcal-Non-Vegetarian-High-Protein-Weight-Loss-Option-25.pdf
High-Protein Weight Loss,1400,Non-Vegetarian,26,1402,77,57,02-High-Protein-Weight-Loss/1400-kcal/1400-kcal-Non-Vegetarian-High-Protein-Weight-Loss-Option-26.pdf
High-Protein Weight Loss,1400,Non-Vegetarian,27,1406,83,72,02-High-Protein-Weight-Loss/1400-kcal/1400-kcal-Non-Vegetarian-High-Protein-Weight-Loss-Option-27.pdf
High-Protein Weight Loss,1400,Non-Vegetarian,28,1396,78,68,02-High-Protein-Weight-Loss/1400-kcal/1400-kcal-Non-Vegetarian-High-Protein-Weight-Loss-Option-28.pdf
High-Protein Weight Loss,1400,Non-Vegetarian,29,1406,79,66,02-High-Protein-Weight-Loss/1400-kcal/1400-kcal-Non-Vegetarian-High-Protein-Weight-Loss-Option-29.pdf
High-Protein Weight Loss,1400,Non-Vegetarian,30,1405,77,63,02-High-Protein-Weight-Loss/1400-kcal/1400-kcal-Non-Vegetarian-High-Protein-Weight-Loss-Option-30.pdf
High-Protein Weight Loss,1500,Vegetarian,1,1524,67,64,02-High-Protein-Weight-Loss/1500-kcal/1500-kcal-Vegetarian-High-Protein-Weight-Loss-Option-01.pdf
High-Protein Weight Loss,1500,Vegetarian,2,1500,66,60,02-High-Protein-Weight-Loss/1500-kcal/1500-kcal-Vegetarian-High-Protein-Weight-Loss-Option-02.pdf
High-Protein Weight Loss,1500,Vegetarian,3,1492,67,59,02-High-Protein-Weight-Loss/1500-kcal/1500-kcal-Vegetarian-High-Protein-Weight-Loss-Option-03.pdf
High-Protein Weight Loss,1500,Vegetarian,4,1502,67,58,02-High-Protein-Weight-Loss/1500-kcal/1500-kcal-Vegetarian-High-Protein-Weight-Loss-Option-04.pdf
High-Protein Weight Loss,1500,Vegetarian,5,1494,67,54,02-High-Protein-Weight-Loss/1500-kcal/1500-kcal-Vegetarian-High-Protein-Weight-Loss-Option-05.pdf
High-Protein Weight Loss,1500,Vegetarian,6,1507,62,55,02-High-Protein-Weight-Loss/1500-kcal/1500-kcal-Vegetarian-High-Protein-Weight-Loss-Option-06.pdf
High-Protein Weight Loss,1500,Vegetarian,7,1492,65,59,02-High-Protein-Weight-Loss/1500-kcal/1500-kcal-Vegetarian-High-Protein-Weight-Loss-Option-07.pdf
High-Protein Weight Loss,1500,Vegetarian,8,1504,66,60,02-High-Protein-Weight-Loss/1500-kcal/1500-kcal-Vegetarian-High-Protein-Weight-Loss-Option-08.pdf
High-Protein Weight Loss,1500,Vegetarian,9,1500,67,61,02-High-Protein-Weight-Loss/1500-kcal/1500-kcal-Vegetarian-High-Protein-Weight-Loss-Option-09.pdf
High-Protein Weight Loss,1500,Vegetarian,10,1513,68,61,02-High-Protein-Weight-Loss/1500-kcal/1500-kcal-Vegetarian-High-Protein-Weight-Loss-Option-10.pdf
High-Protein Weight Loss,1500,Vegetarian,11,1501,66,57,02-High-Protein-Weight-Loss/1500-kcal/1500-kcal-Vegetarian-High-Protein-Weight-Loss-Option-11.pdf
High-Protein Weight Loss,1500,Vegetarian,12,1503,64,57,02-High-Protein-Weight-Loss/1500-kcal/1500-kcal-Vegetarian-High-Protein-Weight-Loss-Option-12.pdf
High-Protein Weight Loss,1500,Vegetarian,13,1494,67,61,02-High-Protein-Weight-Loss/1500-kcal/1500-kcal-Vegetarian-High-Protein-Weight-Loss-Option-13.pdf
High-Protein Weight Loss,1500,Vegetarian,14,1506,66,61,02-High-Protein-Weight-Loss/1500-kcal/1500-kcal-Vegetarian-High-Protein-Weight-Loss-Option-14.pdf
High-Protein Weight Loss,1500,Vegetarian,15,1504,67,61,02-High-Protein-Weight-Loss/1500-kcal/1500-kcal-Vegetarian-High-Protein-Weight-Loss-Option-15.pdf
High-Protein Weight Loss,1500,Vegetarian,16,1497,65,55,02-High-Protein-Weight-Loss/1500-kcal/1500-kcal-Vegetarian-High-Protein-Weight-Loss-Option-16.pdf
High-Protein Weight Loss,1500,Vegetarian,17,1504,68,61,02-High-Protein-Weight-Loss/1500-kcal/1500-kcal-Vegetarian-High-Protein-Weight-Loss-Option-17.pdf
High-Protein Weight Loss,1500,Vegetarian,18,1500,66,57,02-High-Protein-Weight-Loss/1500-kcal/1500-kcal-Vegetarian-High-Protein-Weight-Loss-Option-18.pdf
High-Protein Weight Loss,1500,Vegetarian,19,1493,64,57,02-High-Protein-Weight-Loss/1500-kcal/1500-kcal-Vegetarian-High-Protein-Weight-Loss-Option-19.pdf
High-Protein Weight Loss,1500,Vegetarian,20,1490,61,55,02-High-Protein-Weight-Loss/1500-kcal/1500-kcal-Vegetarian-High-Protein-Weight-Loss-Option-20.pdf
High-Protein Weight Loss,1500,Vegetarian,21,1509,66,57,02-High-Protein-Weight-Loss/1500-kcal/1500-kcal-Vegetarian-High-Protein-Weight-Loss-Option-21.pdf
High-Protein Weight Loss,1500,Vegetarian,22,1509,64,62,02-High-Protein-Weight-Loss/1500-kcal/1500-kcal-Vegetarian-High-Protein-Weight-Loss-Option-22.pdf
High-Protein Weight Loss,1500,Vegetarian,23,1501,68,60,02-High-Protein-Weight-Loss/1500-kcal/1500-kcal-Vegetarian-High-Protein-Weight-Loss-Option-23.pdf
High-Protein Weight Loss,1500,Vegetarian,24,1506,62,60,02-High-Protein-Weight-Loss/1500-kcal/1500-kcal-Vegetarian-High-Protein-Weight-Loss-Option-24.pdf
High-Protein Weight Loss,1500,Vegetarian,25,1499,68,62,02-High-Protein-Weight-Loss/1500-kcal/1500-kcal-Vegetarian-High-Protein-Weight-Loss-Option-25.pdf
High-Protein Weight Loss,1500,Vegetarian,26,1512,65,59,02-High-Protein-Weight-Loss/1500-kcal/1500-kcal-Vegetarian-High-Protein-Weight-Loss-Option-26.pdf
High-Protein Weight Loss,1500,Vegetarian,27,1504,61,57,02-High-Protein-Weight-Loss/1500-kcal/1500-kcal-Vegetarian-High-Protein-Weight-Loss-Option-27.pdf
High-Protein Weight Loss,1500,Vegetarian,28,1511,68,59,02-High-Protein-Weight-Loss/1500-kcal/1500-kcal-Vegetarian-High-Protein-Weight-Loss-Option-28.pdf
High-Protein Weight Loss,1500,Vegetarian,29,1500,65,59,02-High-Protein-Weight-Loss/1500-kcal/1500-kcal-Vegetarian-High-Protein-Weight-Loss-Option-29.pdf
High-Protein Weight Loss,1500,Vegetarian,30,1486,66,61,02-High-Protein-Weight-Loss/1500-kcal/1500-kcal-Vegetarian-High-Protein-Weight-Loss-Option-30.pdf
High-Protein Weight Loss,1500,Vegan,1,1485,64,57,02-High-Protein-Weight-Loss/1500-kcal/1500-kcal-Vegan-High-Protein-Weight-Loss-Option-01.pdf
High-Protein Weight Loss,1500,Vegan,2,1495,64,56,02-High-Protein-Weight-Loss/1500-kcal/1500-kcal-Vegan-High-Protein-Weight-Loss-Option-02.pdf
High-Protein Weight Loss,1500,Vegan,3,1482,66,61,02-High-Protein-Weight-Loss/1500-kcal/1500-kcal-Vegan-High-Protein-Weight-Loss-Option-03.pdf
High-Protein Weight Loss,1500,Vegan,4,1491,62,60,02-High-Protein-Weight-Loss/1500-kcal/1500-kcal-Vegan-High-Protein-Weight-Loss-Option-04.pdf
High-Protein Weight Loss,1500,Vegan,5,1500,63,59,02-High-Protein-Weight-Loss/1500-kcal/1500-kcal-Vegan-High-Protein-Weight-Loss-Option-05.pdf
High-Protein Weight Loss,1500,Vegan,6,1493,64,62,02-High-Protein-Weight-Loss/1500-kcal/1500-kcal-Vegan-High-Protein-Weight-Loss-Option-06.pdf
High-Protein Weight Loss,1500,Vegan,7,1500,64,60,02-High-Protein-Weight-Loss/1500-kcal/1500-kcal-Vegan-High-Protein-Weight-Loss-Option-07.pdf
High-Protein Weight Loss,1500,Vegan,8,1491,63,56,02-High-Protein-Weight-Loss/1500-kcal/1500-kcal-Vegan-High-Protein-Weight-Loss-Option-08.pdf
High-Protein Weight Loss,1500,Vegan,9,1495,65,60,02-High-Protein-Weight-Loss/1500-kcal/1500-kcal-Vegan-High-Protein-Weight-Loss-Option-09.pdf
High-Protein Weight Loss,1500,Vegan,10,1491,66,59,02-High-Protein-Weight-Loss/1500-kcal/1500-kcal-Vegan-High-Protein-Weight-Loss-Option-10.pdf
High-Protein Weight Loss,1500,Vegan,11,1494,64,57,02-High-Protein-Weight-Loss/1500-kcal/1500-kcal-Vegan-High-Protein-Weight-Loss-Option-11.pdf
High-Protein Weight Loss,1500,Vegan,12,1487,66,60,02-High-Protein-Weight-Loss/1500-kcal/1500-kcal-Vegan-High-Protein-Weight-Loss-Option-12.pdf
High-Protein Weight Loss,1500,Vegan,13,1496,67,58,02-High-Protein-Weight-Loss/1500-kcal/1500-kcal-Vegan-High-Protein-Weight-Loss-Option-13.pdf
High-Protein Weight Loss,1500,Vegan,14,1503,66,58,02-High-Protein-Weight-Loss/1500-kcal/1500-kcal-Vegan-High-Protein-Weight-Loss-Option-14.pdf
High-Protein Weight Loss,1500,Vegan,15,1495,64,59,02-High-Protein-Weight-Loss/1500-kcal/1500-kcal-Vegan-High-Protein-Weight-Loss-Option-15.pdf
High-Protein Weight Loss,1500,Vegan,16,1494,64,60,02-High-Protein-Weight-Loss/1500-kcal/1500-kcal-Vegan-High-Protein-Weight-Loss-Option-16.pdf
High-Protein Weight Loss,1500,Vegan,17,1480,64,59,02-High-Protein-Weight-Loss/1500-kcal/1500-kcal-Vegan-High-Protein-Weight-Loss-Option-17.pdf
High-Protein Weight Loss,1500,Vegan,18,1490,61,55,02-High-Protein-Weight-Loss/1500-kcal/1500-kcal-Vegan-High-Protein-Weight-Loss-Option-18.pdf
High-Protein Weight Loss,1500,Vegan,19,1499,66,59,02-High-Protein-Weight-Loss/1500-kcal/1500-kcal-Vegan-High-Protein-Weight-Loss-Option-19.pdf
High-Protein Weight Loss,1500,Vegan,20,1499,66,59,02-High-Protein-Weight-Loss/1500-kcal/1500-kcal-Vegan-High-Protein-Weight-Loss-Option-20.pdf
High-Protein Weight Loss,1500,Vegan,21,1485,66,63,02-High-Protein-Weight-Loss/1500-kcal/1500-kcal-Vegan-High-Protein-Weight-Loss-Option-21.pdf
High-Protein Weight Loss,1500,Vegan,22,1494,61,55,02-High-Protein-Weight-Loss/1500-kcal/1500-kcal-Vegan-High-Protein-Weight-Loss-Option-22.pdf
High-Protein Weight Loss,1500,Vegan,23,1483,63,56,02-High-Protein-Weight-Loss/1500-kcal/1500-kcal-Vegan-High-Protein-Weight-Loss-Option-23.pdf
High-Protein Weight Loss,1500,Vegan,24,1498,67,64,02-High-Protein-Weight-Loss/1500-kcal/1500-kcal-Vegan-High-Protein-Weight-Loss-Option-24.pdf
High-Protein Weight Loss,1500,Vegan,25,1499,64,58,02-High-Protein-Weight-Loss/1500-kcal/1500-kcal-Vegan-High-Protein-Weight-Loss-Option-25.pdf
High-Protein Weight Loss,1500,Vegan,26,1491,61,58,02-High-Protein-Weight-Loss/1500-kcal/1500-kcal-Vegan-High-Protein-Weight-Loss-Option-26.pdf
High-Protein Weight Loss,1500,Vegan,27,1488,64,59,02-High-Protein-Weight-Loss/1500-kcal/1500-kcal-Vegan-High-Protein-Weight-Loss-Option-27.pdf
High-Protein Weight Loss,1500,Vegan,28,1489,66,57,02-High-Protein-Weight-Loss/1500-kcal/1500-kcal-Vegan-High-Protein-Weight-Loss-Option-28.pdf
High-Protein Weight Loss,1500,Vegan,29,1498,65,60,02-High-Protein-Weight-Loss/1500-kcal/1500-kcal-Vegan-High-Protein-Weight-Loss-Option-29.pdf
High-Protein Weight Loss,1500,Vegan,30,1487,66,61,02-High-Protein-Weight-Loss/1500-kcal/1500-kcal-Vegan-High-Protein-Weight-Loss-Option-30.pdf
High-Protein Weight Loss,1500,Eggetarian,1,1493,69,61,02-High-Protein-Weight-Loss/1500-kcal/1500-kcal-Eggetarian-High-Protein-Weight-Loss-Option-01.pdf
High-Protein Weight Loss,1500,Eggetarian,2,1505,75,60,02-High-Protein-Weight-Loss/1500-kcal/1500-kcal-Eggetarian-High-Protein-Weight-Loss-Option-02.pdf
High-Protein Weight Loss,1500,Eggetarian,3,1491,73,64,02-High-Protein-Weight-Loss/1500-kcal/1500-kcal-Eggetarian-High-Protein-Weight-Loss-Option-03.pdf
High-Protein Weight Loss,1500,Eggetarian,4,1502,74,64,02-High-Protein-Weight-Loss/1500-kcal/1500-kcal-Eggetarian-High-Protein-Weight-Loss-Option-04.pdf
High-Protein Weight Loss,1500,Eggetarian,5,1494,75,65,02-High-Protein-Weight-Loss/1500-kcal/1500-kcal-Eggetarian-High-Protein-Weight-Loss-Option-05.pdf
High-Protein Weight Loss,1500,Eggetarian,6,1505,71,64,02-High-Protein-Weight-Loss/1500-kcal/1500-kcal-Eggetarian-High-Protein-Weight-Loss-Option-06.pdf
High-Protein Weight Loss,1500,Eggetarian,7,1498,73,62,02-High-Protein-Weight-Loss/1500-kcal/1500-kcal-Eggetarian-High-Protein-Weight-Loss-Option-07.pdf
High-Protein Weight Loss,1500,Eggetarian,8,1507,72,64,02-High-Protein-Weight-Loss/1500-kcal/1500-kcal-Eggetarian-High-Protein-Weight-Loss-Option-08.pdf
High-Protein Weight Loss,1500,Eggetarian,9,1497,68,59,02-High-Protein-Weight-Loss/1500-kcal/1500-kcal-Eggetarian-High-Protein-Weight-Loss-Option-09.pdf
High-Protein Weight Loss,1500,Eggetarian,10,1490,71,61,02-High-Protein-Weight-Loss/1500-kcal/1500-kcal-Eggetarian-High-Protein-Weight-Loss-Option-10.pdf
High-Protein Weight Loss,1500,Eggetarian,11,1503,72,59,02-High-Protein-Weight-Loss/1500-kcal/1500-kcal-Eggetarian-High-Protein-Weight-Loss-Option-11.pdf
High-Protein Weight Loss,1500,Eggetarian,12,1497,74,62,02-High-Protein-Weight-Loss/1500-kcal/1500-kcal-Eggetarian-High-Protein-Weight-Loss-Option-12.pdf
High-Protein Weight Loss,1500,Eggetarian,13,1502,73,64,02-High-Protein-Weight-Loss/1500-kcal/1500-kcal-Eggetarian-High-Protein-Weight-Loss-Option-13.pdf
High-Protein Weight Loss,1500,Eggetarian,14,1498,71,61,02-High-Protein-Weight-Loss/1500-kcal/1500-kcal-Eggetarian-High-Protein-Weight-Loss-Option-14.pdf
High-Protein Weight Loss,1500,Eggetarian,15,1508,75,56,02-High-Protein-Weight-Loss/1500-kcal/1500-kcal-Eggetarian-High-Protein-Weight-Loss-Option-15.pdf
High-Protein Weight Loss,1500,Eggetarian,16,1507,71,63,02-High-Protein-Weight-Loss/1500-kcal/1500-kcal-Eggetarian-High-Protein-Weight-Loss-Option-16.pdf
High-Protein Weight Loss,1500,Eggetarian,17,1500,71,60,02-High-Protein-Weight-Loss/1500-kcal/1500-kcal-Eggetarian-High-Protein-Weight-Loss-Option-17.pdf
High-Protein Weight Loss,1500,Eggetarian,18,1503,75,60,02-High-Protein-Weight-Loss/1500-kcal/1500-kcal-Eggetarian-High-Protein-Weight-Loss-Option-18.pdf
High-Protein Weight Loss,1500,Eggetarian,19,1508,69,58,02-High-Protein-Weight-Loss/1500-kcal/1500-kcal-Eggetarian-High-Protein-Weight-Loss-Option-19.pdf
High-Protein Weight Loss,1500,Eggetarian,20,1507,71,62,02-High-Protein-Weight-Loss/1500-kcal/1500-kcal-Eggetarian-High-Protein-Weight-Loss-Option-20.pdf
High-Protein Weight Loss,1500,Eggetarian,21,1505,70,60,02-High-Protein-Weight-Loss/1500-kcal/1500-kcal-Eggetarian-High-Protein-Weight-Loss-Option-21.pdf
High-Protein Weight Loss,1500,Eggetarian,22,1491,73,58,02-High-Protein-Weight-Loss/1500-kcal/1500-kcal-Eggetarian-High-Protein-Weight-Loss-Option-22.pdf
High-Protein Weight Loss,1500,Eggetarian,23,1502,71,60,02-High-Protein-Weight-Loss/1500-kcal/1500-kcal-Eggetarian-High-Protein-Weight-Loss-Option-23.pdf
High-Protein Weight Loss,1500,Eggetarian,24,1504,71,56,02-High-Protein-Weight-Loss/1500-kcal/1500-kcal-Eggetarian-High-Protein-Weight-Loss-Option-24.pdf
High-Protein Weight Loss,1500,Eggetarian,25,1499,70,57,02-High-Protein-Weight-Loss/1500-kcal/1500-kcal-Eggetarian-High-Protein-Weight-Loss-Option-25.pdf
High-Protein Weight Loss,1500,Eggetarian,26,1494,71,60,02-High-Protein-Weight-Loss/1500-kcal/1500-kcal-Eggetarian-High-Protein-Weight-Loss-Option-26.pdf
High-Protein Weight Loss,1500,Eggetarian,27,1497,76,65,02-High-Protein-Weight-Loss/1500-kcal/1500-kcal-Eggetarian-High-Protein-Weight-Loss-Option-27.pdf
High-Protein Weight Loss,1500,Eggetarian,28,1486,71,60,02-High-Protein-Weight-Loss/1500-kcal/1500-kcal-Eggetarian-High-Protein-Weight-Loss-Option-28.pdf
High-Protein Weight Loss,1500,Eggetarian,29,1502,71,56,02-High-Protein-Weight-Loss/1500-kcal/1500-kcal-Eggetarian-High-Protein-Weight-Loss-Option-29.pdf
High-Protein Weight Loss,1500,Eggetarian,30,1506,69,61,02-High-Protein-Weight-Loss/1500-kcal/1500-kcal-Eggetarian-High-Protein-Weight-Loss-Option-30.pdf
High-Protein Weight Loss,1500,Non-Vegetarian,1,1504,78,67,02-High-Protein-Weight-Loss/1500-kcal/1500-kcal-Non-Vegetarian-High-Protein-Weight-Loss-Option-01.pdf
High-Protein Weight Loss,1500,Non-Vegetarian,2,1504,88,72,02-High-Protein-Weight-Loss/1500-kcal/1500-kcal-Non-Vegetarian-High-Protein-Weight-Loss-Option-02.pdf
High-Protein Weight Loss,1500,Non-Vegetarian,3,1498,86,78,02-High-Protein-Weight-Loss/1500-kcal/1500-kcal-Non-Vegetarian-High-Protein-Weight-Loss-Option-03.pdf
High-Protein Weight Loss,1500,Non-Vegetarian,4,1503,83,71,02-High-Protein-Weight-Loss/1500-kcal/1500-kcal-Non-Vegetarian-High-Protein-Weight-Loss-Option-04.pdf
High-Protein Weight Loss,1500,Non-Vegetarian,5,1502,90,86,02-High-Protein-Weight-Loss/1500-kcal/1500-kcal-Non-Vegetarian-High-Protein-Weight-Loss-Option-05.pdf
High-Protein Weight Loss,1500,Non-Vegetarian,6,1503,82,67,02-High-Protein-Weight-Loss/1500-kcal/1500-kcal-Non-Vegetarian-High-Protein-Weight-Loss-Option-06.pdf
High-Protein Weight Loss,1500,Non-Vegetarian,7,1485,83,70,02-High-Protein-Weight-Loss/1500-kcal/1500-kcal-Non-Vegetarian-High-Protein-Weight-Loss-Option-07.pdf
High-Protein Weight Loss,1500,Non-Vegetarian,8,1492,91,66,02-High-Protein-Weight-Loss/1500-kcal/1500-kcal-Non-Vegetarian-High-Protein-Weight-Loss-Option-08.pdf
High-Protein Weight Loss,1500,Non-Vegetarian,9,1493,82,76,02-High-Protein-Weight-Loss/1500-kcal/1500-kcal-Non-Vegetarian-High-Protein-Weight-Loss-Option-09.pdf
High-Protein Weight Loss,1500,Non-Vegetarian,10,1500,74,64,02-High-Protein-Weight-Loss/1500-kcal/1500-kcal-Non-Vegetarian-High-Protein-Weight-Loss-Option-10.pdf
High-Protein Weight Loss,1500,Non-Vegetarian,11,1505,83,64,02-High-Protein-Weight-Loss/1500-kcal/1500-kcal-Non-Vegetarian-High-Protein-Weight-Loss-Option-11.pdf
High-Protein Weight Loss,1500,Non-Vegetarian,12,1499,86,68,02-High-Protein-Weight-Loss/1500-kcal/1500-kcal-Non-Vegetarian-High-Protein-Weight-Loss-Option-12.pdf
High-Protein Weight Loss,1500,Non-Vegetarian,13,1493,88,75,02-High-Protein-Weight-Loss/1500-kcal/1500-kcal-Non-Vegetarian-High-Protein-Weight-Loss-Option-13.pdf
High-Protein Weight Loss,1500,Non-Vegetarian,14,1497,83,70,02-High-Protein-Weight-Loss/1500-kcal/1500-kcal-Non-Vegetarian-High-Protein-Weight-Loss-Option-14.pdf
High-Protein Weight Loss,1500,Non-Vegetarian,15,1503,85,66,02-High-Protein-Weight-Loss/1500-kcal/1500-kcal-Non-Vegetarian-High-Protein-Weight-Loss-Option-15.pdf
High-Protein Weight Loss,1500,Non-Vegetarian,16,1479,80,70,02-High-Protein-Weight-Loss/1500-kcal/1500-kcal-Non-Vegetarian-High-Protein-Weight-Loss-Option-16.pdf
High-Protein Weight Loss,1500,Non-Vegetarian,17,1500,82,67,02-High-Protein-Weight-Loss/1500-kcal/1500-kcal-Non-Vegetarian-High-Protein-Weight-Loss-Option-17.pdf
High-Protein Weight Loss,1500,Non-Vegetarian,18,1494,87,76,02-High-Protein-Weight-Loss/1500-kcal/1500-kcal-Non-Vegetarian-High-Protein-Weight-Loss-Option-18.pdf
High-Protein Weight Loss,1500,Non-Vegetarian,19,1514,83,69,02-High-Protein-Weight-Loss/1500-kcal/1500-kcal-Non-Vegetarian-High-Protein-Weight-Loss-Option-19.pdf
High-Protein Weight Loss,1500,Non-Vegetarian,20,1504,84,67,02-High-Protein-Weight-Loss/1500-kcal/1500-kcal-Non-Vegetarian-High-Protein-Weight-Loss-Option-20.pdf
High-Protein Weight Loss,1500,Non-Vegetarian,21,1495,86,66,02-High-Protein-Weight-Loss/1500-kcal/1500-kcal-Non-Vegetarian-High-Protein-Weight-Loss-Option-21.pdf
High-Protein Weight Loss,1500,Non-Vegetarian,22,1493,85,70,02-High-Protein-Weight-Loss/1500-kcal/1500-kcal-Non-Vegetarian-High-Protein-Weight-Loss-Option-22.pdf
High-Protein Weight Loss,1500,Non-Vegetarian,23,1494,87,71,02-High-Protein-Weight-Loss/1500-kcal/1500-kcal-Non-Vegetarian-High-Protein-Weight-Loss-Option-23.pdf
High-Protein Weight Loss,1500,Non-Vegetarian,24,1506,84,70,02-High-Protein-Weight-Loss/1500-kcal/1500-kcal-Non-Vegetarian-High-Protein-Weight-Loss-Option-24.pdf
High-Protein Weight Loss,1500,Non-Vegetarian,25,1490,87,70,02-High-Protein-Weight-Loss/1500-kcal/1500-kcal-Non-Vegetarian-High-Protein-Weight-Loss-Option-25.pdf
High-Protein Weight Loss,1500,Non-Vegetarian,26,1509,88,78,02-High-Protein-Weight-Loss/1500-kcal/1500-kcal-Non-Vegetarian-High-Protein-Weight-Loss-Option-26.pdf
High-Protein Weight Loss,1500,Non-Vegetarian,27,1504,90,79,02-High-Protein-Weight-Loss/1500-kcal/1500-kcal-Non-Vegetarian-High-Protein-Weight-Loss-Option-27.pdf
High-Protein Weight Loss,1500,Non-Vegetarian,28,1487,84,71,02-High-Protein-Weight-Loss/1500-kcal/1500-kcal-Non-Vegetarian-High-Protein-Weight-Loss-Option-28.pdf
High-Protein Weight Loss,1500,Non-Vegetarian,29,1476,83,71,02-High-Protein-Weight-Loss/1500-kcal/1500-kcal-Non-Vegetarian-High-Protein-Weight-Loss-Option-29.pdf
High-Protein Weight Loss,1500,Non-Vegetarian,30,1504,83,66,02-High-Protein-Weight-Loss/1500-kcal/1500-kcal-Non-Vegetarian-High-Protein-Weight-Loss-Option-30.pdf
High-Protein Weight Loss,1600,Vegetarian,1,1601,70,66,02-High-Protein-Weight-Loss/1600-kcal/1600-kcal-Vegetarian-High-Protein-Weight-Loss-Option-01.pdf
High-Protein Weight Loss,1600,Vegetarian,2,1590,70,63,02-High-Protein-Weight-Loss/1600-kcal/1600-kcal-Vegetarian-High-Protein-Weight-Loss-Option-02.pdf
High-Protein Weight Loss,1600,Vegetarian,3,1584,70,65,02-High-Protein-Weight-Loss/1600-kcal/1600-kcal-Vegetarian-High-Protein-Weight-Loss-Option-03.pdf
High-Protein Weight Loss,1600,Vegetarian,4,1596,71,65,02-High-Protein-Weight-Loss/1600-kcal/1600-kcal-Vegetarian-High-Protein-Weight-Loss-Option-04.pdf
High-Protein Weight Loss,1600,Vegetarian,5,1609,73,63,02-High-Protein-Weight-Loss/1600-kcal/1600-kcal-Vegetarian-High-Protein-Weight-Loss-Option-05.pdf
High-Protein Weight Loss,1600,Vegetarian,6,1603,70,65,02-High-Protein-Weight-Loss/1600-kcal/1600-kcal-Vegetarian-High-Protein-Weight-Loss-Option-06.pdf
High-Protein Weight Loss,1600,Vegetarian,7,1593,72,66,02-High-Protein-Weight-Loss/1600-kcal/1600-kcal-Vegetarian-High-Protein-Weight-Loss-Option-07.pdf
High-Protein Weight Loss,1600,Vegetarian,8,1598,71,65,02-High-Protein-Weight-Loss/1600-kcal/1600-kcal-Vegetarian-High-Protein-Weight-Loss-Option-08.pdf
High-Protein Weight Loss,1600,Vegetarian,9,1600,70,65,02-High-Protein-Weight-Loss/1600-kcal/1600-kcal-Vegetarian-High-Protein-Weight-Loss-Option-09.pdf
High-Protein Weight Loss,1600,Vegetarian,10,1608,71,64,02-High-Protein-Weight-Loss/1600-kcal/1600-kcal-Vegetarian-High-Protein-Weight-Loss-Option-10.pdf
High-Protein Weight Loss,1600,Vegetarian,11,1600,71,67,02-High-Protein-Weight-Loss/1600-kcal/1600-kcal-Vegetarian-High-Protein-Weight-Loss-Option-11.pdf
High-Protein Weight Loss,1600,Vegetarian,12,1593,73,66,02-High-Protein-Weight-Loss/1600-kcal/1600-kcal-Vegetarian-High-Protein-Weight-Loss-Option-12.pdf
High-Protein Weight Loss,1600,Vegetarian,13,1601,71,63,02-High-Protein-Weight-Loss/1600-kcal/1600-kcal-Vegetarian-High-Protein-Weight-Loss-Option-13.pdf
High-Protein Weight Loss,1600,Vegetarian,14,1595,70,59,02-High-Protein-Weight-Loss/1600-kcal/1600-kcal-Vegetarian-High-Protein-Weight-Loss-Option-14.pdf
High-Protein Weight Loss,1600,Vegetarian,15,1603,71,62,02-High-Protein-Weight-Loss/1600-kcal/1600-kcal-Vegetarian-High-Protein-Weight-Loss-Option-15.pdf
High-Protein Weight Loss,1600,Vegetarian,16,1592,66,60,02-High-Protein-Weight-Loss/1600-kcal/1600-kcal-Vegetarian-High-Protein-Weight-Loss-Option-16.pdf
High-Protein Weight Loss,1600,Vegetarian,17,1586,69,64,02-High-Protein-Weight-Loss/1600-kcal/1600-kcal-Vegetarian-High-Protein-Weight-Loss-Option-17.pdf
High-Protein Weight Loss,1600,Vegetarian,18,1594,67,63,02-High-Protein-Weight-Loss/1600-kcal/1600-kcal-Vegetarian-High-Protein-Weight-Loss-Option-18.pdf
High-Protein Weight Loss,1600,Vegetarian,19,1586,69,55,02-High-Protein-Weight-Loss/1600-kcal/1600-kcal-Vegetarian-High-Protein-Weight-Loss-Option-19.pdf
High-Protein Weight Loss,1600,Vegetarian,20,1617,69,64,02-High-Protein-Weight-Loss/1600-kcal/1600-kcal-Vegetarian-High-Protein-Weight-Loss-Option-20.pdf
High-Protein Weight Loss,1600,Vegetarian,21,1597,75,69,02-High-Protein-Weight-Loss/1600-kcal/1600-kcal-Vegetarian-High-Protein-Weight-Loss-Option-21.pdf
High-Protein Weight Loss,1600,Vegetarian,22,1611,70,62,02-High-Protein-Weight-Loss/1600-kcal/1600-kcal-Vegetarian-High-Protein-Weight-Loss-Option-22.pdf
High-Protein Weight Loss,1600,Vegetarian,23,1600,69,63,02-High-Protein-Weight-Loss/1600-kcal/1600-kcal-Vegetarian-High-Protein-Weight-Loss-Option-23.pdf
High-Protein Weight Loss,1600,Vegetarian,24,1609,71,63,02-High-Protein-Weight-Loss/1600-kcal/1600-kcal-Vegetarian-High-Protein-Weight-Loss-Option-24.pdf
High-Protein Weight Loss,1600,Vegetarian,25,1598,70,64,02-High-Protein-Weight-Loss/1600-kcal/1600-kcal-Vegetarian-High-Protein-Weight-Loss-Option-25.pdf
High-Protein Weight Loss,1600,Vegetarian,26,1605,71,64,02-High-Protein-Weight-Loss/1600-kcal/1600-kcal-Vegetarian-High-Protein-Weight-Loss-Option-26.pdf
High-Protein Weight Loss,1600,Vegetarian,27,1602,73,62,02-High-Protein-Weight-Loss/1600-kcal/1600-kcal-Vegetarian-High-Protein-Weight-Loss-Option-27.pdf
High-Protein Weight Loss,1600,Vegetarian,28,1604,67,60,02-High-Protein-Weight-Loss/1600-kcal/1600-kcal-Vegetarian-High-Protein-Weight-Loss-Option-28.pdf
High-Protein Weight Loss,1600,Vegetarian,29,1587,70,58,02-High-Protein-Weight-Loss/1600-kcal/1600-kcal-Vegetarian-High-Protein-Weight-Loss-Option-29.pdf
High-Protein Weight Loss,1600,Vegetarian,30,1600,66,59,02-High-Protein-Weight-Loss/1600-kcal/1600-kcal-Vegetarian-High-Protein-Weight-Loss-Option-30.pdf
High-Protein Weight Loss,1600,Vegan,1,1590,67,62,02-High-Protein-Weight-Loss/1600-kcal/1600-kcal-Vegan-High-Protein-Weight-Loss-Option-01.pdf
High-Protein Weight Loss,1600,Vegan,2,1606,71,61,02-High-Protein-Weight-Loss/1600-kcal/1600-kcal-Vegan-High-Protein-Weight-Loss-Option-02.pdf
High-Protein Weight Loss,1600,Vegan,3,1599,69,65,02-High-Protein-Weight-Loss/1600-kcal/1600-kcal-Vegan-High-Protein-Weight-Loss-Option-03.pdf
High-Protein Weight Loss,1600,Vegan,4,1601,66,60,02-High-Protein-Weight-Loss/1600-kcal/1600-kcal-Vegan-High-Protein-Weight-Loss-Option-04.pdf
High-Protein Weight Loss,1600,Vegan,5,1594,69,58,02-High-Protein-Weight-Loss/1600-kcal/1600-kcal-Vegan-High-Protein-Weight-Loss-Option-05.pdf
High-Protein Weight Loss,1600,Vegan,6,1606,70,63,02-High-Protein-Weight-Loss/1600-kcal/1600-kcal-Vegan-High-Protein-Weight-Loss-Option-06.pdf
High-Protein Weight Loss,1600,Vegan,7,1600,71,62,02-High-Protein-Weight-Loss/1600-kcal/1600-kcal-Vegan-High-Protein-Weight-Loss-Option-07.pdf
High-Protein Weight Loss,1600,Vegan,8,1611,69,61,02-High-Protein-Weight-Loss/1600-kcal/1600-kcal-Vegan-High-Protein-Weight-Loss-Option-08.pdf
High-Protein Weight Loss,1600,Vegan,9,1598,72,67,02-High-Protein-Weight-Loss/1600-kcal/1600-kcal-Vegan-High-Protein-Weight-Loss-Option-09.pdf
High-Protein Weight Loss,1600,Vegan,10,1580,70,62,02-High-Protein-Weight-Loss/1600-kcal/1600-kcal-Vegan-High-Protein-Weight-Loss-Option-10.pdf
High-Protein Weight Loss,1600,Vegan,11,1594,70,64,02-High-Protein-Weight-Loss/1600-kcal/1600-kcal-Vegan-High-Protein-Weight-Loss-Option-11.pdf
High-Protein Weight Loss,1600,Vegan,12,1597,68,64,02-High-Protein-Weight-Loss/1600-kcal/1600-kcal-Vegan-High-Protein-Weight-Loss-Option-12.pdf
High-Protein Weight Loss,1600,Vegan,13,1599,71,65,02-High-Protein-Weight-Loss/1600-kcal/1600-kcal-Vegan-High-Protein-Weight-Loss-Option-13.pdf
High-Protein Weight Loss,1600,Vegan,14,1593,70,56,02-High-Protein-Weight-Loss/1600-kcal/1600-kcal-Vegan-High-Protein-Weight-Loss-Option-14.pdf
High-Protein Weight Loss,1600,Vegan,15,1598,68,59,02-High-Protein-Weight-Loss/1600-kcal/1600-kcal-Vegan-High-Protein-Weight-Loss-Option-15.pdf
High-Protein Weight Loss,1600,Vegan,16,1603,67,64,02-High-Protein-Weight-Loss/1600-kcal/1600-kcal-Vegan-High-Protein-Weight-Loss-Option-16.pdf
High-Protein Weight Loss,1600,Vegan,17,1593,69,62,02-High-Protein-Weight-Loss/1600-kcal/1600-kcal-Vegan-High-Protein-Weight-Loss-Option-17.pdf
High-Protein Weight Loss,1600,Vegan,18,1601,71,60,02-High-Protein-Weight-Loss/1600-kcal/1600-kcal-Vegan-High-Protein-Weight-Loss-Option-18.pdf
High-Protein Weight Loss,1600,Vegan,19,1595,69,61,02-High-Protein-Weight-Loss/1600-kcal/1600-kcal-Vegan-High-Protein-Weight-Loss-Option-19.pdf
High-Protein Weight Loss,1600,Vegan,20,1589,69,61,02-High-Protein-Weight-Loss/1600-kcal/1600-kcal-Vegan-High-Protein-Weight-Loss-Option-20.pdf
High-Protein Weight Loss,1600,Vegan,21,1600,69,61,02-High-Protein-Weight-Loss/1600-kcal/1600-kcal-Vegan-High-Protein-Weight-Loss-Option-21.pdf
High-Protein Weight Loss,1600,Vegan,22,1606,71,64,02-High-Protein-Weight-Loss/1600-kcal/1600-kcal-Vegan-High-Protein-Weight-Loss-Option-22.pdf
High-Protein Weight Loss,1600,Vegan,23,1598,73,65,02-High-Protein-Weight-Loss/1600-kcal/1600-kcal-Vegan-High-Protein-Weight-Loss-Option-23.pdf
High-Protein Weight Loss,1600,Vegan,24,1607,70,65,02-High-Protein-Weight-Loss/1600-kcal/1600-kcal-Vegan-High-Protein-Weight-Loss-Option-24.pdf
High-Protein Weight Loss,1600,Vegan,25,1585,67,62,02-High-Protein-Weight-Loss/1600-kcal/1600-kcal-Vegan-High-Protein-Weight-Loss-Option-25.pdf
High-Protein Weight Loss,1600,Vegan,26,1596,67,59,02-High-Protein-Weight-Loss/1600-kcal/1600-kcal-Vegan-High-Protein-Weight-Loss-Option-26.pdf
High-Protein Weight Loss,1600,Vegan,27,1587,72,66,02-High-Protein-Weight-Loss/1600-kcal/1600-kcal-Vegan-High-Protein-Weight-Loss-Option-27.pdf
High-Protein Weight Loss,1600,Vegan,28,1588,71,64,02-High-Protein-Weight-Loss/1600-kcal/1600-kcal-Vegan-High-Protein-Weight-Loss-Option-28.pdf
High-Protein Weight Loss,1600,Vegan,29,1597,69,60,02-High-Protein-Weight-Loss/1600-kcal/1600-kcal-Vegan-High-Protein-Weight-Loss-Option-29.pdf
High-Protein Weight Loss,1600,Vegan,30,1588,66,61,02-High-Protein-Weight-Loss/1600-kcal/1600-kcal-Vegan-High-Protein-Weight-Loss-Option-30.pdf
High-Protein Weight Loss,1600,Eggetarian,1,1592,75,67,02-High-Protein-Weight-Loss/1600-kcal/1600-kcal-Eggetarian-High-Protein-Weight-Loss-Option-01.pdf
High-Protein Weight Loss,1600,Eggetarian,2,1601,74,67,02-High-Protein-Weight-Loss/1600-kcal/1600-kcal-Eggetarian-High-Protein-Weight-Loss-Option-02.pdf
High-Protein Weight Loss,1600,Eggetarian,3,1602,83,76,02-High-Protein-Weight-Loss/1600-kcal/1600-kcal-Eggetarian-High-Protein-Weight-Loss-Option-03.pdf
High-Protein Weight Loss,1600,Eggetarian,4,1602,79,61,02-High-Protein-Weight-Loss/1600-kcal/1600-kcal-Eggetarian-High-Protein-Weight-Loss-Option-04.pdf
High-Protein Weight Loss,1600,Eggetarian,5,1595,77,66,02-High-Protein-Weight-Loss/1600-kcal/1600-kcal-Eggetarian-High-Protein-Weight-Loss-Option-05.pdf
High-Protein Weight Loss,1600,Eggetarian,6,1605,78,68,02-High-Protein-Weight-Loss/1600-kcal/1600-kcal-Eggetarian-High-Protein-Weight-Loss-Option-06.pdf
High-Protein Weight Loss,1600,Eggetarian,7,1602,78,64,02-High-Protein-Weight-Loss/1600-kcal/1600-kcal-Eggetarian-High-Protein-Weight-Loss-Option-07.pdf
High-Protein Weight Loss,1600,Eggetarian,8,1603,79,69,02-High-Protein-Weight-Loss/1600-kcal/1600-kcal-Eggetarian-High-Protein-Weight-Loss-Option-08.pdf
High-Protein Weight Loss,1600,Eggetarian,9,1594,77,64,02-High-Protein-Weight-Loss/1600-kcal/1600-kcal-Eggetarian-High-Protein-Weight-Loss-Option-09.pdf
High-Protein Weight Loss,1600,Eggetarian,10,1583,74,63,02-High-Protein-Weight-Loss/1600-kcal/1600-kcal-Eggetarian-High-Protein-Weight-Loss-Option-10.pdf
High-Protein Weight Loss,1600,Eggetarian,11,1603,77,62,02-High-Protein-Weight-Loss/1600-kcal/1600-kcal-Eggetarian-High-Protein-Weight-Loss-Option-11.pdf
High-Protein Weight Loss,1600,Eggetarian,12,1603,80,69,02-High-Protein-Weight-Loss/1600-kcal/1600-kcal-Eggetarian-High-Protein-Weight-Loss-Option-12.pdf
High-Protein Weight Loss,1600,Eggetarian,13,1594,75,61,02-High-Protein-Weight-Loss/1600-kcal/1600-kcal-Eggetarian-High-Protein-Weight-Loss-Option-13.pdf
High-Protein Weight Loss,1600,Eggetarian,14,1587,73,65,02-High-Protein-Weight-Loss/1600-kcal/1600-kcal-Eggetarian-High-Protein-Weight-Loss-Option-14.pdf
High-Protein Weight Loss,1600,Eggetarian,15,1605,77,66,02-High-Protein-Weight-Loss/1600-kcal/1600-kcal-Eggetarian-High-Protein-Weight-Loss-Option-15.pdf
High-Protein Weight Loss,1600,Eggetarian,16,1586,79,66,02-High-Protein-Weight-Loss/1600-kcal/1600-kcal-Eggetarian-High-Protein-Weight-Loss-Option-16.pdf
High-Protein Weight Loss,1600,Eggetarian,17,1594,76,66,02-High-Protein-Weight-Loss/1600-kcal/1600-kcal-Eggetarian-High-Protein-Weight-Loss-Option-17.pdf
High-Protein Weight Loss,1600,Eggetarian,18,1601,76,66,02-High-Protein-Weight-Loss/1600-kcal/1600-kcal-Eggetarian-High-Protein-Weight-Loss-Option-18.pdf
High-Protein Weight Loss,1600,Eggetarian,19,1588,71,54,02-High-Protein-Weight-Loss/1600-kcal/1600-kcal-Eggetarian-High-Protein-Weight-Loss-Option-19.pdf
High-Protein Weight Loss,1600,Eggetarian,20,1592,76,64,02-High-Protein-Weight-Loss/1600-kcal/1600-kcal-Eggetarian-High-Protein-Weight-Loss-Option-20.pdf
High-Protein Weight Loss,1600,Eggetarian,21,1594,78,65,02-High-Protein-Weight-Loss/1600-kcal/1600-kcal-Eggetarian-High-Protein-Weight-Loss-Option-21.pdf
High-Protein Weight Loss,1600,Eggetarian,22,1583,77,65,02-High-Protein-Weight-Loss/1600-kcal/1600-kcal-Eggetarian-High-Protein-Weight-Loss-Option-22.pdf
High-Protein Weight Loss,1600,Eggetarian,23,1593,79,69,02-High-Protein-Weight-Loss/1600-kcal/1600-kcal-Eggetarian-High-Protein-Weight-Loss-Option-23.pdf
High-Protein Weight Loss,1600,Eggetarian,24,1604,76,66,02-High-Protein-Weight-Loss/1600-kcal/1600-kcal-Eggetarian-High-Protein-Weight-Loss-Option-24.pdf
High-Protein Weight Loss,1600,Eggetarian,25,1601,75,60,02-High-Protein-Weight-Loss/1600-kcal/1600-kcal-Eggetarian-High-Protein-Weight-Loss-Option-25.pdf
High-Protein Weight Loss,1600,Eggetarian,26,1594,76,65,02-High-Protein-Weight-Loss/1600-kcal/1600-kcal-Eggetarian-High-Protein-Weight-Loss-Option-26.pdf
High-Protein Weight Loss,1600,Eggetarian,27,1601,76,64,02-High-Protein-Weight-Loss/1600-kcal/1600-kcal-Eggetarian-High-Protein-Weight-Loss-Option-27.pdf
High-Protein Weight Loss,1600,Eggetarian,28,1594,76,63,02-High-Protein-Weight-Loss/1600-kcal/1600-kcal-Eggetarian-High-Protein-Weight-Loss-Option-28.pdf
High-Protein Weight Loss,1600,Eggetarian,29,1607,80,70,02-High-Protein-Weight-Loss/1600-kcal/1600-kcal-Eggetarian-High-Protein-Weight-Loss-Option-29.pdf
High-Protein Weight Loss,1600,Eggetarian,30,1590,84,65,02-High-Protein-Weight-Loss/1600-kcal/1600-kcal-Eggetarian-High-Protein-Weight-Loss-Option-30.pdf
High-Protein Weight Loss,1600,Non-Vegetarian,1,1606,92,77,02-High-Protein-Weight-Loss/1600-kcal/1600-kcal-Non-Vegetarian-High-Protein-Weight-Loss-Option-01.pdf
High-Protein Weight Loss,1600,Non-Vegetarian,2,1596,90,78,02-High-Protein-Weight-Loss/1600-kcal/1600-kcal-Non-Vegetarian-High-Protein-Weight-Loss-Option-02.pdf
High-Protein Weight Loss,1600,Non-Vegetarian,3,1600,87,76,02-High-Protein-Weight-Loss/1600-kcal/1600-kcal-Non-Vegetarian-High-Protein-Weight-Loss-Option-03.pdf
High-Protein Weight Loss,1600,Non-Vegetarian,4,1594,93,72,02-High-Protein-Weight-Loss/1600-kcal/1600-kcal-Non-Vegetarian-High-Protein-Weight-Loss-Option-04.pdf
High-Protein Weight Loss,1600,Non-Vegetarian,5,1607,93,80,02-High-Protein-Weight-Loss/1600-kcal/1600-kcal-Non-Vegetarian-High-Protein-Weight-Loss-Option-05.pdf
High-Protein Weight Loss,1600,Non-Vegetarian,6,1604,85,66,02-High-Protein-Weight-Loss/1600-kcal/1600-kcal-Non-Vegetarian-High-Protein-Weight-Loss-Option-06.pdf
High-Protein Weight Loss,1600,Non-Vegetarian,7,1606,88,74,02-High-Protein-Weight-Loss/1600-kcal/1600-kcal-Non-Vegetarian-High-Protein-Weight-Loss-Option-07.pdf
High-Protein Weight Loss,1600,Non-Vegetarian,8,1595,88,75,02-High-Protein-Weight-Loss/1600-kcal/1600-kcal-Non-Vegetarian-High-Protein-Weight-Loss-Option-08.pdf
High-Protein Weight Loss,1600,Non-Vegetarian,9,1607,90,71,02-High-Protein-Weight-Loss/1600-kcal/1600-kcal-Non-Vegetarian-High-Protein-Weight-Loss-Option-09.pdf
High-Protein Weight Loss,1600,Non-Vegetarian,10,1600,88,75,02-High-Protein-Weight-Loss/1600-kcal/1600-kcal-Non-Vegetarian-High-Protein-Weight-Loss-Option-10.pdf
High-Protein Weight Loss,1600,Non-Vegetarian,11,1606,91,77,02-High-Protein-Weight-Loss/1600-kcal/1600-kcal-Non-Vegetarian-High-Protein-Weight-Loss-Option-11.pdf
High-Protein Weight Loss,1600,Non-Vegetarian,12,1599,82,71,02-High-Protein-Weight-Loss/1600-kcal/1600-kcal-Non-Vegetarian-High-Protein-Weight-Loss-Option-12.pdf
High-Protein Weight Loss,1600,Non-Vegetarian,13,1600,88,76,02-High-Protein-Weight-Loss/1600-kcal/1600-kcal-Non-Vegetarian-High-Protein-Weight-Loss-Option-13.pdf
High-Protein Weight Loss,1600,Non-Vegetarian,14,1604,85,76,02-High-Protein-Weight-Loss/1600-kcal/1600-kcal-Non-Vegetarian-High-Protein-Weight-Loss-Option-14.pdf
High-Protein Weight Loss,1600,Non-Vegetarian,15,1595,89,80,02-High-Protein-Weight-Loss/1600-kcal/1600-kcal-Non-Vegetarian-High-Protein-Weight-Loss-Option-15.pdf
High-Protein Weight Loss,1600,Non-Vegetarian,16,1605,92,80,02-High-Protein-Weight-Loss/1600-kcal/1600-kcal-Non-Vegetarian-High-Protein-Weight-Loss-Option-16.pdf
High-Protein Weight Loss,1600,Non-Vegetarian,17,1599,94,78,02-High-Protein-Weight-Loss/1600-kcal/1600-kcal-Non-Vegetarian-High-Protein-Weight-Loss-Option-17.pdf
High-Protein Weight Loss,1600,Non-Vegetarian,18,1597,95,83,02-High-Protein-Weight-Loss/1600-kcal/1600-kcal-Non-Vegetarian-High-Protein-Weight-Loss-Option-18.pdf
High-Protein Weight Loss,1600,Non-Vegetarian,19,1621,91,84,02-High-Protein-Weight-Loss/1600-kcal/1600-kcal-Non-Vegetarian-High-Protein-Weight-Loss-Option-19.pdf
High-Protein Weight Loss,1600,Non-Vegetarian,20,1587,88,76,02-High-Protein-Weight-Loss/1600-kcal/1600-kcal-Non-Vegetarian-High-Protein-Weight-Loss-Option-20.pdf
High-Protein Weight Loss,1600,Non-Vegetarian,21,1612,93,81,02-High-Protein-Weight-Loss/1600-kcal/1600-kcal-Non-Vegetarian-High-Protein-Weight-Loss-Option-21.pdf
High-Protein Weight Loss,1600,Non-Vegetarian,22,1602,86,69,02-High-Protein-Weight-Loss/1600-kcal/1600-kcal-Non-Vegetarian-High-Protein-Weight-Loss-Option-22.pdf
High-Protein Weight Loss,1600,Non-Vegetarian,23,1592,86,76,02-High-Protein-Weight-Loss/1600-kcal/1600-kcal-Non-Vegetarian-High-Protein-Weight-Loss-Option-23.pdf
High-Protein Weight Loss,1600,Non-Vegetarian,24,1594,89,78,02-High-Protein-Weight-Loss/1600-kcal/1600-kcal-Non-Vegetarian-High-Protein-Weight-Loss-Option-24.pdf
High-Protein Weight Loss,1600,Non-Vegetarian,25,1584,94,83,02-High-Protein-Weight-Loss/1600-kcal/1600-kcal-Non-Vegetarian-High-Protein-Weight-Loss-Option-25.pdf
High-Protein Weight Loss,1600,Non-Vegetarian,26,1594,92,70,02-High-Protein-Weight-Loss/1600-kcal/1600-kcal-Non-Vegetarian-High-Protein-Weight-Loss-Option-26.pdf
High-Protein Weight Loss,1600,Non-Vegetarian,27,1593,91,82,02-High-Protein-Weight-Loss/1600-kcal/1600-kcal-Non-Vegetarian-High-Protein-Weight-Loss-Option-27.pdf
High-Protein Weight Loss,1600,Non-Vegetarian,28,1592,90,70,02-High-Protein-Weight-Loss/1600-kcal/1600-kcal-Non-Vegetarian-High-Protein-Weight-Loss-Option-28.pdf
High-Protein Weight Loss,1600,Non-Vegetarian,29,1600,88,75,02-High-Protein-Weight-Loss/1600-kcal/1600-kcal-Non-Vegetarian-High-Protein-Weight-Loss-Option-29.pdf
High-Protein Weight Loss,1600,Non-Vegetarian,30,1597,91,74,02-High-Protein-Weight-Loss/1600-kcal/1600-kcal-Non-Vegetarian-High-Protein-Weight-Loss-Option-30.pdf
High-Protein Weight Loss,1800,Vegetarian,1,1811,80,72,02-High-Protein-Weight-Loss/1800-kcal/1800-kcal-Vegetarian-High-Protein-Weight-Loss-Option-01.pdf
High-Protein Weight Loss,1800,Vegetarian,2,1794,79,70,02-High-Protein-Weight-Loss/1800-kcal/1800-kcal-Vegetarian-High-Protein-Weight-Loss-Option-02.pdf
High-Protein Weight Loss,1800,Vegetarian,3,1806,82,76,02-High-Protein-Weight-Loss/1800-kcal/1800-kcal-Vegetarian-High-Protein-Weight-Loss-Option-03.pdf
High-Protein Weight Loss,1800,Vegetarian,4,1781,76,71,02-High-Protein-Weight-Loss/1800-kcal/1800-kcal-Vegetarian-High-Protein-Weight-Loss-Option-04.pdf
High-Protein Weight Loss,1800,Vegetarian,5,1788,77,71,02-High-Protein-Weight-Loss/1800-kcal/1800-kcal-Vegetarian-High-Protein-Weight-Loss-Option-05.pdf
High-Protein Weight Loss,1800,Vegetarian,6,1799,76,68,02-High-Protein-Weight-Loss/1800-kcal/1800-kcal-Vegetarian-High-Protein-Weight-Loss-Option-06.pdf
High-Protein Weight Loss,1800,Vegetarian,7,1799,77,68,02-High-Protein-Weight-Loss/1800-kcal/1800-kcal-Vegetarian-High-Protein-Weight-Loss-Option-07.pdf
High-Protein Weight Loss,1800,Vegetarian,8,1796,80,72,02-High-Protein-Weight-Loss/1800-kcal/1800-kcal-Vegetarian-High-Protein-Weight-Loss-Option-08.pdf
High-Protein Weight Loss,1800,Vegetarian,9,1806,84,75,02-High-Protein-Weight-Loss/1800-kcal/1800-kcal-Vegetarian-High-Protein-Weight-Loss-Option-09.pdf
High-Protein Weight Loss,1800,Vegetarian,10,1809,80,71,02-High-Protein-Weight-Loss/1800-kcal/1800-kcal-Vegetarian-High-Protein-Weight-Loss-Option-10.pdf
High-Protein Weight Loss,1800,Vegetarian,11,1806,78,69,02-High-Protein-Weight-Loss/1800-kcal/1800-kcal-Vegetarian-High-Protein-Weight-Loss-Option-11.pdf
High-Protein Weight Loss,1800,Vegetarian,12,1783,79,71,02-High-Protein-Weight-Loss/1800-kcal/1800-kcal-Vegetarian-High-Protein-Weight-Loss-Option-12.pdf
High-Protein Weight Loss,1800,Vegetarian,13,1799,78,71,02-High-Protein-Weight-Loss/1800-kcal/1800-kcal-Vegetarian-High-Protein-Weight-Loss-Option-13.pdf
High-Protein Weight Loss,1800,Vegetarian,14,1794,81,74,02-High-Protein-Weight-Loss/1800-kcal/1800-kcal-Vegetarian-High-Protein-Weight-Loss-Option-14.pdf
High-Protein Weight Loss,1800,Vegetarian,15,1795,76,73,02-High-Protein-Weight-Loss/1800-kcal/1800-kcal-Vegetarian-High-Protein-Weight-Loss-Option-15.pdf
High-Protein Weight Loss,1800,Vegetarian,16,1805,79,73,02-High-Protein-Weight-Loss/1800-kcal/1800-kcal-Vegetarian-High-Protein-Weight-Loss-Option-16.pdf
High-Protein Weight Loss,1800,Vegetarian,17,1800,74,68,02-High-Protein-Weight-Loss/1800-kcal/1800-kcal-Vegetarian-High-Protein-Weight-Loss-Option-17.pdf
High-Protein Weight Loss,1800,Vegetarian,18,1792,81,71,02-High-Protein-Weight-Loss/1800-kcal/1800-kcal-Vegetarian-High-Protein-Weight-Loss-Option-18.pdf
High-Protein Weight Loss,1800,Vegetarian,19,1804,79,68,02-High-Protein-Weight-Loss/1800-kcal/1800-kcal-Vegetarian-High-Protein-Weight-Loss-Option-19.pdf
High-Protein Weight Loss,1800,Vegetarian,20,1811,78,71,02-High-Protein-Weight-Loss/1800-kcal/1800-kcal-Vegetarian-High-Protein-Weight-Loss-Option-20.pdf
High-Protein Weight Loss,1800,Vegetarian,21,1791,78,67,02-High-Protein-Weight-Loss/1800-kcal/1800-kcal-Vegetarian-High-Protein-Weight-Loss-Option-21.pdf
High-Protein Weight Loss,1800,Vegetarian,22,1797,79,74,02-High-Protein-Weight-Loss/1800-kcal/1800-kcal-Vegetarian-High-Protein-Weight-Loss-Option-22.pdf
High-Protein Weight Loss,1800,Vegetarian,23,1791,77,70,02-High-Protein-Weight-Loss/1800-kcal/1800-kcal-Vegetarian-High-Protein-Weight-Loss-Option-23.pdf
High-Protein Weight Loss,1800,Vegetarian,24,1807,79,69,02-High-Protein-Weight-Loss/1800-kcal/1800-kcal-Vegetarian-High-Protein-Weight-Loss-Option-24.pdf
High-Protein Weight Loss,1800,Vegetarian,25,1809,77,68,02-High-Protein-Weight-Loss/1800-kcal/1800-kcal-Vegetarian-High-Protein-Weight-Loss-Option-25.pdf
High-Protein Weight Loss,1800,Vegetarian,26,1802,81,71,02-High-Protein-Weight-Loss/1800-kcal/1800-kcal-Vegetarian-High-Protein-Weight-Loss-Option-26.pdf
High-Protein Weight Loss,1800,Vegetarian,27,1798,77,71,02-High-Protein-Weight-Loss/1800-kcal/1800-kcal-Vegetarian-High-Protein-Weight-Loss-Option-27.pdf
High-Protein Weight Loss,1800,Vegetarian,28,1790,78,73,02-High-Protein-Weight-Loss/1800-kcal/1800-kcal-Vegetarian-High-Protein-Weight-Loss-Option-28.pdf
High-Protein Weight Loss,1800,Vegetarian,29,1808,79,70,02-High-Protein-Weight-Loss/1800-kcal/1800-kcal-Vegetarian-High-Protein-Weight-Loss-Option-29.pdf
High-Protein Weight Loss,1800,Vegetarian,30,1798,78,72,02-High-Protein-Weight-Loss/1800-kcal/1800-kcal-Vegetarian-High-Protein-Weight-Loss-Option-30.pdf
High-Protein Weight Loss,1800,Vegan,1,1793,75,65,02-High-Protein-Weight-Loss/1800-kcal/1800-kcal-Vegan-High-Protein-Weight-Loss-Option-01.pdf
High-Protein Weight Loss,1800,Vegan,2,1788,79,71,02-High-Protein-Weight-Loss/1800-kcal/1800-kcal-Vegan-High-Protein-Weight-Loss-Option-02.pdf
High-Protein Weight Loss,1800,Vegan,3,1779,76,68,02-High-Protein-Weight-Loss/1800-kcal/1800-kcal-Vegan-High-Protein-Weight-Loss-Option-03.pdf
High-Protein Weight Loss,1800,Vegan,4,1774,75,69,02-High-Protein-Weight-Loss/1800-kcal/1800-kcal-Vegan-High-Protein-Weight-Loss-Option-04.pdf
High-Protein Weight Loss,1800,Vegan,5,1788,76,68,02-High-Protein-Weight-Loss/1800-kcal/1800-kcal-Vegan-High-Protein-Weight-Loss-Option-05.pdf
High-Protein Weight Loss,1800,Vegan,6,1786,74,66,02-High-Protein-Weight-Loss/1800-kcal/1800-kcal-Vegan-High-Protein-Weight-Loss-Option-06.pdf
High-Protein Weight Loss,1800,Vegan,7,1805,75,65,02-High-Protein-Weight-Loss/1800-kcal/1800-kcal-Vegan-High-Protein-Weight-Loss-Option-07.pdf
High-Protein Weight Loss,1800,Vegan,8,1797,77,67,02-High-Protein-Weight-Loss/1800-kcal/1800-kcal-Vegan-High-Protein-Weight-Loss-Option-08.pdf
High-Protein Weight Loss,1800,Vegan,9,1781,78,70,02-High-Protein-Weight-Loss/1800-kcal/1800-kcal-Vegan-High-Protein-Weight-Loss-Option-09.pdf
High-Protein Weight Loss,1800,Vegan,10,1799,79,66,02-High-Protein-Weight-Loss/1800-kcal/1800-kcal-Vegan-High-Protein-Weight-Loss-Option-10.pdf
High-Protein Weight Loss,1800,Vegan,11,1797,80,69,02-High-Protein-Weight-Loss/1800-kcal/1800-kcal-Vegan-High-Protein-Weight-Loss-Option-11.pdf
High-Protein Weight Loss,1800,Vegan,12,1782,79,69,02-High-Protein-Weight-Loss/1800-kcal/1800-kcal-Vegan-High-Protein-Weight-Loss-Option-12.pdf
High-Protein Weight Loss,1800,Vegan,13,1792,81,73,02-High-Protein-Weight-Loss/1800-kcal/1800-kcal-Vegan-High-Protein-Weight-Loss-Option-13.pdf
High-Protein Weight Loss,1800,Vegan,14,1795,78,65,02-High-Protein-Weight-Loss/1800-kcal/1800-kcal-Vegan-High-Protein-Weight-Loss-Option-14.pdf
High-Protein Weight Loss,1800,Vegan,15,1792,76,69,02-High-Protein-Weight-Loss/1800-kcal/1800-kcal-Vegan-High-Protein-Weight-Loss-Option-15.pdf
High-Protein Weight Loss,1800,Vegan,16,1800,75,71,02-High-Protein-Weight-Loss/1800-kcal/1800-kcal-Vegan-High-Protein-Weight-Loss-Option-16.pdf
High-Protein Weight Loss,1800,Vegan,17,1789,78,71,02-High-Protein-Weight-Loss/1800-kcal/1800-kcal-Vegan-High-Protein-Weight-Loss-Option-17.pdf
High-Protein Weight Loss,1800,Vegan,18,1790,77,71,02-High-Protein-Weight-Loss/1800-kcal/1800-kcal-Vegan-High-Protein-Weight-Loss-Option-18.pdf
High-Protein Weight Loss,1800,Vegan,19,1785,75,68,02-High-Protein-Weight-Loss/1800-kcal/1800-kcal-Vegan-High-Protein-Weight-Loss-Option-19.pdf
High-Protein Weight Loss,1800,Vegan,20,1794,76,70,02-High-Protein-Weight-Loss/1800-kcal/1800-kcal-Vegan-High-Protein-Weight-Loss-Option-20.pdf
High-Protein Weight Loss,1800,Vegan,21,1799,77,73,02-High-Protein-Weight-Loss/1800-kcal/1800-kcal-Vegan-High-Protein-Weight-Loss-Option-21.pdf
High-Protein Weight Loss,1800,Vegan,22,1803,77,71,02-High-Protein-Weight-Loss/1800-kcal/1800-kcal-Vegan-High-Protein-Weight-Loss-Option-22.pdf
High-Protein Weight Loss,1800,Vegan,23,1798,78,71,02-High-Protein-Weight-Loss/1800-kcal/1800-kcal-Vegan-High-Protein-Weight-Loss-Option-23.pdf
High-Protein Weight Loss,1800,Vegan,24,1799,81,77,02-High-Protein-Weight-Loss/1800-kcal/1800-kcal-Vegan-High-Protein-Weight-Loss-Option-24.pdf
High-Protein Weight Loss,1800,Vegan,25,1797,79,67,02-High-Protein-Weight-Loss/1800-kcal/1800-kcal-Vegan-High-Protein-Weight-Loss-Option-25.pdf
High-Protein Weight Loss,1800,Vegan,26,1802,75,66,02-High-Protein-Weight-Loss/1800-kcal/1800-kcal-Vegan-High-Protein-Weight-Loss-Option-26.pdf
High-Protein Weight Loss,1800,Vegan,27,1800,77,70,02-High-Protein-Weight-Loss/1800-kcal/1800-kcal-Vegan-High-Protein-Weight-Loss-Option-27.pdf
High-Protein Weight Loss,1800,Vegan,28,1805,80,67,02-High-Protein-Weight-Loss/1800-kcal/1800-kcal-Vegan-High-Protein-Weight-Loss-Option-28.pdf
High-Protein Weight Loss,1800,Vegan,29,1794,79,74,02-High-Protein-Weight-Loss/1800-kcal/1800-kcal-Vegan-High-Protein-Weight-Loss-Option-29.pdf
High-Protein Weight Loss,1800,Vegan,30,1798,78,69,02-High-Protein-Weight-Loss/1800-kcal/1800-kcal-Vegan-High-Protein-Weight-Loss-Option-30.pdf
High-Protein Weight Loss,1800,Eggetarian,1,1777,80,69,02-High-Protein-Weight-Loss/1800-kcal/1800-kcal-Eggetarian-High-Protein-Weight-Loss-Option-01.pdf
High-Protein Weight Loss,1800,Eggetarian,2,1784,89,73,02-High-Protein-Weight-Loss/1800-kcal/1800-kcal-Eggetarian-High-Protein-Weight-Loss-Option-02.pdf
High-Protein Weight Loss,1800,Eggetarian,3,1800,87,77,02-High-Protein-Weight-Loss/1800-kcal/1800-kcal-Eggetarian-High-Protein-Weight-Loss-Option-03.pdf
High-Protein Weight Loss,1800,Eggetarian,4,1788,87,80,02-High-Protein-Weight-Loss/1800-kcal/1800-kcal-Eggetarian-High-Protein-Weight-Loss-Option-04.pdf
High-Protein Weight Loss,1800,Eggetarian,5,1788,84,72,02-High-Protein-Weight-Loss/1800-kcal/1800-kcal-Eggetarian-High-Protein-Weight-Loss-Option-05.pdf
High-Protein Weight Loss,1800,Eggetarian,6,1787,84,70,02-High-Protein-Weight-Loss/1800-kcal/1800-kcal-Eggetarian-High-Protein-Weight-Loss-Option-06.pdf
High-Protein Weight Loss,1800,Eggetarian,7,1809,84,73,02-High-Protein-Weight-Loss/1800-kcal/1800-kcal-Eggetarian-High-Protein-Weight-Loss-Option-07.pdf
High-Protein Weight Loss,1800,Eggetarian,8,1786,88,78,02-High-Protein-Weight-Loss/1800-kcal/1800-kcal-Eggetarian-High-Protein-Weight-Loss-Option-08.pdf
High-Protein Weight Loss,1800,Eggetarian,9,1793,87,66,02-High-Protein-Weight-Loss/1800-kcal/1800-kcal-Eggetarian-High-Protein-Weight-Loss-Option-09.pdf
High-Protein Weight Loss,1800,Eggetarian,10,1791,82,71,02-High-Protein-Weight-Loss/1800-kcal/1800-kcal-Eggetarian-High-Protein-Weight-Loss-Option-10.pdf
High-Protein Weight Loss,1800,Eggetarian,11,1796,85,74,02-High-Protein-Weight-Loss/1800-kcal/1800-kcal-Eggetarian-High-Protein-Weight-Loss-Option-11.pdf
High-Protein Weight Loss,1800,Eggetarian,12,1797,84,76,02-High-Protein-Weight-Loss/1800-kcal/1800-kcal-Eggetarian-High-Protein-Weight-Loss-Option-12.pdf
High-Protein Weight Loss,1800,Eggetarian,13,1803,83,74,02-High-Protein-Weight-Loss/1800-kcal/1800-kcal-Eggetarian-High-Protein-Weight-Loss-Option-13.pdf
High-Protein Weight Loss,1800,Eggetarian,14,1797,86,73,02-High-Protein-Weight-Loss/1800-kcal/1800-kcal-Eggetarian-High-Protein-Weight-Loss-Option-14.pdf
High-Protein Weight Loss,1800,Eggetarian,15,1800,87,75,02-High-Protein-Weight-Loss/1800-kcal/1800-kcal-Eggetarian-High-Protein-Weight-Loss-Option-15.pdf
High-Protein Weight Loss,1800,Eggetarian,16,1780,87,71,02-High-Protein-Weight-Loss/1800-kcal/1800-kcal-Eggetarian-High-Protein-Weight-Loss-Option-16.pdf
High-Protein Weight Loss,1800,Eggetarian,17,1792,89,74,02-High-Protein-Weight-Loss/1800-kcal/1800-kcal-Eggetarian-High-Protein-Weight-Loss-Option-17.pdf
High-Protein Weight Loss,1800,Eggetarian,18,1795,85,69,02-High-Protein-Weight-Loss/1800-kcal/1800-kcal-Eggetarian-High-Protein-Weight-Loss-Option-18.pdf
High-Protein Weight Loss,1800,Eggetarian,19,1784,83,71,02-High-Protein-Weight-Loss/1800-kcal/1800-kcal-Eggetarian-High-Protein-Weight-Loss-Option-19.pdf
High-Protein Weight Loss,1800,Eggetarian,20,1785,85,77,02-High-Protein-Weight-Loss/1800-kcal/1800-kcal-Eggetarian-High-Protein-Weight-Loss-Option-20.pdf
High-Protein Weight Loss,1800,Eggetarian,21,1788,86,78,02-High-Protein-Weight-Loss/1800-kcal/1800-kcal-Eggetarian-High-Protein-Weight-Loss-Option-21.pdf
High-Protein Weight Loss,1800,Eggetarian,22,1808,85,68,02-High-Protein-Weight-Loss/1800-kcal/1800-kcal-Eggetarian-High-Protein-Weight-Loss-Option-22.pdf
High-Protein Weight Loss,1800,Eggetarian,23,1792,80,68,02-High-Protein-Weight-Loss/1800-kcal/1800-kcal-Eggetarian-High-Protein-Weight-Loss-Option-23.pdf
High-Protein Weight Loss,1800,Eggetarian,24,1812,89,75,02-High-Protein-Weight-Loss/1800-kcal/1800-kcal-Eggetarian-High-Protein-Weight-Loss-Option-24.pdf
High-Protein Weight Loss,1800,Eggetarian,25,1795,86,72,02-High-Protein-Weight-Loss/1800-kcal/1800-kcal-Eggetarian-High-Protein-Weight-Loss-Option-25.pdf
High-Protein Weight Loss,1800,Eggetarian,26,1788,87,78,02-High-Protein-Weight-Loss/1800-kcal/1800-kcal-Eggetarian-High-Protein-Weight-Loss-Option-26.pdf
High-Protein Weight Loss,1800,Eggetarian,27,1796,86,72,02-High-Protein-Weight-Loss/1800-kcal/1800-kcal-Eggetarian-High-Protein-Weight-Loss-Option-27.pdf
High-Protein Weight Loss,1800,Eggetarian,28,1796,83,63,02-High-Protein-Weight-Loss/1800-kcal/1800-kcal-Eggetarian-High-Protein-Weight-Loss-Option-28.pdf
High-Protein Weight Loss,1800,Eggetarian,29,1800,82,75,02-High-Protein-Weight-Loss/1800-kcal/1800-kcal-Eggetarian-High-Protein-Weight-Loss-Option-29.pdf
High-Protein Weight Loss,1800,Eggetarian,30,1793,89,77,02-High-Protein-Weight-Loss/1800-kcal/1800-kcal-Eggetarian-High-Protein-Weight-Loss-Option-30.pdf
High-Protein Weight Loss,1800,Non-Vegetarian,1,1800,100,82,02-High-Protein-Weight-Loss/1800-kcal/1800-kcal-Non-Vegetarian-High-Protein-Weight-Loss-Option-01.pdf
High-Protein Weight Loss,1800,Non-Vegetarian,2,1796,96,81,02-High-Protein-Weight-Loss/1800-kcal/1800-kcal-Non-Vegetarian-High-Protein-Weight-Loss-Option-02.pdf
High-Protein Weight Loss,1800,Non-Vegetarian,3,1804,99,75,02-High-Protein-Weight-Loss/1800-kcal/1800-kcal-Non-Vegetarian-High-Protein-Weight-Loss-Option-03.pdf
High-Protein Weight Loss,1800,Non-Vegetarian,4,1800,95,80,02-High-Protein-Weight-Loss/1800-kcal/1800-kcal-Non-Vegetarian-High-Protein-Weight-Loss-Option-04.pdf
High-Protein Weight Loss,1800,Non-Vegetarian,5,1800,99,86,02-High-Protein-Weight-Loss/1800-kcal/1800-kcal-Non-Vegetarian-High-Protein-Weight-Loss-Option-05.pdf
High-Protein Weight Loss,1800,Non-Vegetarian,6,1799,101,81,02-High-Protein-Weight-Loss/1800-kcal/1800-kcal-Non-Vegetarian-High-Protein-Weight-Loss-Option-06.pdf
High-Protein Weight Loss,1800,Non-Vegetarian,7,1795,94,81,02-High-Protein-Weight-Loss/1800-kcal/1800-kcal-Non-Vegetarian-High-Protein-Weight-Loss-Option-07.pdf
High-Protein Weight Loss,1800,Non-Vegetarian,8,1788,102,83,02-High-Protein-Weight-Loss/1800-kcal/1800-kcal-Non-Vegetarian-High-Protein-Weight-Loss-Option-08.pdf
High-Protein Weight Loss,1800,Non-Vegetarian,9,1801,94,79,02-High-Protein-Weight-Loss/1800-kcal/1800-kcal-Non-Vegetarian-High-Protein-Weight-Loss-Option-09.pdf
High-Protein Weight Loss,1800,Non-Vegetarian,10,1807,100,86,02-High-Protein-Weight-Loss/1800-kcal/1800-kcal-Non-Vegetarian-High-Protein-Weight-Loss-Option-10.pdf
High-Protein Weight Loss,1800,Non-Vegetarian,11,1791,100,79,02-High-Protein-Weight-Loss/1800-kcal/1800-kcal-Non-Vegetarian-High-Protein-Weight-Loss-Option-11.pdf
High-Protein Weight Loss,1800,Non-Vegetarian,12,1802,101,87,02-High-Protein-Weight-Loss/1800-kcal/1800-kcal-Non-Vegetarian-High-Protein-Weight-Loss-Option-12.pdf
High-Protein Weight Loss,1800,Non-Vegetarian,13,1791,96,76,02-High-Protein-Weight-Loss/1800-kcal/1800-kcal-Non-Vegetarian-High-Protein-Weight-Loss-Option-13.pdf
High-Protein Weight Loss,1800,Non-Vegetarian,14,1788,98,77,02-High-Protein-Weight-Loss/1800-kcal/1800-kcal-Non-Vegetarian-High-Protein-Weight-Loss-Option-14.pdf
High-Protein Weight Loss,1800,Non-Vegetarian,15,1795,94,71,02-High-Protein-Weight-Loss/1800-kcal/1800-kcal-Non-Vegetarian-High-Protein-Weight-Loss-Option-15.pdf
High-Protein Weight Loss,1800,Non-Vegetarian,16,1794,98,88,02-High-Protein-Weight-Loss/1800-kcal/1800-kcal-Non-Vegetarian-High-Protein-Weight-Loss-Option-16.pdf
High-Protein Weight Loss,1800,Non-Vegetarian,17,1788,106,87,02-High-Protein-Weight-Loss/1800-kcal/1800-kcal-Non-Vegetarian-High-Protein-Weight-Loss-Option-17.pdf
High-Protein Weight Loss,1800,Non-Vegetarian,18,1790,100,87,02-High-Protein-Weight-Loss/1800-kcal/1800-kcal-Non-Vegetarian-High-Protein-Weight-Loss-Option-18.pdf
High-Protein Weight Loss,1800,Non-Vegetarian,19,1794,92,75,02-High-Protein-Weight-Loss/1800-kcal/1800-kcal-Non-Vegetarian-High-Protein-Weight-Loss-Option-19.pdf
High-Protein Weight Loss,1800,Non-Vegetarian,20,1796,103,89,02-High-Protein-Weight-Loss/1800-kcal/1800-kcal-Non-Vegetarian-High-Protein-Weight-Loss-Option-20.pdf
High-Protein Weight Loss,1800,Non-Vegetarian,21,1801,106,94,02-High-Protein-Weight-Loss/1800-kcal/1800-kcal-Non-Vegetarian-High-Protein-Weight-Loss-Option-21.pdf
High-Protein Weight Loss,1800,Non-Vegetarian,22,1805,101,78,02-High-Protein-Weight-Loss/1800-kcal/1800-kcal-Non-Vegetarian-High-Protein-Weight-Loss-Option-22.pdf
High-Protein Weight Loss,1800,Non-Vegetarian,23,1802,104,87,02-High-Protein-Weight-Loss/1800-kcal/1800-kcal-Non-Vegetarian-High-Protein-Weight-Loss-Option-23.pdf
High-Protein Weight Loss,1800,Non-Vegetarian,24,1796,98,83,02-High-Protein-Weight-Loss/1800-kcal/1800-kcal-Non-Vegetarian-High-Protein-Weight-Loss-Option-24.pdf
High-Protein Weight Loss,1800,Non-Vegetarian,25,1803,102,94,02-High-Protein-Weight-Loss/1800-kcal/1800-kcal-Non-Vegetarian-High-Protein-Weight-Loss-Option-25.pdf
High-Protein Weight Loss,1800,Non-Vegetarian,26,1794,100,91,02-High-Protein-Weight-Loss/1800-kcal/1800-kcal-Non-Vegetarian-High-Protein-Weight-Loss-Option-26.pdf
High-Protein Weight Loss,1800,Non-Vegetarian,27,1791,97,78,02-High-Protein-Weight-Loss/1800-kcal/1800-kcal-Non-Vegetarian-High-Protein-Weight-Loss-Option-27.pdf
High-Protein Weight Loss,1800,Non-Vegetarian,28,1801,95,86,02-High-Protein-Weight-Loss/1800-kcal/1800-kcal-Non-Vegetarian-High-Protein-Weight-Loss-Option-28.pdf
High-Protein Weight Loss,1800,Non-Vegetarian,29,1789,99,87,02-High-Protein-Weight-Loss/1800-kcal/1800-kcal-Non-Vegetarian-High-Protein-Weight-Loss-Option-29.pdf
High-Protein Weight Loss,1800,Non-Vegetarian,30,1797,94,78,02-High-Protein-Weight-Loss/1800-kcal/1800-kcal-Non-Vegetarian-High-Protein-Weight-Loss-Option-30.pdf
Diabetes-Friendly Weight Loss,1200,Vegetarian,1,1203,46,38,03-Diabetes-Friendly-Weight-Loss/1200-kcal/1200-kcal-Vegetarian-Diabetes-Friendly-Weight-Loss-Option-01.pdf
Diabetes-Friendly Weight Loss,1200,Vegetarian,2,1205,45,38,03-Diabetes-Friendly-Weight-Loss/1200-kcal/1200-kcal-Vegetarian-Diabetes-Friendly-Weight-Loss-Option-02.pdf
Diabetes-Friendly Weight Loss,1200,Vegetarian,3,1200,49,46,03-Diabetes-Friendly-Weight-Loss/1200-kcal/1200-kcal-Vegetarian-Diabetes-Friendly-Weight-Loss-Option-03.pdf
Diabetes-Friendly Weight Loss,1200,Vegetarian,4,1208,43,38,03-Diabetes-Friendly-Weight-Loss/1200-kcal/1200-kcal-Vegetarian-Diabetes-Friendly-Weight-Loss-Option-04.pdf
Diabetes-Friendly Weight Loss,1200,Vegetarian,5,1201,45,38,03-Diabetes-Friendly-Weight-Loss/1200-kcal/1200-kcal-Vegetarian-Diabetes-Friendly-Weight-Loss-Option-05.pdf
Diabetes-Friendly Weight Loss,1200,Vegetarian,6,1195,45,39,03-Diabetes-Friendly-Weight-Loss/1200-kcal/1200-kcal-Vegetarian-Diabetes-Friendly-Weight-Loss-Option-06.pdf
Diabetes-Friendly Weight Loss,1200,Vegetarian,7,1205,44,40,03-Diabetes-Friendly-Weight-Loss/1200-kcal/1200-kcal-Vegetarian-Diabetes-Friendly-Weight-Loss-Option-07.pdf
Diabetes-Friendly Weight Loss,1200,Vegetarian,8,1207,46,40,03-Diabetes-Friendly-Weight-Loss/1200-kcal/1200-kcal-Vegetarian-Diabetes-Friendly-Weight-Loss-Option-08.pdf
Diabetes-Friendly Weight Loss,1200,Vegetarian,9,1199,47,43,03-Diabetes-Friendly-Weight-Loss/1200-kcal/1200-kcal-Vegetarian-Diabetes-Friendly-Weight-Loss-Option-09.pdf
Diabetes-Friendly Weight Loss,1200,Vegetarian,10,1196,45,36,03-Diabetes-Friendly-Weight-Loss/1200-kcal/1200-kcal-Vegetarian-Diabetes-Friendly-Weight-Loss-Option-10.pdf
Diabetes-Friendly Weight Loss,1200,Vegetarian,11,1199,42,38,03-Diabetes-Friendly-Weight-Loss/1200-kcal/1200-kcal-Vegetarian-Diabetes-Friendly-Weight-Loss-Option-11.pdf
Diabetes-Friendly Weight Loss,1200,Vegetarian,12,1215,43,38,03-Diabetes-Friendly-Weight-Loss/1200-kcal/1200-kcal-Vegetarian-Diabetes-Friendly-Weight-Loss-Option-12.pdf
Diabetes-Friendly Weight Loss,1200,Vegetarian,13,1209,47,41,03-Diabetes-Friendly-Weight-Loss/1200-kcal/1200-kcal-Vegetarian-Diabetes-Friendly-Weight-Loss-Option-13.pdf
Diabetes-Friendly Weight Loss,1200,Vegetarian,14,1202,43,33,03-Diabetes-Friendly-Weight-Loss/1200-kcal/1200-kcal-Vegetarian-Diabetes-Friendly-Weight-Loss-Option-14.pdf
Diabetes-Friendly Weight Loss,1200,Vegetarian,15,1202,47,44,03-Diabetes-Friendly-Weight-Loss/1200-kcal/1200-kcal-Vegetarian-Diabetes-Friendly-Weight-Loss-Option-15.pdf
Diabetes-Friendly Weight Loss,1200,Vegetarian,16,1206,45,40,03-Diabetes-Friendly-Weight-Loss/1200-kcal/1200-kcal-Vegetarian-Diabetes-Friendly-Weight-Loss-Option-16.pdf
Diabetes-Friendly Weight Loss,1200,Vegetarian,17,1200,45,42,03-Diabetes-Friendly-Weight-Loss/1200-kcal/1200-kcal-Vegetarian-Diabetes-Friendly-Weight-Loss-Option-17.pdf
Diabetes-Friendly Weight Loss,1200,Vegetarian,18,1203,43,36,03-Diabetes-Friendly-Weight-Loss/1200-kcal/1200-kcal-Vegetarian-Diabetes-Friendly-Weight-Loss-Option-18.pdf
Diabetes-Friendly Weight Loss,1200,Vegetarian,19,1207,47,41,03-Diabetes-Friendly-Weight-Loss/1200-kcal/1200-kcal-Vegetarian-Diabetes-Friendly-Weight-Loss-Option-19.pdf
Diabetes-Friendly Weight Loss,1200,Vegetarian,20,1199,44,38,03-Diabetes-Friendly-Weight-Loss/1200-kcal/1200-kcal-Vegetarian-Diabetes-Friendly-Weight-Loss-Option-20.pdf
Diabetes-Friendly Weight Loss,1200,Vegetarian,21,1196,46,41,03-Diabetes-Friendly-Weight-Loss/1200-kcal/1200-kcal-Vegetarian-Diabetes-Friendly-Weight-Loss-Option-21.pdf
Diabetes-Friendly Weight Loss,1200,Vegetarian,22,1201,45,37,03-Diabetes-Friendly-Weight-Loss/1200-kcal/1200-kcal-Vegetarian-Diabetes-Friendly-Weight-Loss-Option-22.pdf
Diabetes-Friendly Weight Loss,1200,Vegetarian,23,1191,49,40,03-Diabetes-Friendly-Weight-Loss/1200-kcal/1200-kcal-Vegetarian-Diabetes-Friendly-Weight-Loss-Option-23.pdf
Diabetes-Friendly Weight Loss,1200,Vegetarian,24,1206,43,37,03-Diabetes-Friendly-Weight-Loss/1200-kcal/1200-kcal-Vegetarian-Diabetes-Friendly-Weight-Loss-Option-24.pdf
Diabetes-Friendly Weight Loss,1200,Vegetarian,25,1202,48,42,03-Diabetes-Friendly-Weight-Loss/1200-kcal/1200-kcal-Vegetarian-Diabetes-Friendly-Weight-Loss-Option-25.pdf
Diabetes-Friendly Weight Loss,1200,Vegetarian,26,1206,44,41,03-Diabetes-Friendly-Weight-Loss/1200-kcal/1200-kcal-Vegetarian-Diabetes-Friendly-Weight-Loss-Option-26.pdf
Diabetes-Friendly Weight Loss,1200,Vegetarian,27,1206,47,43,03-Diabetes-Friendly-Weight-Loss/1200-kcal/1200-kcal-Vegetarian-Diabetes-Friendly-Weight-Loss-Option-27.pdf
Diabetes-Friendly Weight Loss,1200,Vegetarian,28,1189,48,44,03-Diabetes-Friendly-Weight-Loss/1200-kcal/1200-kcal-Vegetarian-Diabetes-Friendly-Weight-Loss-Option-28.pdf
Diabetes-Friendly Weight Loss,1200,Vegetarian,29,1205,43,37,03-Diabetes-Friendly-Weight-Loss/1200-kcal/1200-kcal-Vegetarian-Diabetes-Friendly-Weight-Loss-Option-29.pdf
Diabetes-Friendly Weight Loss,1200,Vegetarian,30,1195,49,42,03-Diabetes-Friendly-Weight-Loss/1200-kcal/1200-kcal-Vegetarian-Diabetes-Friendly-Weight-Loss-Option-30.pdf
Diabetes-Friendly Weight Loss,1200,Vegan,1,1205,44,39,03-Diabetes-Friendly-Weight-Loss/1200-kcal/1200-kcal-Vegan-Diabetes-Friendly-Weight-Loss-Option-01.pdf
Diabetes-Friendly Weight Loss,1200,Vegan,2,1208,44,35,03-Diabetes-Friendly-Weight-Loss/1200-kcal/1200-kcal-Vegan-Diabetes-Friendly-Weight-Loss-Option-02.pdf
Diabetes-Friendly Weight Loss,1200,Vegan,3,1200,45,39,03-Diabetes-Friendly-Weight-Loss/1200-kcal/1200-kcal-Vegan-Diabetes-Friendly-Weight-Loss-Option-03.pdf
Diabetes-Friendly Weight Loss,1200,Vegan,4,1198,46,37,03-Diabetes-Friendly-Weight-Loss/1200-kcal/1200-kcal-Vegan-Diabetes-Friendly-Weight-Loss-Option-04.pdf
Diabetes-Friendly Weight Loss,1200,Vegan,5,1209,45,38,03-Diabetes-Friendly-Weight-Loss/1200-kcal/1200-kcal-Vegan-Diabetes-Friendly-Weight-Loss-Option-05.pdf
Diabetes-Friendly Weight Loss,1200,Vegan,6,1207,46,43,03-Diabetes-Friendly-Weight-Loss/1200-kcal/1200-kcal-Vegan-Diabetes-Friendly-Weight-Loss-Option-06.pdf
Diabetes-Friendly Weight Loss,1200,Vegan,7,1200,43,39,03-Diabetes-Friendly-Weight-Loss/1200-kcal/1200-kcal-Vegan-Diabetes-Friendly-Weight-Loss-Option-07.pdf
Diabetes-Friendly Weight Loss,1200,Vegan,8,1197,44,38,03-Diabetes-Friendly-Weight-Loss/1200-kcal/1200-kcal-Vegan-Diabetes-Friendly-Weight-Loss-Option-08.pdf
Diabetes-Friendly Weight Loss,1200,Vegan,9,1201,46,39,03-Diabetes-Friendly-Weight-Loss/1200-kcal/1200-kcal-Vegan-Diabetes-Friendly-Weight-Loss-Option-09.pdf
Diabetes-Friendly Weight Loss,1200,Vegan,10,1208,47,41,03-Diabetes-Friendly-Weight-Loss/1200-kcal/1200-kcal-Vegan-Diabetes-Friendly-Weight-Loss-Option-10.pdf
Diabetes-Friendly Weight Loss,1200,Vegan,11,1198,47,43,03-Diabetes-Friendly-Weight-Loss/1200-kcal/1200-kcal-Vegan-Diabetes-Friendly-Weight-Loss-Option-11.pdf
Diabetes-Friendly Weight Loss,1200,Vegan,12,1210,48,43,03-Diabetes-Friendly-Weight-Loss/1200-kcal/1200-kcal-Vegan-Diabetes-Friendly-Weight-Loss-Option-12.pdf
Diabetes-Friendly Weight Loss,1200,Vegan,13,1193,47,37,03-Diabetes-Friendly-Weight-Loss/1200-kcal/1200-kcal-Vegan-Diabetes-Friendly-Weight-Loss-Option-13.pdf
Diabetes-Friendly Weight Loss,1200,Vegan,14,1196,45,37,03-Diabetes-Friendly-Weight-Loss/1200-kcal/1200-kcal-Vegan-Diabetes-Friendly-Weight-Loss-Option-14.pdf
Diabetes-Friendly Weight Loss,1200,Vegan,15,1196,44,36,03-Diabetes-Friendly-Weight-Loss/1200-kcal/1200-kcal-Vegan-Diabetes-Friendly-Weight-Loss-Option-15.pdf
Diabetes-Friendly Weight Loss,1200,Vegan,16,1196,47,43,03-Diabetes-Friendly-Weight-Loss/1200-kcal/1200-kcal-Vegan-Diabetes-Friendly-Weight-Loss-Option-16.pdf
Diabetes-Friendly Weight Loss,1200,Vegan,17,1201,45,42,03-Diabetes-Friendly-Weight-Loss/1200-kcal/1200-kcal-Vegan-Diabetes-Friendly-Weight-Loss-Option-17.pdf
Diabetes-Friendly Weight Loss,1200,Vegan,18,1195,45,39,03-Diabetes-Friendly-Weight-Loss/1200-kcal/1200-kcal-Vegan-Diabetes-Friendly-Weight-Loss-Option-18.pdf
Diabetes-Friendly Weight Loss,1200,Vegan,19,1199,47,44,03-Diabetes-Friendly-Weight-Loss/1200-kcal/1200-kcal-Vegan-Diabetes-Friendly-Weight-Loss-Option-19.pdf
Diabetes-Friendly Weight Loss,1200,Vegan,20,1203,45,40,03-Diabetes-Friendly-Weight-Loss/1200-kcal/1200-kcal-Vegan-Diabetes-Friendly-Weight-Loss-Option-20.pdf
Diabetes-Friendly Weight Loss,1200,Vegan,21,1192,45,39,03-Diabetes-Friendly-Weight-Loss/1200-kcal/1200-kcal-Vegan-Diabetes-Friendly-Weight-Loss-Option-21.pdf
Diabetes-Friendly Weight Loss,1200,Vegan,22,1210,44,35,03-Diabetes-Friendly-Weight-Loss/1200-kcal/1200-kcal-Vegan-Diabetes-Friendly-Weight-Loss-Option-22.pdf
Diabetes-Friendly Weight Loss,1200,Vegan,23,1190,46,35,03-Diabetes-Friendly-Weight-Loss/1200-kcal/1200-kcal-Vegan-Diabetes-Friendly-Weight-Loss-Option-23.pdf
Diabetes-Friendly Weight Loss,1200,Vegan,24,1202,46,41,03-Diabetes-Friendly-Weight-Loss/1200-kcal/1200-kcal-Vegan-Diabetes-Friendly-Weight-Loss-Option-24.pdf
Diabetes-Friendly Weight Loss,1200,Vegan,25,1206,44,40,03-Diabetes-Friendly-Weight-Loss/1200-kcal/1200-kcal-Vegan-Diabetes-Friendly-Weight-Loss-Option-25.pdf
Diabetes-Friendly Weight Loss,1200,Vegan,26,1195,45,35,03-Diabetes-Friendly-Weight-Loss/1200-kcal/1200-kcal-Vegan-Diabetes-Friendly-Weight-Loss-Option-26.pdf
Diabetes-Friendly Weight Loss,1200,Vegan,27,1192,49,43,03-Diabetes-Friendly-Weight-Loss/1200-kcal/1200-kcal-Vegan-Diabetes-Friendly-Weight-Loss-Option-27.pdf
Diabetes-Friendly Weight Loss,1200,Vegan,28,1204,45,42,03-Diabetes-Friendly-Weight-Loss/1200-kcal/1200-kcal-Vegan-Diabetes-Friendly-Weight-Loss-Option-28.pdf
Diabetes-Friendly Weight Loss,1200,Vegan,29,1201,45,37,03-Diabetes-Friendly-Weight-Loss/1200-kcal/1200-kcal-Vegan-Diabetes-Friendly-Weight-Loss-Option-29.pdf
Diabetes-Friendly Weight Loss,1200,Vegan,30,1197,43,35,03-Diabetes-Friendly-Weight-Loss/1200-kcal/1200-kcal-Vegan-Diabetes-Friendly-Weight-Loss-Option-30.pdf
Diabetes-Friendly Weight Loss,1200,Eggetarian,1,1207,56,46,03-Diabetes-Friendly-Weight-Loss/1200-kcal/1200-kcal-Eggetarian-Diabetes-Friendly-Weight-Loss-Option-01.pdf
Diabetes-Friendly Weight Loss,1200,Eggetarian,2,1192,58,44,03-Diabetes-Friendly-Weight-Loss/1200-kcal/1200-kcal-Eggetarian-Diabetes-Friendly-Weight-Loss-Option-02.pdf
Diabetes-Friendly Weight Loss,1200,Eggetarian,3,1212,51,42,03-Diabetes-Friendly-Weight-Loss/1200-kcal/1200-kcal-Eggetarian-Diabetes-Friendly-Weight-Loss-Option-03.pdf
Diabetes-Friendly Weight Loss,1200,Eggetarian,4,1188,50,36,03-Diabetes-Friendly-Weight-Loss/1200-kcal/1200-kcal-Eggetarian-Diabetes-Friendly-Weight-Loss-Option-04.pdf
Diabetes-Friendly Weight Loss,1200,Eggetarian,5,1205,51,41,03-Diabetes-Friendly-Weight-Loss/1200-kcal/1200-kcal-Eggetarian-Diabetes-Friendly-Weight-Loss-Option-05.pdf
Diabetes-Friendly Weight Loss,1200,Eggetarian,6,1212,53,39,03-Diabetes-Friendly-Weight-Loss/1200-kcal/1200-kcal-Eggetarian-Diabetes-Friendly-Weight-Loss-Option-06.pdf
Diabetes-Friendly Weight Loss,1200,Eggetarian,7,1203,53,44,03-Diabetes-Friendly-Weight-Loss/1200-kcal/1200-kcal-Eggetarian-Diabetes-Friendly-Weight-Loss-Option-07.pdf
Diabetes-Friendly Weight Loss,1200,Eggetarian,8,1194,53,35,03-Diabetes-Friendly-Weight-Loss/1200-kcal/1200-kcal-Eggetarian-Diabetes-Friendly-Weight-Loss-Option-08.pdf
Diabetes-Friendly Weight Loss,1200,Eggetarian,9,1203,48,40,03-Diabetes-Friendly-Weight-Loss/1200-kcal/1200-kcal-Eggetarian-Diabetes-Friendly-Weight-Loss-Option-09.pdf
Diabetes-Friendly Weight Loss,1200,Eggetarian,10,1213,53,39,03-Diabetes-Friendly-Weight-Loss/1200-kcal/1200-kcal-Eggetarian-Diabetes-Friendly-Weight-Loss-Option-10.pdf
Diabetes-Friendly Weight Loss,1200,Eggetarian,11,1211,53,46,03-Diabetes-Friendly-Weight-Loss/1200-kcal/1200-kcal-Eggetarian-Diabetes-Friendly-Weight-Loss-Option-11.pdf
Diabetes-Friendly Weight Loss,1200,Eggetarian,12,1206,49,39,03-Diabetes-Friendly-Weight-Loss/1200-kcal/1200-kcal-Eggetarian-Diabetes-Friendly-Weight-Loss-Option-12.pdf
Diabetes-Friendly Weight Loss,1200,Eggetarian,13,1201,49,35,03-Diabetes-Friendly-Weight-Loss/1200-kcal/1200-kcal-Eggetarian-Diabetes-Friendly-Weight-Loss-Option-13.pdf
Diabetes-Friendly Weight Loss,1200,Eggetarian,14,1198,54,38,03-Diabetes-Friendly-Weight-Loss/1200-kcal/1200-kcal-Eggetarian-Diabetes-Friendly-Weight-Loss-Option-14.pdf
Diabetes-Friendly Weight Loss,1200,Eggetarian,15,1202,50,45,03-Diabetes-Friendly-Weight-Loss/1200-kcal/1200-kcal-Eggetarian-Diabetes-Friendly-Weight-Loss-Option-15.pdf
Diabetes-Friendly Weight Loss,1200,Eggetarian,16,1209,53,45,03-Diabetes-Friendly-Weight-Loss/1200-kcal/1200-kcal-Eggetarian-Diabetes-Friendly-Weight-Loss-Option-16.pdf
Diabetes-Friendly Weight Loss,1200,Eggetarian,17,1206,51,43,03-Diabetes-Friendly-Weight-Loss/1200-kcal/1200-kcal-Eggetarian-Diabetes-Friendly-Weight-Loss-Option-17.pdf
Diabetes-Friendly Weight Loss,1200,Eggetarian,18,1194,53,43,03-Diabetes-Friendly-Weight-Loss/1200-kcal/1200-kcal-Eggetarian-Diabetes-Friendly-Weight-Loss-Option-18.pdf
Diabetes-Friendly Weight Loss,1200,Eggetarian,19,1195,51,37,03-Diabetes-Friendly-Weight-Loss/1200-kcal/1200-kcal-Eggetarian-Diabetes-Friendly-Weight-Loss-Option-19.pdf
Diabetes-Friendly Weight Loss,1200,Eggetarian,20,1208,53,41,03-Diabetes-Friendly-Weight-Loss/1200-kcal/1200-kcal-Eggetarian-Diabetes-Friendly-Weight-Loss-Option-20.pdf
Diabetes-Friendly Weight Loss,1200,Eggetarian,21,1201,54,45,03-Diabetes-Friendly-Weight-Loss/1200-kcal/1200-kcal-Eggetarian-Diabetes-Friendly-Weight-Loss-Option-21.pdf
Diabetes-Friendly Weight Loss,1200,Eggetarian,22,1203,53,43,03-Diabetes-Friendly-Weight-Loss/1200-kcal/1200-kcal-Eggetarian-Diabetes-Friendly-Weight-Loss-Option-22.pdf
Diabetes-Friendly Weight Loss,1200,Eggetarian,23,1204,51,41,03-Diabetes-Friendly-Weight-Loss/1200-kcal/1200-kcal-Eggetarian-Diabetes-Friendly-Weight-Loss-Option-23.pdf
Diabetes-Friendly Weight Loss,1200,Eggetarian,24,1202,57,45,03-Diabetes-Friendly-Weight-Loss/1200-kcal/1200-kcal-Eggetarian-Diabetes-Friendly-Weight-Loss-Option-24.pdf
Diabetes-Friendly Weight Loss,1200,Eggetarian,25,1192,52,45,03-Diabetes-Friendly-Weight-Loss/1200-kcal/1200-kcal-Eggetarian-Diabetes-Friendly-Weight-Loss-Option-25.pdf
Diabetes-Friendly Weight Loss,1200,Eggetarian,26,1204,53,47,03-Diabetes-Friendly-Weight-Loss/1200-kcal/1200-kcal-Eggetarian-Diabetes-Friendly-Weight-Loss-Option-26.pdf
Diabetes-Friendly Weight Loss,1200,Eggetarian,27,1215,50,41,03-Diabetes-Friendly-Weight-Loss/1200-kcal/1200-kcal-Eggetarian-Diabetes-Friendly-Weight-Loss-Option-27.pdf
Diabetes-Friendly Weight Loss,1200,Eggetarian,28,1203,53,46,03-Diabetes-Friendly-Weight-Loss/1200-kcal/1200-kcal-Eggetarian-Diabetes-Friendly-Weight-Loss-Option-28.pdf
Diabetes-Friendly Weight Loss,1200,Eggetarian,29,1202,50,42,03-Diabetes-Friendly-Weight-Loss/1200-kcal/1200-kcal-Eggetarian-Diabetes-Friendly-Weight-Loss-Option-29.pdf
Diabetes-Friendly Weight Loss,1200,Eggetarian,30,1198,52,42,03-Diabetes-Friendly-Weight-Loss/1200-kcal/1200-kcal-Eggetarian-Diabetes-Friendly-Weight-Loss-Option-30.pdf
Diabetes-Friendly Weight Loss,1200,Non-Vegetarian,1,1199,60,49,03-Diabetes-Friendly-Weight-Loss/1200-kcal/1200-kcal-Non-Vegetarian-Diabetes-Friendly-Weight-Loss-Option-01.pdf
Diabetes-Friendly Weight Loss,1200,Non-Vegetarian,2,1207,60,41,03-Diabetes-Friendly-Weight-Loss/1200-kcal/1200-kcal-Non-Vegetarian-Diabetes-Friendly-Weight-Loss-Option-02.pdf
Diabetes-Friendly Weight Loss,1200,Non-Vegetarian,3,1190,58,49,03-Diabetes-Friendly-Weight-Loss/1200-kcal/1200-kcal-Non-Vegetarian-Diabetes-Friendly-Weight-Loss-Option-03.pdf
Diabetes-Friendly Weight Loss,1200,Non-Vegetarian,4,1202,58,51,03-Diabetes-Friendly-Weight-Loss/1200-kcal/1200-kcal-Non-Vegetarian-Diabetes-Friendly-Weight-Loss-Option-04.pdf
Diabetes-Friendly Weight Loss,1200,Non-Vegetarian,5,1207,61,50,03-Diabetes-Friendly-Weight-Loss/1200-kcal/1200-kcal-Non-Vegetarian-Diabetes-Friendly-Weight-Loss-Option-05.pdf
Diabetes-Friendly Weight Loss,1200,Non-Vegetarian,6,1198,68,52,03-Diabetes-Friendly-Weight-Loss/1200-kcal/1200-kcal-Non-Vegetarian-Diabetes-Friendly-Weight-Loss-Option-06.pdf
Diabetes-Friendly Weight Loss,1200,Non-Vegetarian,7,1201,63,54,03-Diabetes-Friendly-Weight-Loss/1200-kcal/1200-kcal-Non-Vegetarian-Diabetes-Friendly-Weight-Loss-Option-07.pdf
Diabetes-Friendly Weight Loss,1200,Non-Vegetarian,8,1206,64,40,03-Diabetes-Friendly-Weight-Loss/1200-kcal/1200-kcal-Non-Vegetarian-Diabetes-Friendly-Weight-Loss-Option-08.pdf
Diabetes-Friendly Weight Loss,1200,Non-Vegetarian,9,1202,59,49,03-Diabetes-Friendly-Weight-Loss/1200-kcal/1200-kcal-Non-Vegetarian-Diabetes-Friendly-Weight-Loss-Option-09.pdf
Diabetes-Friendly Weight Loss,1200,Non-Vegetarian,10,1206,59,50,03-Diabetes-Friendly-Weight-Loss/1200-kcal/1200-kcal-Non-Vegetarian-Diabetes-Friendly-Weight-Loss-Option-10.pdf
Diabetes-Friendly Weight Loss,1200,Non-Vegetarian,11,1214,62,51,03-Diabetes-Friendly-Weight-Loss/1200-kcal/1200-kcal-Non-Vegetarian-Diabetes-Friendly-Weight-Loss-Option-11.pdf
Diabetes-Friendly Weight Loss,1200,Non-Vegetarian,12,1199,60,49,03-Diabetes-Friendly-Weight-Loss/1200-kcal/1200-kcal-Non-Vegetarian-Diabetes-Friendly-Weight-Loss-Option-12.pdf
Diabetes-Friendly Weight Loss,1200,Non-Vegetarian,13,1198,63,48,03-Diabetes-Friendly-Weight-Loss/1200-kcal/1200-kcal-Non-Vegetarian-Diabetes-Friendly-Weight-Loss-Option-13.pdf
Diabetes-Friendly Weight Loss,1200,Non-Vegetarian,14,1204,57,42,03-Diabetes-Friendly-Weight-Loss/1200-kcal/1200-kcal-Non-Vegetarian-Diabetes-Friendly-Weight-Loss-Option-14.pdf
Diabetes-Friendly Weight Loss,1200,Non-Vegetarian,15,1204,59,50,03-Diabetes-Friendly-Weight-Loss/1200-kcal/1200-kcal-Non-Vegetarian-Diabetes-Friendly-Weight-Loss-Option-15.pdf
Diabetes-Friendly Weight Loss,1200,Non-Vegetarian,16,1194,62,49,03-Diabetes-Friendly-Weight-Loss/1200-kcal/1200-kcal-Non-Vegetarian-Diabetes-Friendly-Weight-Loss-Option-16.pdf
Diabetes-Friendly Weight Loss,1200,Non-Vegetarian,17,1205,56,43,03-Diabetes-Friendly-Weight-Loss/1200-kcal/1200-kcal-Non-Vegetarian-Diabetes-Friendly-Weight-Loss-Option-17.pdf
Diabetes-Friendly Weight Loss,1200,Non-Vegetarian,18,1204,66,47,03-Diabetes-Friendly-Weight-Loss/1200-kcal/1200-kcal-Non-Vegetarian-Diabetes-Friendly-Weight-Loss-Option-18.pdf
Diabetes-Friendly Weight Loss,1200,Non-Vegetarian,19,1208,61,54,03-Diabetes-Friendly-Weight-Loss/1200-kcal/1200-kcal-Non-Vegetarian-Diabetes-Friendly-Weight-Loss-Option-19.pdf
Diabetes-Friendly Weight Loss,1200,Non-Vegetarian,20,1205,57,46,03-Diabetes-Friendly-Weight-Loss/1200-kcal/1200-kcal-Non-Vegetarian-Diabetes-Friendly-Weight-Loss-Option-20.pdf
Diabetes-Friendly Weight Loss,1200,Non-Vegetarian,21,1205,61,48,03-Diabetes-Friendly-Weight-Loss/1200-kcal/1200-kcal-Non-Vegetarian-Diabetes-Friendly-Weight-Loss-Option-21.pdf
Diabetes-Friendly Weight Loss,1200,Non-Vegetarian,22,1202,54,45,03-Diabetes-Friendly-Weight-Loss/1200-kcal/1200-kcal-Non-Vegetarian-Diabetes-Friendly-Weight-Loss-Option-22.pdf
Diabetes-Friendly Weight Loss,1200,Non-Vegetarian,23,1191,55,44,03-Diabetes-Friendly-Weight-Loss/1200-kcal/1200-kcal-Non-Vegetarian-Diabetes-Friendly-Weight-Loss-Option-23.pdf
Diabetes-Friendly Weight Loss,1200,Non-Vegetarian,24,1199,58,43,03-Diabetes-Friendly-Weight-Loss/1200-kcal/1200-kcal-Non-Vegetarian-Diabetes-Friendly-Weight-Loss-Option-24.pdf
Diabetes-Friendly Weight Loss,1200,Non-Vegetarian,25,1203,64,47,03-Diabetes-Friendly-Weight-Loss/1200-kcal/1200-kcal-Non-Vegetarian-Diabetes-Friendly-Weight-Loss-Option-25.pdf
Diabetes-Friendly Weight Loss,1200,Non-Vegetarian,26,1204,55,41,03-Diabetes-Friendly-Weight-Loss/1200-kcal/1200-kcal-Non-Vegetarian-Diabetes-Friendly-Weight-Loss-Option-26.pdf
Diabetes-Friendly Weight Loss,1200,Non-Vegetarian,27,1195,56,42,03-Diabetes-Friendly-Weight-Loss/1200-kcal/1200-kcal-Non-Vegetarian-Diabetes-Friendly-Weight-Loss-Option-27.pdf
Diabetes-Friendly Weight Loss,1200,Non-Vegetarian,28,1209,60,53,03-Diabetes-Friendly-Weight-Loss/1200-kcal/1200-kcal-Non-Vegetarian-Diabetes-Friendly-Weight-Loss-Option-28.pdf
Diabetes-Friendly Weight Loss,1200,Non-Vegetarian,29,1202,55,49,03-Diabetes-Friendly-Weight-Loss/1200-kcal/1200-kcal-Non-Vegetarian-Diabetes-Friendly-Weight-Loss-Option-29.pdf
Diabetes-Friendly Weight Loss,1200,Non-Vegetarian,30,1192,60,50,03-Diabetes-Friendly-Weight-Loss/1200-kcal/1200-kcal-Non-Vegetarian-Diabetes-Friendly-Weight-Loss-Option-30.pdf
Diabetes-Friendly Weight Loss,1300,Vegetarian,1,1299,49,46,03-Diabetes-Friendly-Weight-Loss/1300-kcal/1300-kcal-Vegetarian-Diabetes-Friendly-Weight-Loss-Option-01.pdf
Diabetes-Friendly Weight Loss,1300,Vegetarian,2,1316,48,41,03-Diabetes-Friendly-Weight-Loss/1300-kcal/1300-kcal-Vegetarian-Diabetes-Friendly-Weight-Loss-Option-02.pdf
Diabetes-Friendly Weight Loss,1300,Vegetarian,3,1299,48,41,03-Diabetes-Friendly-Weight-Loss/1300-kcal/1300-kcal-Vegetarian-Diabetes-Friendly-Weight-Loss-Option-03.pdf
Diabetes-Friendly Weight Loss,1300,Vegetarian,4,1297,50,38,03-Diabetes-Friendly-Weight-Loss/1300-kcal/1300-kcal-Vegetarian-Diabetes-Friendly-Weight-Loss-Option-04.pdf
Diabetes-Friendly Weight Loss,1300,Vegetarian,5,1297,51,45,03-Diabetes-Friendly-Weight-Loss/1300-kcal/1300-kcal-Vegetarian-Diabetes-Friendly-Weight-Loss-Option-05.pdf
Diabetes-Friendly Weight Loss,1300,Vegetarian,6,1294,50,41,03-Diabetes-Friendly-Weight-Loss/1300-kcal/1300-kcal-Vegetarian-Diabetes-Friendly-Weight-Loss-Option-06.pdf
Diabetes-Friendly Weight Loss,1300,Vegetarian,7,1305,52,47,03-Diabetes-Friendly-Weight-Loss/1300-kcal/1300-kcal-Vegetarian-Diabetes-Friendly-Weight-Loss-Option-07.pdf
Diabetes-Friendly Weight Loss,1300,Vegetarian,8,1309,50,43,03-Diabetes-Friendly-Weight-Loss/1300-kcal/1300-kcal-Vegetarian-Diabetes-Friendly-Weight-Loss-Option-08.pdf
Diabetes-Friendly Weight Loss,1300,Vegetarian,9,1299,48,45,03-Diabetes-Friendly-Weight-Loss/1300-kcal/1300-kcal-Vegetarian-Diabetes-Friendly-Weight-Loss-Option-09.pdf
Diabetes-Friendly Weight Loss,1300,Vegetarian,10,1302,49,44,03-Diabetes-Friendly-Weight-Loss/1300-kcal/1300-kcal-Vegetarian-Diabetes-Friendly-Weight-Loss-Option-10.pdf
Diabetes-Friendly Weight Loss,1300,Vegetarian,11,1299,50,46,03-Diabetes-Friendly-Weight-Loss/1300-kcal/1300-kcal-Vegetarian-Diabetes-Friendly-Weight-Loss-Option-11.pdf
Diabetes-Friendly Weight Loss,1300,Vegetarian,12,1298,51,47,03-Diabetes-Friendly-Weight-Loss/1300-kcal/1300-kcal-Vegetarian-Diabetes-Friendly-Weight-Loss-Option-12.pdf
Diabetes-Friendly Weight Loss,1300,Vegetarian,13,1302,53,49,03-Diabetes-Friendly-Weight-Loss/1300-kcal/1300-kcal-Vegetarian-Diabetes-Friendly-Weight-Loss-Option-13.pdf
Diabetes-Friendly Weight Loss,1300,Vegetarian,14,1297,51,42,03-Diabetes-Friendly-Weight-Loss/1300-kcal/1300-kcal-Vegetarian-Diabetes-Friendly-Weight-Loss-Option-14.pdf
Diabetes-Friendly Weight Loss,1300,Vegetarian,15,1294,48,42,03-Diabetes-Friendly-Weight-Loss/1300-kcal/1300-kcal-Vegetarian-Diabetes-Friendly-Weight-Loss-Option-15.pdf
Diabetes-Friendly Weight Loss,1300,Vegetarian,16,1295,48,44,03-Diabetes-Friendly-Weight-Loss/1300-kcal/1300-kcal-Vegetarian-Diabetes-Friendly-Weight-Loss-Option-16.pdf
Diabetes-Friendly Weight Loss,1300,Vegetarian,17,1311,52,44,03-Diabetes-Friendly-Weight-Loss/1300-kcal/1300-kcal-Vegetarian-Diabetes-Friendly-Weight-Loss-Option-17.pdf
Diabetes-Friendly Weight Loss,1300,Vegetarian,18,1287,50,42,03-Diabetes-Friendly-Weight-Loss/1300-kcal/1300-kcal-Vegetarian-Diabetes-Friendly-Weight-Loss-Option-18.pdf
Diabetes-Friendly Weight Loss,1300,Vegetarian,19,1302,53,40,03-Diabetes-Friendly-Weight-Loss/1300-kcal/1300-kcal-Vegetarian-Diabetes-Friendly-Weight-Loss-Option-19.pdf
Diabetes-Friendly Weight Loss,1300,Vegetarian,20,1302,48,44,03-Diabetes-Friendly-Weight-Loss/1300-kcal/1300-kcal-Vegetarian-Diabetes-Friendly-Weight-Loss-Option-20.pdf
Diabetes-Friendly Weight Loss,1300,Vegetarian,21,1295,49,41,03-Diabetes-Friendly-Weight-Loss/1300-kcal/1300-kcal-Vegetarian-Diabetes-Friendly-Weight-Loss-Option-21.pdf
Diabetes-Friendly Weight Loss,1300,Vegetarian,22,1293,48,44,03-Diabetes-Friendly-Weight-Loss/1300-kcal/1300-kcal-Vegetarian-Diabetes-Friendly-Weight-Loss-Option-22.pdf
Diabetes-Friendly Weight Loss,1300,Vegetarian,23,1295,53,48,03-Diabetes-Friendly-Weight-Loss/1300-kcal/1300-kcal-Vegetarian-Diabetes-Friendly-Weight-Loss-Option-23.pdf
Diabetes-Friendly Weight Loss,1300,Vegetarian,24,1301,50,44,03-Diabetes-Friendly-Weight-Loss/1300-kcal/1300-kcal-Vegetarian-Diabetes-Friendly-Weight-Loss-Option-24.pdf
Diabetes-Friendly Weight Loss,1300,Vegetarian,25,1294,53,46,03-Diabetes-Friendly-Weight-Loss/1300-kcal/1300-kcal-Vegetarian-Diabetes-Friendly-Weight-Loss-Option-25.pdf
Diabetes-Friendly Weight Loss,1300,Vegetarian,26,1302,47,40,03-Diabetes-Friendly-Weight-Loss/1300-kcal/1300-kcal-Vegetarian-Diabetes-Friendly-Weight-Loss-Option-26.pdf
Diabetes-Friendly Weight Loss,1300,Vegetarian,27,1307,46,38,03-Diabetes-Friendly-Weight-Loss/1300-kcal/1300-kcal-Vegetarian-Diabetes-Friendly-Weight-Loss-Option-27.pdf
Diabetes-Friendly Weight Loss,1300,Vegetarian,28,1302,50,47,03-Diabetes-Friendly-Weight-Loss/1300-kcal/1300-kcal-Vegetarian-Diabetes-Friendly-Weight-Loss-Option-28.pdf
Diabetes-Friendly Weight Loss,1300,Vegetarian,29,1298,51,45,03-Diabetes-Friendly-Weight-Loss/1300-kcal/1300-kcal-Vegetarian-Diabetes-Friendly-Weight-Loss-Option-29.pdf
Diabetes-Friendly Weight Loss,1300,Vegetarian,30,1296,48,39,03-Diabetes-Friendly-Weight-Loss/1300-kcal/1300-kcal-Vegetarian-Diabetes-Friendly-Weight-Loss-Option-30.pdf
Diabetes-Friendly Weight Loss,1300,Vegan,1,1303,49,39,03-Diabetes-Friendly-Weight-Loss/1300-kcal/1300-kcal-Vegan-Diabetes-Friendly-Weight-Loss-Option-01.pdf
Diabetes-Friendly Weight Loss,1300,Vegan,2,1292,46,43,03-Diabetes-Friendly-Weight-Loss/1300-kcal/1300-kcal-Vegan-Diabetes-Friendly-Weight-Loss-Option-02.pdf
Diabetes-Friendly Weight Loss,1300,Vegan,3,1294,50,43,03-Diabetes-Friendly-Weight-Loss/1300-kcal/1300-kcal-Vegan-Diabetes-Friendly-Weight-Loss-Option-03.pdf
Diabetes-Friendly Weight Loss,1300,Vegan,4,1310,52,47,03-Diabetes-Friendly-Weight-Loss/1300-kcal/1300-kcal-Vegan-Diabetes-Friendly-Weight-Loss-Option-04.pdf
Diabetes-Friendly Weight Loss,1300,Vegan,5,1300,47,44,03-Diabetes-Friendly-Weight-Loss/1300-kcal/1300-kcal-Vegan-Diabetes-Friendly-Weight-Loss-Option-05.pdf
Diabetes-Friendly Weight Loss,1300,Vegan,6,1301,48,44,03-Diabetes-Friendly-Weight-Loss/1300-kcal/1300-kcal-Vegan-Diabetes-Friendly-Weight-Loss-Option-06.pdf
Diabetes-Friendly Weight Loss,1300,Vegan,7,1293,50,41,03-Diabetes-Friendly-Weight-Loss/1300-kcal/1300-kcal-Vegan-Diabetes-Friendly-Weight-Loss-Option-07.pdf
Diabetes-Friendly Weight Loss,1300,Vegan,8,1302,49,46,03-Diabetes-Friendly-Weight-Loss/1300-kcal/1300-kcal-Vegan-Diabetes-Friendly-Weight-Loss-Option-08.pdf
Diabetes-Friendly Weight Loss,1300,Vegan,9,1310,48,42,03-Diabetes-Friendly-Weight-Loss/1300-kcal/1300-kcal-Vegan-Diabetes-Friendly-Weight-Loss-Option-09.pdf
Diabetes-Friendly Weight Loss,1300,Vegan,10,1302,47,41,03-Diabetes-Friendly-Weight-Loss/1300-kcal/1300-kcal-Vegan-Diabetes-Friendly-Weight-Loss-Option-10.pdf
Diabetes-Friendly Weight Loss,1300,Vegan,11,1298,49,43,03-Diabetes-Friendly-Weight-Loss/1300-kcal/1300-kcal-Vegan-Diabetes-Friendly-Weight-Loss-Option-11.pdf
Diabetes-Friendly Weight Loss,1300,Vegan,12,1290,49,44,03-Diabetes-Friendly-Weight-Loss/1300-kcal/1300-kcal-Vegan-Diabetes-Friendly-Weight-Loss-Option-12.pdf
Diabetes-Friendly Weight Loss,1300,Vegan,13,1304,48,40,03-Diabetes-Friendly-Weight-Loss/1300-kcal/1300-kcal-Vegan-Diabetes-Friendly-Weight-Loss-Option-13.pdf
Diabetes-Friendly Weight Loss,1300,Vegan,14,1295,52,45,03-Diabetes-Friendly-Weight-Loss/1300-kcal/1300-kcal-Vegan-Diabetes-Friendly-Weight-Loss-Option-14.pdf
Diabetes-Friendly Weight Loss,1300,Vegan,15,1294,46,42,03-Diabetes-Friendly-Weight-Loss/1300-kcal/1300-kcal-Vegan-Diabetes-Friendly-Weight-Loss-Option-15.pdf
Diabetes-Friendly Weight Loss,1300,Vegan,16,1293,50,44,03-Diabetes-Friendly-Weight-Loss/1300-kcal/1300-kcal-Vegan-Diabetes-Friendly-Weight-Loss-Option-16.pdf
Diabetes-Friendly Weight Loss,1300,Vegan,17,1299,51,41,03-Diabetes-Friendly-Weight-Loss/1300-kcal/1300-kcal-Vegan-Diabetes-Friendly-Weight-Loss-Option-17.pdf
Diabetes-Friendly Weight Loss,1300,Vegan,18,1289,48,40,03-Diabetes-Friendly-Weight-Loss/1300-kcal/1300-kcal-Vegan-Diabetes-Friendly-Weight-Loss-Option-18.pdf
Diabetes-Friendly Weight Loss,1300,Vegan,19,1303,52,40,03-Diabetes-Friendly-Weight-Loss/1300-kcal/1300-kcal-Vegan-Diabetes-Friendly-Weight-Loss-Option-19.pdf
Diabetes-Friendly Weight Loss,1300,Vegan,20,1295,51,43,03-Diabetes-Friendly-Weight-Loss/1300-kcal/1300-kcal-Vegan-Diabetes-Friendly-Weight-Loss-Option-20.pdf
Diabetes-Friendly Weight Loss,1300,Vegan,21,1299,53,45,03-Diabetes-Friendly-Weight-Loss/1300-kcal/1300-kcal-Vegan-Diabetes-Friendly-Weight-Loss-Option-21.pdf
Diabetes-Friendly Weight Loss,1300,Vegan,22,1303,47,41,03-Diabetes-Friendly-Weight-Loss/1300-kcal/1300-kcal-Vegan-Diabetes-Friendly-Weight-Loss-Option-22.pdf
Diabetes-Friendly Weight Loss,1300,Vegan,23,1313,50,40,03-Diabetes-Friendly-Weight-Loss/1300-kcal/1300-kcal-Vegan-Diabetes-Friendly-Weight-Loss-Option-23.pdf
Diabetes-Friendly Weight Loss,1300,Vegan,24,1289,49,40,03-Diabetes-Friendly-Weight-Loss/1300-kcal/1300-kcal-Vegan-Diabetes-Friendly-Weight-Loss-Option-24.pdf
Diabetes-Friendly Weight Loss,1300,Vegan,25,1293,48,42,03-Diabetes-Friendly-Weight-Loss/1300-kcal/1300-kcal-Vegan-Diabetes-Friendly-Weight-Loss-Option-25.pdf
Diabetes-Friendly Weight Loss,1300,Vegan,26,1306,48,43,03-Diabetes-Friendly-Weight-Loss/1300-kcal/1300-kcal-Vegan-Diabetes-Friendly-Weight-Loss-Option-26.pdf
Diabetes-Friendly Weight Loss,1300,Vegan,27,1285,47,40,03-Diabetes-Friendly-Weight-Loss/1300-kcal/1300-kcal-Vegan-Diabetes-Friendly-Weight-Loss-Option-27.pdf
Diabetes-Friendly Weight Loss,1300,Vegan,28,1311,51,45,03-Diabetes-Friendly-Weight-Loss/1300-kcal/1300-kcal-Vegan-Diabetes-Friendly-Weight-Loss-Option-28.pdf
Diabetes-Friendly Weight Loss,1300,Vegan,29,1287,48,39,03-Diabetes-Friendly-Weight-Loss/1300-kcal/1300-kcal-Vegan-Diabetes-Friendly-Weight-Loss-Option-29.pdf
Diabetes-Friendly Weight Loss,1300,Vegan,30,1295,48,41,03-Diabetes-Friendly-Weight-Loss/1300-kcal/1300-kcal-Vegan-Diabetes-Friendly-Weight-Loss-Option-30.pdf
Diabetes-Friendly Weight Loss,1300,Eggetarian,1,1303,53,42,03-Diabetes-Friendly-Weight-Loss/1300-kcal/1300-kcal-Eggetarian-Diabetes-Friendly-Weight-Loss-Option-01.pdf
Diabetes-Friendly Weight Loss,1300,Eggetarian,2,1298,55,46,03-Diabetes-Friendly-Weight-Loss/1300-kcal/1300-kcal-Eggetarian-Diabetes-Friendly-Weight-Loss-Option-02.pdf
Diabetes-Friendly Weight Loss,1300,Eggetarian,3,1296,62,54,03-Diabetes-Friendly-Weight-Loss/1300-kcal/1300-kcal-Eggetarian-Diabetes-Friendly-Weight-Loss-Option-03.pdf
Diabetes-Friendly Weight Loss,1300,Eggetarian,4,1297,57,45,03-Diabetes-Friendly-Weight-Loss/1300-kcal/1300-kcal-Eggetarian-Diabetes-Friendly-Weight-Loss-Option-04.pdf
Diabetes-Friendly Weight Loss,1300,Eggetarian,5,1290,53,39,03-Diabetes-Friendly-Weight-Loss/1300-kcal/1300-kcal-Eggetarian-Diabetes-Friendly-Weight-Loss-Option-05.pdf
Diabetes-Friendly Weight Loss,1300,Eggetarian,6,1292,52,41,03-Diabetes-Friendly-Weight-Loss/1300-kcal/1300-kcal-Eggetarian-Diabetes-Friendly-Weight-Loss-Option-06.pdf
Diabetes-Friendly Weight Loss,1300,Eggetarian,7,1284,53,41,03-Diabetes-Friendly-Weight-Loss/1300-kcal/1300-kcal-Eggetarian-Diabetes-Friendly-Weight-Loss-Option-07.pdf
Diabetes-Friendly Weight Loss,1300,Eggetarian,8,1300,58,43,03-Diabetes-Friendly-Weight-Loss/1300-kcal/1300-kcal-Eggetarian-Diabetes-Friendly-Weight-Loss-Option-08.pdf
Diabetes-Friendly Weight Loss,1300,Eggetarian,9,1290,54,47,03-Diabetes-Friendly-Weight-Loss/1300-kcal/1300-kcal-Eggetarian-Diabetes-Friendly-Weight-Loss-Option-09.pdf
Diabetes-Friendly Weight Loss,1300,Eggetarian,10,1302,56,51,03-Diabetes-Friendly-Weight-Loss/1300-kcal/1300-kcal-Eggetarian-Diabetes-Friendly-Weight-Loss-Option-10.pdf
Diabetes-Friendly Weight Loss,1300,Eggetarian,11,1293,54,40,03-Diabetes-Friendly-Weight-Loss/1300-kcal/1300-kcal-Eggetarian-Diabetes-Friendly-Weight-Loss-Option-11.pdf
Diabetes-Friendly Weight Loss,1300,Eggetarian,12,1299,57,48,03-Diabetes-Friendly-Weight-Loss/1300-kcal/1300-kcal-Eggetarian-Diabetes-Friendly-Weight-Loss-Option-12.pdf
Diabetes-Friendly Weight Loss,1300,Eggetarian,13,1287,55,42,03-Diabetes-Friendly-Weight-Loss/1300-kcal/1300-kcal-Eggetarian-Diabetes-Friendly-Weight-Loss-Option-13.pdf
Diabetes-Friendly Weight Loss,1300,Eggetarian,14,1302,55,47,03-Diabetes-Friendly-Weight-Loss/1300-kcal/1300-kcal-Eggetarian-Diabetes-Friendly-Weight-Loss-Option-14.pdf
Diabetes-Friendly Weight Loss,1300,Eggetarian,15,1296,60,49,03-Diabetes-Friendly-Weight-Loss/1300-kcal/1300-kcal-Eggetarian-Diabetes-Friendly-Weight-Loss-Option-15.pdf
Diabetes-Friendly Weight Loss,1300,Eggetarian,16,1292,55,41,03-Diabetes-Friendly-Weight-Loss/1300-kcal/1300-kcal-Eggetarian-Diabetes-Friendly-Weight-Loss-Option-16.pdf
Diabetes-Friendly Weight Loss,1300,Eggetarian,17,1291,57,43,03-Diabetes-Friendly-Weight-Loss/1300-kcal/1300-kcal-Eggetarian-Diabetes-Friendly-Weight-Loss-Option-17.pdf
Diabetes-Friendly Weight Loss,1300,Eggetarian,18,1301,56,45,03-Diabetes-Friendly-Weight-Loss/1300-kcal/1300-kcal-Eggetarian-Diabetes-Friendly-Weight-Loss-Option-18.pdf
Diabetes-Friendly Weight Loss,1300,Eggetarian,19,1302,57,42,03-Diabetes-Friendly-Weight-Loss/1300-kcal/1300-kcal-Eggetarian-Diabetes-Friendly-Weight-Loss-Option-19.pdf
Diabetes-Friendly Weight Loss,1300,Eggetarian,20,1287,55,40,03-Diabetes-Friendly-Weight-Loss/1300-kcal/1300-kcal-Eggetarian-Diabetes-Friendly-Weight-Loss-Option-20.pdf
Diabetes-Friendly Weight Loss,1300,Eggetarian,21,1301,55,40,03-Diabetes-Friendly-Weight-Loss/1300-kcal/1300-kcal-Eggetarian-Diabetes-Friendly-Weight-Loss-Option-21.pdf
Diabetes-Friendly Weight Loss,1300,Eggetarian,22,1297,55,46,03-Diabetes-Friendly-Weight-Loss/1300-kcal/1300-kcal-Eggetarian-Diabetes-Friendly-Weight-Loss-Option-22.pdf
Diabetes-Friendly Weight Loss,1300,Eggetarian,23,1304,56,47,03-Diabetes-Friendly-Weight-Loss/1300-kcal/1300-kcal-Eggetarian-Diabetes-Friendly-Weight-Loss-Option-23.pdf
Diabetes-Friendly Weight Loss,1300,Eggetarian,24,1299,57,48,03-Diabetes-Friendly-Weight-Loss/1300-kcal/1300-kcal-Eggetarian-Diabetes-Friendly-Weight-Loss-Option-24.pdf
Diabetes-Friendly Weight Loss,1300,Eggetarian,25,1297,56,46,03-Diabetes-Friendly-Weight-Loss/1300-kcal/1300-kcal-Eggetarian-Diabetes-Friendly-Weight-Loss-Option-25.pdf
Diabetes-Friendly Weight Loss,1300,Eggetarian,26,1294,56,41,03-Diabetes-Friendly-Weight-Loss/1300-kcal/1300-kcal-Eggetarian-Diabetes-Friendly-Weight-Loss-Option-26.pdf
Diabetes-Friendly Weight Loss,1300,Eggetarian,27,1298,56,48,03-Diabetes-Friendly-Weight-Loss/1300-kcal/1300-kcal-Eggetarian-Diabetes-Friendly-Weight-Loss-Option-27.pdf
Diabetes-Friendly Weight Loss,1300,Eggetarian,28,1297,55,50,03-Diabetes-Friendly-Weight-Loss/1300-kcal/1300-kcal-Eggetarian-Diabetes-Friendly-Weight-Loss-Option-28.pdf
Diabetes-Friendly Weight Loss,1300,Eggetarian,29,1297,57,44,03-Diabetes-Friendly-Weight-Loss/1300-kcal/1300-kcal-Eggetarian-Diabetes-Friendly-Weight-Loss-Option-29.pdf
Diabetes-Friendly Weight Loss,1300,Eggetarian,30,1296,56,49,03-Diabetes-Friendly-Weight-Loss/1300-kcal/1300-kcal-Eggetarian-Diabetes-Friendly-Weight-Loss-Option-30.pdf
Diabetes-Friendly Weight Loss,1300,Non-Vegetarian,1,1308,64,49,03-Diabetes-Friendly-Weight-Loss/1300-kcal/1300-kcal-Non-Vegetarian-Diabetes-Friendly-Weight-Loss-Option-01.pdf
Diabetes-Friendly Weight Loss,1300,Non-Vegetarian,2,1290,66,56,03-Diabetes-Friendly-Weight-Loss/1300-kcal/1300-kcal-Non-Vegetarian-Diabetes-Friendly-Weight-Loss-Option-02.pdf
Diabetes-Friendly Weight Loss,1300,Non-Vegetarian,3,1303,61,49,03-Diabetes-Friendly-Weight-Loss/1300-kcal/1300-kcal-Non-Vegetarian-Diabetes-Friendly-Weight-Loss-Option-03.pdf
Diabetes-Friendly Weight Loss,1300,Non-Vegetarian,4,1289,69,54,03-Diabetes-Friendly-Weight-Loss/1300-kcal/1300-kcal-Non-Vegetarian-Diabetes-Friendly-Weight-Loss-Option-04.pdf
Diabetes-Friendly Weight Loss,1300,Non-Vegetarian,5,1294,58,50,03-Diabetes-Friendly-Weight-Loss/1300-kcal/1300-kcal-Non-Vegetarian-Diabetes-Friendly-Weight-Loss-Option-05.pdf
Diabetes-Friendly Weight Loss,1300,Non-Vegetarian,6,1308,70,58,03-Diabetes-Friendly-Weight-Loss/1300-kcal/1300-kcal-Non-Vegetarian-Diabetes-Friendly-Weight-Loss-Option-06.pdf
Diabetes-Friendly Weight Loss,1300,Non-Vegetarian,7,1310,63,54,03-Diabetes-Friendly-Weight-Loss/1300-kcal/1300-kcal-Non-Vegetarian-Diabetes-Friendly-Weight-Loss-Option-07.pdf
Diabetes-Friendly Weight Loss,1300,Non-Vegetarian,8,1302,61,51,03-Diabetes-Friendly-Weight-Loss/1300-kcal/1300-kcal-Non-Vegetarian-Diabetes-Friendly-Weight-Loss-Option-08.pdf
Diabetes-Friendly Weight Loss,1300,Non-Vegetarian,9,1299,64,53,03-Diabetes-Friendly-Weight-Loss/1300-kcal/1300-kcal-Non-Vegetarian-Diabetes-Friendly-Weight-Loss-Option-09.pdf
Diabetes-Friendly Weight Loss,1300,Non-Vegetarian,10,1296,61,49,03-Diabetes-Friendly-Weight-Loss/1300-kcal/1300-kcal-Non-Vegetarian-Diabetes-Friendly-Weight-Loss-Option-10.pdf
Diabetes-Friendly Weight Loss,1300,Non-Vegetarian,11,1302,61,46,03-Diabetes-Friendly-Weight-Loss/1300-kcal/1300-kcal-Non-Vegetarian-Diabetes-Friendly-Weight-Loss-Option-11.pdf
Diabetes-Friendly Weight Loss,1300,Non-Vegetarian,12,1305,68,56,03-Diabetes-Friendly-Weight-Loss/1300-kcal/1300-kcal-Non-Vegetarian-Diabetes-Friendly-Weight-Loss-Option-12.pdf
Diabetes-Friendly Weight Loss,1300,Non-Vegetarian,13,1310,61,50,03-Diabetes-Friendly-Weight-Loss/1300-kcal/1300-kcal-Non-Vegetarian-Diabetes-Friendly-Weight-Loss-Option-13.pdf
Diabetes-Friendly Weight Loss,1300,Non-Vegetarian,14,1301,72,50,03-Diabetes-Friendly-Weight-Loss/1300-kcal/1300-kcal-Non-Vegetarian-Diabetes-Friendly-Weight-Loss-Option-14.pdf
Diabetes-Friendly Weight Loss,1300,Non-Vegetarian,15,1307,69,47,03-Diabetes-Friendly-Weight-Loss/1300-kcal/1300-kcal-Non-Vegetarian-Diabetes-Friendly-Weight-Loss-Option-15.pdf
Diabetes-Friendly Weight Loss,1300,Non-Vegetarian,16,1301,67,56,03-Diabetes-Friendly-Weight-Loss/1300-kcal/1300-kcal-Non-Vegetarian-Diabetes-Friendly-Weight-Loss-Option-16.pdf
Diabetes-Friendly Weight Loss,1300,Non-Vegetarian,17,1306,65,53,03-Diabetes-Friendly-Weight-Loss/1300-kcal/1300-kcal-Non-Vegetarian-Diabetes-Friendly-Weight-Loss-Option-17.pdf
Diabetes-Friendly Weight Loss,1300,Non-Vegetarian,18,1308,66,56,03-Diabetes-Friendly-Weight-Loss/1300-kcal/1300-kcal-Non-Vegetarian-Diabetes-Friendly-Weight-Loss-Option-18.pdf
Diabetes-Friendly Weight Loss,1300,Non-Vegetarian,19,1296,62,49,03-Diabetes-Friendly-Weight-Loss/1300-kcal/1300-kcal-Non-Vegetarian-Diabetes-Friendly-Weight-Loss-Option-19.pdf
Diabetes-Friendly Weight Loss,1300,Non-Vegetarian,20,1295,64,57,03-Diabetes-Friendly-Weight-Loss/1300-kcal/1300-kcal-Non-Vegetarian-Diabetes-Friendly-Weight-Loss-Option-20.pdf
Diabetes-Friendly Weight Loss,1300,Non-Vegetarian,21,1308,69,58,03-Diabetes-Friendly-Weight-Loss/1300-kcal/1300-kcal-Non-Vegetarian-Diabetes-Friendly-Weight-Loss-Option-21.pdf
Diabetes-Friendly Weight Loss,1300,Non-Vegetarian,22,1302,65,44,03-Diabetes-Friendly-Weight-Loss/1300-kcal/1300-kcal-Non-Vegetarian-Diabetes-Friendly-Weight-Loss-Option-22.pdf
Diabetes-Friendly Weight Loss,1300,Non-Vegetarian,23,1297,65,46,03-Diabetes-Friendly-Weight-Loss/1300-kcal/1300-kcal-Non-Vegetarian-Diabetes-Friendly-Weight-Loss-Option-23.pdf
Diabetes-Friendly Weight Loss,1300,Non-Vegetarian,24,1302,67,55,03-Diabetes-Friendly-Weight-Loss/1300-kcal/1300-kcal-Non-Vegetarian-Diabetes-Friendly-Weight-Loss-Option-24.pdf
Diabetes-Friendly Weight Loss,1300,Non-Vegetarian,25,1303,60,52,03-Diabetes-Friendly-Weight-Loss/1300-kcal/1300-kcal-Non-Vegetarian-Diabetes-Friendly-Weight-Loss-Option-25.pdf
Diabetes-Friendly Weight Loss,1300,Non-Vegetarian,26,1305,67,56,03-Diabetes-Friendly-Weight-Loss/1300-kcal/1300-kcal-Non-Vegetarian-Diabetes-Friendly-Weight-Loss-Option-26.pdf
Diabetes-Friendly Weight Loss,1300,Non-Vegetarian,27,1302,71,53,03-Diabetes-Friendly-Weight-Loss/1300-kcal/1300-kcal-Non-Vegetarian-Diabetes-Friendly-Weight-Loss-Option-27.pdf
Diabetes-Friendly Weight Loss,1300,Non-Vegetarian,28,1299,70,59,03-Diabetes-Friendly-Weight-Loss/1300-kcal/1300-kcal-Non-Vegetarian-Diabetes-Friendly-Weight-Loss-Option-28.pdf
Diabetes-Friendly Weight Loss,1300,Non-Vegetarian,29,1305,67,52,03-Diabetes-Friendly-Weight-Loss/1300-kcal/1300-kcal-Non-Vegetarian-Diabetes-Friendly-Weight-Loss-Option-29.pdf
Diabetes-Friendly Weight Loss,1300,Non-Vegetarian,30,1302,63,49,03-Diabetes-Friendly-Weight-Loss/1300-kcal/1300-kcal-Non-Vegetarian-Diabetes-Friendly-Weight-Loss-Option-30.pdf
Diabetes-Friendly Weight Loss,1400,Vegetarian,1,1390,51,46,03-Diabetes-Friendly-Weight-Loss/1400-kcal/1400-kcal-Vegetarian-Diabetes-Friendly-Weight-Loss-Option-01.pdf
Diabetes-Friendly Weight Loss,1400,Vegetarian,2,1396,54,48,03-Diabetes-Friendly-Weight-Loss/1400-kcal/1400-kcal-Vegetarian-Diabetes-Friendly-Weight-Loss-Option-02.pdf
Diabetes-Friendly Weight Loss,1400,Vegetarian,3,1400,52,48,03-Diabetes-Friendly-Weight-Loss/1400-kcal/1400-kcal-Vegetarian-Diabetes-Friendly-Weight-Loss-Option-03.pdf
Diabetes-Friendly Weight Loss,1400,Vegetarian,4,1396,49,43,03-Diabetes-Friendly-Weight-Loss/1400-kcal/1400-kcal-Vegetarian-Diabetes-Friendly-Weight-Loss-Option-04.pdf
Diabetes-Friendly Weight Loss,1400,Vegetarian,5,1395,52,41,03-Diabetes-Friendly-Weight-Loss/1400-kcal/1400-kcal-Vegetarian-Diabetes-Friendly-Weight-Loss-Option-05.pdf
Diabetes-Friendly Weight Loss,1400,Vegetarian,6,1398,53,40,03-Diabetes-Friendly-Weight-Loss/1400-kcal/1400-kcal-Vegetarian-Diabetes-Friendly-Weight-Loss-Option-06.pdf
Diabetes-Friendly Weight Loss,1400,Vegetarian,7,1412,56,47,03-Diabetes-Friendly-Weight-Loss/1400-kcal/1400-kcal-Vegetarian-Diabetes-Friendly-Weight-Loss-Option-07.pdf
Diabetes-Friendly Weight Loss,1400,Vegetarian,8,1411,53,45,03-Diabetes-Friendly-Weight-Loss/1400-kcal/1400-kcal-Vegetarian-Diabetes-Friendly-Weight-Loss-Option-08.pdf
Diabetes-Friendly Weight Loss,1400,Vegetarian,9,1406,55,47,03-Diabetes-Friendly-Weight-Loss/1400-kcal/1400-kcal-Vegetarian-Diabetes-Friendly-Weight-Loss-Option-09.pdf
Diabetes-Friendly Weight Loss,1400,Vegetarian,10,1398,53,49,03-Diabetes-Friendly-Weight-Loss/1400-kcal/1400-kcal-Vegetarian-Diabetes-Friendly-Weight-Loss-Option-10.pdf
Diabetes-Friendly Weight Loss,1400,Vegetarian,11,1406,54,49,03-Diabetes-Friendly-Weight-Loss/1400-kcal/1400-kcal-Vegetarian-Diabetes-Friendly-Weight-Loss-Option-11.pdf
Diabetes-Friendly Weight Loss,1400,Vegetarian,12,1401,54,49,03-Diabetes-Friendly-Weight-Loss/1400-kcal/1400-kcal-Vegetarian-Diabetes-Friendly-Weight-Loss-Option-12.pdf
Diabetes-Friendly Weight Loss,1400,Vegetarian,13,1418,52,44,03-Diabetes-Friendly-Weight-Loss/1400-kcal/1400-kcal-Vegetarian-Diabetes-Friendly-Weight-Loss-Option-13.pdf
Diabetes-Friendly Weight Loss,1400,Vegetarian,14,1401,54,45,03-Diabetes-Friendly-Weight-Loss/1400-kcal/1400-kcal-Vegetarian-Diabetes-Friendly-Weight-Loss-Option-14.pdf
Diabetes-Friendly Weight Loss,1400,Vegetarian,15,1399,52,44,03-Diabetes-Friendly-Weight-Loss/1400-kcal/1400-kcal-Vegetarian-Diabetes-Friendly-Weight-Loss-Option-15.pdf
Diabetes-Friendly Weight Loss,1400,Vegetarian,16,1397,50,45,03-Diabetes-Friendly-Weight-Loss/1400-kcal/1400-kcal-Vegetarian-Diabetes-Friendly-Weight-Loss-Option-16.pdf
Diabetes-Friendly Weight Loss,1400,Vegetarian,17,1388,54,42,03-Diabetes-Friendly-Weight-Loss/1400-kcal/1400-kcal-Vegetarian-Diabetes-Friendly-Weight-Loss-Option-17.pdf
Diabetes-Friendly Weight Loss,1400,Vegetarian,18,1401,58,49,03-Diabetes-Friendly-Weight-Loss/1400-kcal/1400-kcal-Vegetarian-Diabetes-Friendly-Weight-Loss-Option-18.pdf
Diabetes-Friendly Weight Loss,1400,Vegetarian,19,1393,50,47,03-Diabetes-Friendly-Weight-Loss/1400-kcal/1400-kcal-Vegetarian-Diabetes-Friendly-Weight-Loss-Option-19.pdf
Diabetes-Friendly Weight Loss,1400,Vegetarian,20,1407,56,41,03-Diabetes-Friendly-Weight-Loss/1400-kcal/1400-kcal-Vegetarian-Diabetes-Friendly-Weight-Loss-Option-20.pdf
Diabetes-Friendly Weight Loss,1400,Vegetarian,21,1402,56,47,03-Diabetes-Friendly-Weight-Loss/1400-kcal/1400-kcal-Vegetarian-Diabetes-Friendly-Weight-Loss-Option-21.pdf
Diabetes-Friendly Weight Loss,1400,Vegetarian,22,1406,53,48,03-Diabetes-Friendly-Weight-Loss/1400-kcal/1400-kcal-Vegetarian-Diabetes-Friendly-Weight-Loss-Option-22.pdf
Diabetes-Friendly Weight Loss,1400,Vegetarian,23,1390,52,41,03-Diabetes-Friendly-Weight-Loss/1400-kcal/1400-kcal-Vegetarian-Diabetes-Friendly-Weight-Loss-Option-23.pdf
Diabetes-Friendly Weight Loss,1400,Vegetarian,24,1404,53,44,03-Diabetes-Friendly-Weight-Loss/1400-kcal/1400-kcal-Vegetarian-Diabetes-Friendly-Weight-Loss-Option-24.pdf
Diabetes-Friendly Weight Loss,1400,Vegetarian,25,1401,49,46,03-Diabetes-Friendly-Weight-Loss/1400-kcal/1400-kcal-Vegetarian-Diabetes-Friendly-Weight-Loss-Option-25.pdf
Diabetes-Friendly Weight Loss,1400,Vegetarian,26,1389,52,48,03-Diabetes-Friendly-Weight-Loss/1400-kcal/1400-kcal-Vegetarian-Diabetes-Friendly-Weight-Loss-Option-26.pdf
Diabetes-Friendly Weight Loss,1400,Vegetarian,27,1406,54,47,03-Diabetes-Friendly-Weight-Loss/1400-kcal/1400-kcal-Vegetarian-Diabetes-Friendly-Weight-Loss-Option-27.pdf
Diabetes-Friendly Weight Loss,1400,Vegetarian,28,1395,51,43,03-Diabetes-Friendly-Weight-Loss/1400-kcal/1400-kcal-Vegetarian-Diabetes-Friendly-Weight-Loss-Option-28.pdf
Diabetes-Friendly Weight Loss,1400,Vegetarian,29,1390,52,45,03-Diabetes-Friendly-Weight-Loss/1400-kcal/1400-kcal-Vegetarian-Diabetes-Friendly-Weight-Loss-Option-29.pdf
Diabetes-Friendly Weight Loss,1400,Vegetarian,30,1396,54,47,03-Diabetes-Friendly-Weight-Loss/1400-kcal/1400-kcal-Vegetarian-Diabetes-Friendly-Weight-Loss-Option-30.pdf
Diabetes-Friendly Weight Loss,1400,Vegan,1,1391,53,48,03-Diabetes-Friendly-Weight-Loss/1400-kcal/1400-kcal-Vegan-Diabetes-Friendly-Weight-Loss-Option-01.pdf
Diabetes-Friendly Weight Loss,1400,Vegan,2,1393,53,46,03-Diabetes-Friendly-Weight-Loss/1400-kcal/1400-kcal-Vegan-Diabetes-Friendly-Weight-Loss-Option-02.pdf
Diabetes-Friendly Weight Loss,1400,Vegan,3,1410,56,50,03-Diabetes-Friendly-Weight-Loss/1400-kcal/1400-kcal-Vegan-Diabetes-Friendly-Weight-Loss-Option-03.pdf
Diabetes-Friendly Weight Loss,1400,Vegan,4,1387,54,48,03-Diabetes-Friendly-Weight-Loss/1400-kcal/1400-kcal-Vegan-Diabetes-Friendly-Weight-Loss-Option-04.pdf
Diabetes-Friendly Weight Loss,1400,Vegan,5,1401,54,43,03-Diabetes-Friendly-Weight-Loss/1400-kcal/1400-kcal-Vegan-Diabetes-Friendly-Weight-Loss-Option-05.pdf
Diabetes-Friendly Weight Loss,1400,Vegan,6,1390,51,48,03-Diabetes-Friendly-Weight-Loss/1400-kcal/1400-kcal-Vegan-Diabetes-Friendly-Weight-Loss-Option-06.pdf
Diabetes-Friendly Weight Loss,1400,Vegan,7,1387,49,46,03-Diabetes-Friendly-Weight-Loss/1400-kcal/1400-kcal-Vegan-Diabetes-Friendly-Weight-Loss-Option-07.pdf
Diabetes-Friendly Weight Loss,1400,Vegan,8,1399,55,49,03-Diabetes-Friendly-Weight-Loss/1400-kcal/1400-kcal-Vegan-Diabetes-Friendly-Weight-Loss-Option-08.pdf
Diabetes-Friendly Weight Loss,1400,Vegan,9,1389,53,46,03-Diabetes-Friendly-Weight-Loss/1400-kcal/1400-kcal-Vegan-Diabetes-Friendly-Weight-Loss-Option-09.pdf
Diabetes-Friendly Weight Loss,1400,Vegan,10,1393,54,43,03-Diabetes-Friendly-Weight-Loss/1400-kcal/1400-kcal-Vegan-Diabetes-Friendly-Weight-Loss-Option-10.pdf
Diabetes-Friendly Weight Loss,1400,Vegan,11,1395,56,51,03-Diabetes-Friendly-Weight-Loss/1400-kcal/1400-kcal-Vegan-Diabetes-Friendly-Weight-Loss-Option-11.pdf
Diabetes-Friendly Weight Loss,1400,Vegan,12,1390,49,43,03-Diabetes-Friendly-Weight-Loss/1400-kcal/1400-kcal-Vegan-Diabetes-Friendly-Weight-Loss-Option-12.pdf
Diabetes-Friendly Weight Loss,1400,Vegan,13,1402,56,46,03-Diabetes-Friendly-Weight-Loss/1400-kcal/1400-kcal-Vegan-Diabetes-Friendly-Weight-Loss-Option-13.pdf
Diabetes-Friendly Weight Loss,1400,Vegan,14,1402,52,44,03-Diabetes-Friendly-Weight-Loss/1400-kcal/1400-kcal-Vegan-Diabetes-Friendly-Weight-Loss-Option-14.pdf
Diabetes-Friendly Weight Loss,1400,Vegan,15,1395,50,44,03-Diabetes-Friendly-Weight-Loss/1400-kcal/1400-kcal-Vegan-Diabetes-Friendly-Weight-Loss-Option-15.pdf
Diabetes-Friendly Weight Loss,1400,Vegan,16,1406,57,47,03-Diabetes-Friendly-Weight-Loss/1400-kcal/1400-kcal-Vegan-Diabetes-Friendly-Weight-Loss-Option-16.pdf
Diabetes-Friendly Weight Loss,1400,Vegan,17,1390,50,44,03-Diabetes-Friendly-Weight-Loss/1400-kcal/1400-kcal-Vegan-Diabetes-Friendly-Weight-Loss-Option-17.pdf
Diabetes-Friendly Weight Loss,1400,Vegan,18,1394,52,46,03-Diabetes-Friendly-Weight-Loss/1400-kcal/1400-kcal-Vegan-Diabetes-Friendly-Weight-Loss-Option-18.pdf
Diabetes-Friendly Weight Loss,1400,Vegan,19,1390,52,41,03-Diabetes-Friendly-Weight-Loss/1400-kcal/1400-kcal-Vegan-Diabetes-Friendly-Weight-Loss-Option-19.pdf
Diabetes-Friendly Weight Loss,1400,Vegan,20,1392,53,49,03-Diabetes-Friendly-Weight-Loss/1400-kcal/1400-kcal-Vegan-Diabetes-Friendly-Weight-Loss-Option-20.pdf
Diabetes-Friendly Weight Loss,1400,Vegan,21,1409,55,50,03-Diabetes-Friendly-Weight-Loss/1400-kcal/1400-kcal-Vegan-Diabetes-Friendly-Weight-Loss-Option-21.pdf
Diabetes-Friendly Weight Loss,1400,Vegan,22,1397,51,46,03-Diabetes-Friendly-Weight-Loss/1400-kcal/1400-kcal-Vegan-Diabetes-Friendly-Weight-Loss-Option-22.pdf
Diabetes-Friendly Weight Loss,1400,Vegan,23,1401,52,43,03-Diabetes-Friendly-Weight-Loss/1400-kcal/1400-kcal-Vegan-Diabetes-Friendly-Weight-Loss-Option-23.pdf
Diabetes-Friendly Weight Loss,1400,Vegan,24,1394,55,51,03-Diabetes-Friendly-Weight-Loss/1400-kcal/1400-kcal-Vegan-Diabetes-Friendly-Weight-Loss-Option-24.pdf
Diabetes-Friendly Weight Loss,1400,Vegan,25,1395,54,45,03-Diabetes-Friendly-Weight-Loss/1400-kcal/1400-kcal-Vegan-Diabetes-Friendly-Weight-Loss-Option-25.pdf
Diabetes-Friendly Weight Loss,1400,Vegan,26,1403,53,48,03-Diabetes-Friendly-Weight-Loss/1400-kcal/1400-kcal-Vegan-Diabetes-Friendly-Weight-Loss-Option-26.pdf
Diabetes-Friendly Weight Loss,1400,Vegan,27,1387,52,45,03-Diabetes-Friendly-Weight-Loss/1400-kcal/1400-kcal-Vegan-Diabetes-Friendly-Weight-Loss-Option-27.pdf
Diabetes-Friendly Weight Loss,1400,Vegan,28,1401,52,48,03-Diabetes-Friendly-Weight-Loss/1400-kcal/1400-kcal-Vegan-Diabetes-Friendly-Weight-Loss-Option-28.pdf
Diabetes-Friendly Weight Loss,1400,Vegan,29,1397,50,47,03-Diabetes-Friendly-Weight-Loss/1400-kcal/1400-kcal-Vegan-Diabetes-Friendly-Weight-Loss-Option-29.pdf
Diabetes-Friendly Weight Loss,1400,Vegan,30,1388,51,47,03-Diabetes-Friendly-Weight-Loss/1400-kcal/1400-kcal-Vegan-Diabetes-Friendly-Weight-Loss-Option-30.pdf
Diabetes-Friendly Weight Loss,1400,Eggetarian,1,1394,63,51,03-Diabetes-Friendly-Weight-Loss/1400-kcal/1400-kcal-Eggetarian-Diabetes-Friendly-Weight-Loss-Option-01.pdf
Diabetes-Friendly Weight Loss,1400,Eggetarian,2,1396,57,42,03-Diabetes-Friendly-Weight-Loss/1400-kcal/1400-kcal-Eggetarian-Diabetes-Friendly-Weight-Loss-Option-02.pdf
Diabetes-Friendly Weight Loss,1400,Eggetarian,3,1406,66,56,03-Diabetes-Friendly-Weight-Loss/1400-kcal/1400-kcal-Eggetarian-Diabetes-Friendly-Weight-Loss-Option-03.pdf
Diabetes-Friendly Weight Loss,1400,Eggetarian,4,1396,60,45,03-Diabetes-Friendly-Weight-Loss/1400-kcal/1400-kcal-Eggetarian-Diabetes-Friendly-Weight-Loss-Option-04.pdf
Diabetes-Friendly Weight Loss,1400,Eggetarian,5,1406,63,54,03-Diabetes-Friendly-Weight-Loss/1400-kcal/1400-kcal-Eggetarian-Diabetes-Friendly-Weight-Loss-Option-05.pdf
Diabetes-Friendly Weight Loss,1400,Eggetarian,6,1400,63,51,03-Diabetes-Friendly-Weight-Loss/1400-kcal/1400-kcal-Eggetarian-Diabetes-Friendly-Weight-Loss-Option-06.pdf
Diabetes-Friendly Weight Loss,1400,Eggetarian,7,1387,59,47,03-Diabetes-Friendly-Weight-Loss/1400-kcal/1400-kcal-Eggetarian-Diabetes-Friendly-Weight-Loss-Option-07.pdf
Diabetes-Friendly Weight Loss,1400,Eggetarian,8,1401,58,48,03-Diabetes-Friendly-Weight-Loss/1400-kcal/1400-kcal-Eggetarian-Diabetes-Friendly-Weight-Loss-Option-08.pdf
Diabetes-Friendly Weight Loss,1400,Eggetarian,9,1397,64,51,03-Diabetes-Friendly-Weight-Loss/1400-kcal/1400-kcal-Eggetarian-Diabetes-Friendly-Weight-Loss-Option-09.pdf
Diabetes-Friendly Weight Loss,1400,Eggetarian,10,1392,58,46,03-Diabetes-Friendly-Weight-Loss/1400-kcal/1400-kcal-Eggetarian-Diabetes-Friendly-Weight-Loss-Option-10.pdf
Diabetes-Friendly Weight Loss,1400,Eggetarian,11,1398,62,50,03-Diabetes-Friendly-Weight-Loss/1400-kcal/1400-kcal-Eggetarian-Diabetes-Friendly-Weight-Loss-Option-11.pdf
Diabetes-Friendly Weight Loss,1400,Eggetarian,12,1386,58,48,03-Diabetes-Friendly-Weight-Loss/1400-kcal/1400-kcal-Eggetarian-Diabetes-Friendly-Weight-Loss-Option-12.pdf
Diabetes-Friendly Weight Loss,1400,Eggetarian,13,1403,59,49,03-Diabetes-Friendly-Weight-Loss/1400-kcal/1400-kcal-Eggetarian-Diabetes-Friendly-Weight-Loss-Option-13.pdf
Diabetes-Friendly Weight Loss,1400,Eggetarian,14,1390,65,54,03-Diabetes-Friendly-Weight-Loss/1400-kcal/1400-kcal-Eggetarian-Diabetes-Friendly-Weight-Loss-Option-14.pdf
Diabetes-Friendly Weight Loss,1400,Eggetarian,15,1405,61,55,03-Diabetes-Friendly-Weight-Loss/1400-kcal/1400-kcal-Eggetarian-Diabetes-Friendly-Weight-Loss-Option-15.pdf
Diabetes-Friendly Weight Loss,1400,Eggetarian,16,1390,60,52,03-Diabetes-Friendly-Weight-Loss/1400-kcal/1400-kcal-Eggetarian-Diabetes-Friendly-Weight-Loss-Option-16.pdf
Diabetes-Friendly Weight Loss,1400,Eggetarian,17,1401,63,50,03-Diabetes-Friendly-Weight-Loss/1400-kcal/1400-kcal-Eggetarian-Diabetes-Friendly-Weight-Loss-Option-17.pdf
Diabetes-Friendly Weight Loss,1400,Eggetarian,18,1390,61,47,03-Diabetes-Friendly-Weight-Loss/1400-kcal/1400-kcal-Eggetarian-Diabetes-Friendly-Weight-Loss-Option-18.pdf
Diabetes-Friendly Weight Loss,1400,Eggetarian,19,1384,59,50,03-Diabetes-Friendly-Weight-Loss/1400-kcal/1400-kcal-Eggetarian-Diabetes-Friendly-Weight-Loss-Option-19.pdf
Diabetes-Friendly Weight Loss,1400,Eggetarian,20,1401,63,49,03-Diabetes-Friendly-Weight-Loss/1400-kcal/1400-kcal-Eggetarian-Diabetes-Friendly-Weight-Loss-Option-20.pdf
Diabetes-Friendly Weight Loss,1400,Eggetarian,21,1398,61,49,03-Diabetes-Friendly-Weight-Loss/1400-kcal/1400-kcal-Eggetarian-Diabetes-Friendly-Weight-Loss-Option-21.pdf
Diabetes-Friendly Weight Loss,1400,Eggetarian,22,1402,61,46,03-Diabetes-Friendly-Weight-Loss/1400-kcal/1400-kcal-Eggetarian-Diabetes-Friendly-Weight-Loss-Option-22.pdf
Diabetes-Friendly Weight Loss,1400,Eggetarian,23,1400,64,53,03-Diabetes-Friendly-Weight-Loss/1400-kcal/1400-kcal-Eggetarian-Diabetes-Friendly-Weight-Loss-Option-23.pdf
Diabetes-Friendly Weight Loss,1400,Eggetarian,24,1405,61,49,03-Diabetes-Friendly-Weight-Loss/1400-kcal/1400-kcal-Eggetarian-Diabetes-Friendly-Weight-Loss-Option-24.pdf
Diabetes-Friendly Weight Loss,1400,Eggetarian,25,1402,59,50,03-Diabetes-Friendly-Weight-Loss/1400-kcal/1400-kcal-Eggetarian-Diabetes-Friendly-Weight-Loss-Option-25.pdf
Diabetes-Friendly Weight Loss,1400,Eggetarian,26,1407,64,54,03-Diabetes-Friendly-Weight-Loss/1400-kcal/1400-kcal-Eggetarian-Diabetes-Friendly-Weight-Loss-Option-26.pdf
Diabetes-Friendly Weight Loss,1400,Eggetarian,27,1410,66,57,03-Diabetes-Friendly-Weight-Loss/1400-kcal/1400-kcal-Eggetarian-Diabetes-Friendly-Weight-Loss-Option-27.pdf
Diabetes-Friendly Weight Loss,1400,Eggetarian,28,1394,60,49,03-Diabetes-Friendly-Weight-Loss/1400-kcal/1400-kcal-Eggetarian-Diabetes-Friendly-Weight-Loss-Option-28.pdf
Diabetes-Friendly Weight Loss,1400,Eggetarian,29,1401,60,50,03-Diabetes-Friendly-Weight-Loss/1400-kcal/1400-kcal-Eggetarian-Diabetes-Friendly-Weight-Loss-Option-29.pdf
Diabetes-Friendly Weight Loss,1400,Eggetarian,30,1403,64,51,03-Diabetes-Friendly-Weight-Loss/1400-kcal/1400-kcal-Eggetarian-Diabetes-Friendly-Weight-Loss-Option-30.pdf
Diabetes-Friendly Weight Loss,1400,Non-Vegetarian,1,1402,70,46,03-Diabetes-Friendly-Weight-Loss/1400-kcal/1400-kcal-Non-Vegetarian-Diabetes-Friendly-Weight-Loss-Option-01.pdf
Diabetes-Friendly Weight Loss,1400,Non-Vegetarian,2,1399,63,50,03-Diabetes-Friendly-Weight-Loss/1400-kcal/1400-kcal-Non-Vegetarian-Diabetes-Friendly-Weight-Loss-Option-02.pdf
Diabetes-Friendly Weight Loss,1400,Non-Vegetarian,3,1401,71,61,03-Diabetes-Friendly-Weight-Loss/1400-kcal/1400-kcal-Non-Vegetarian-Diabetes-Friendly-Weight-Loss-Option-03.pdf
Diabetes-Friendly Weight Loss,1400,Non-Vegetarian,4,1385,72,56,03-Diabetes-Friendly-Weight-Loss/1400-kcal/1400-kcal-Non-Vegetarian-Diabetes-Friendly-Weight-Loss-Option-04.pdf
Diabetes-Friendly Weight Loss,1400,Non-Vegetarian,5,1392,67,55,03-Diabetes-Friendly-Weight-Loss/1400-kcal/1400-kcal-Non-Vegetarian-Diabetes-Friendly-Weight-Loss-Option-05.pdf
Diabetes-Friendly Weight Loss,1400,Non-Vegetarian,6,1397,63,46,03-Diabetes-Friendly-Weight-Loss/1400-kcal/1400-kcal-Non-Vegetarian-Diabetes-Friendly-Weight-Loss-Option-06.pdf
Diabetes-Friendly Weight Loss,1400,Non-Vegetarian,7,1404,64,51,03-Diabetes-Friendly-Weight-Loss/1400-kcal/1400-kcal-Non-Vegetarian-Diabetes-Friendly-Weight-Loss-Option-07.pdf
Diabetes-Friendly Weight Loss,1400,Non-Vegetarian,8,1418,71,58,03-Diabetes-Friendly-Weight-Loss/1400-kcal/1400-kcal-Non-Vegetarian-Diabetes-Friendly-Weight-Loss-Option-08.pdf
Diabetes-Friendly Weight Loss,1400,Non-Vegetarian,9,1396,67,58,03-Diabetes-Friendly-Weight-Loss/1400-kcal/1400-kcal-Non-Vegetarian-Diabetes-Friendly-Weight-Loss-Option-09.pdf
Diabetes-Friendly Weight Loss,1400,Non-Vegetarian,10,1406,71,48,03-Diabetes-Friendly-Weight-Loss/1400-kcal/1400-kcal-Non-Vegetarian-Diabetes-Friendly-Weight-Loss-Option-10.pdf
Diabetes-Friendly Weight Loss,1400,Non-Vegetarian,11,1390,66,49,03-Diabetes-Friendly-Weight-Loss/1400-kcal/1400-kcal-Non-Vegetarian-Diabetes-Friendly-Weight-Loss-Option-11.pdf
Diabetes-Friendly Weight Loss,1400,Non-Vegetarian,12,1396,67,53,03-Diabetes-Friendly-Weight-Loss/1400-kcal/1400-kcal-Non-Vegetarian-Diabetes-Friendly-Weight-Loss-Option-12.pdf
Diabetes-Friendly Weight Loss,1400,Non-Vegetarian,13,1401,68,54,03-Diabetes-Friendly-Weight-Loss/1400-kcal/1400-kcal-Non-Vegetarian-Diabetes-Friendly-Weight-Loss-Option-13.pdf
Diabetes-Friendly Weight Loss,1400,Non-Vegetarian,14,1408,67,59,03-Diabetes-Friendly-Weight-Loss/1400-kcal/1400-kcal-Non-Vegetarian-Diabetes-Friendly-Weight-Loss-Option-14.pdf
Diabetes-Friendly Weight Loss,1400,Non-Vegetarian,15,1408,66,51,03-Diabetes-Friendly-Weight-Loss/1400-kcal/1400-kcal-Non-Vegetarian-Diabetes-Friendly-Weight-Loss-Option-15.pdf
Diabetes-Friendly Weight Loss,1400,Non-Vegetarian,16,1395,66,53,03-Diabetes-Friendly-Weight-Loss/1400-kcal/1400-kcal-Non-Vegetarian-Diabetes-Friendly-Weight-Loss-Option-16.pdf
Diabetes-Friendly Weight Loss,1400,Non-Vegetarian,17,1409,76,61,03-Diabetes-Friendly-Weight-Loss/1400-kcal/1400-kcal-Non-Vegetarian-Diabetes-Friendly-Weight-Loss-Option-17.pdf
Diabetes-Friendly Weight Loss,1400,Non-Vegetarian,18,1403,68,61,03-Diabetes-Friendly-Weight-Loss/1400-kcal/1400-kcal-Non-Vegetarian-Diabetes-Friendly-Weight-Loss-Option-18.pdf
Diabetes-Friendly Weight Loss,1400,Non-Vegetarian,19,1398,70,58,03-Diabetes-Friendly-Weight-Loss/1400-kcal/1400-kcal-Non-Vegetarian-Diabetes-Friendly-Weight-Loss-Option-19.pdf
Diabetes-Friendly Weight Loss,1400,Non-Vegetarian,20,1398,66,50,03-Diabetes-Friendly-Weight-Loss/1400-kcal/1400-kcal-Non-Vegetarian-Diabetes-Friendly-Weight-Loss-Option-20.pdf
Diabetes-Friendly Weight Loss,1400,Non-Vegetarian,21,1400,70,58,03-Diabetes-Friendly-Weight-Loss/1400-kcal/1400-kcal-Non-Vegetarian-Diabetes-Friendly-Weight-Loss-Option-21.pdf
Diabetes-Friendly Weight Loss,1400,Non-Vegetarian,22,1398,70,55,03-Diabetes-Friendly-Weight-Loss/1400-kcal/1400-kcal-Non-Vegetarian-Diabetes-Friendly-Weight-Loss-Option-22.pdf
Diabetes-Friendly Weight Loss,1400,Non-Vegetarian,23,1392,66,50,03-Diabetes-Friendly-Weight-Loss/1400-kcal/1400-kcal-Non-Vegetarian-Diabetes-Friendly-Weight-Loss-Option-23.pdf
Diabetes-Friendly Weight Loss,1400,Non-Vegetarian,24,1388,77,63,03-Diabetes-Friendly-Weight-Loss/1400-kcal/1400-kcal-Non-Vegetarian-Diabetes-Friendly-Weight-Loss-Option-24.pdf
Diabetes-Friendly Weight Loss,1400,Non-Vegetarian,25,1398,67,54,03-Diabetes-Friendly-Weight-Loss/1400-kcal/1400-kcal-Non-Vegetarian-Diabetes-Friendly-Weight-Loss-Option-25.pdf
Diabetes-Friendly Weight Loss,1400,Non-Vegetarian,26,1390,65,45,03-Diabetes-Friendly-Weight-Loss/1400-kcal/1400-kcal-Non-Vegetarian-Diabetes-Friendly-Weight-Loss-Option-26.pdf
Diabetes-Friendly Weight Loss,1400,Non-Vegetarian,27,1401,70,58,03-Diabetes-Friendly-Weight-Loss/1400-kcal/1400-kcal-Non-Vegetarian-Diabetes-Friendly-Weight-Loss-Option-27.pdf
Diabetes-Friendly Weight Loss,1400,Non-Vegetarian,28,1403,68,60,03-Diabetes-Friendly-Weight-Loss/1400-kcal/1400-kcal-Non-Vegetarian-Diabetes-Friendly-Weight-Loss-Option-28.pdf
Diabetes-Friendly Weight Loss,1400,Non-Vegetarian,29,1415,77,65,03-Diabetes-Friendly-Weight-Loss/1400-kcal/1400-kcal-Non-Vegetarian-Diabetes-Friendly-Weight-Loss-Option-29.pdf
Diabetes-Friendly Weight Loss,1400,Non-Vegetarian,30,1400,68,63,03-Diabetes-Friendly-Weight-Loss/1400-kcal/1400-kcal-Non-Vegetarian-Diabetes-Friendly-Weight-Loss-Option-30.pdf
Diabetes-Friendly Weight Loss,1500,Vegetarian,1,1497,60,50,03-Diabetes-Friendly-Weight-Loss/1500-kcal/1500-kcal-Vegetarian-Diabetes-Friendly-Weight-Loss-Option-01.pdf
Diabetes-Friendly Weight Loss,1500,Vegetarian,2,1486,54,52,03-Diabetes-Friendly-Weight-Loss/1500-kcal/1500-kcal-Vegetarian-Diabetes-Friendly-Weight-Loss-Option-02.pdf
Diabetes-Friendly Weight Loss,1500,Vegetarian,3,1510,55,49,03-Diabetes-Friendly-Weight-Loss/1500-kcal/1500-kcal-Vegetarian-Diabetes-Friendly-Weight-Loss-Option-03.pdf
Diabetes-Friendly Weight Loss,1500,Vegetarian,4,1508,58,53,03-Diabetes-Friendly-Weight-Loss/1500-kcal/1500-kcal-Vegetarian-Diabetes-Friendly-Weight-Loss-Option-04.pdf
Diabetes-Friendly Weight Loss,1500,Vegetarian,5,1495,56,45,03-Diabetes-Friendly-Weight-Loss/1500-kcal/1500-kcal-Vegetarian-Diabetes-Friendly-Weight-Loss-Option-05.pdf
Diabetes-Friendly Weight Loss,1500,Vegetarian,6,1496,57,48,03-Diabetes-Friendly-Weight-Loss/1500-kcal/1500-kcal-Vegetarian-Diabetes-Friendly-Weight-Loss-Option-06.pdf
Diabetes-Friendly Weight Loss,1500,Vegetarian,7,1492,59,51,03-Diabetes-Friendly-Weight-Loss/1500-kcal/1500-kcal-Vegetarian-Diabetes-Friendly-Weight-Loss-Option-07.pdf
Diabetes-Friendly Weight Loss,1500,Vegetarian,8,1500,61,53,03-Diabetes-Friendly-Weight-Loss/1500-kcal/1500-kcal-Vegetarian-Diabetes-Friendly-Weight-Loss-Option-08.pdf
Diabetes-Friendly Weight Loss,1500,Vegetarian,9,1503,58,53,03-Diabetes-Friendly-Weight-Loss/1500-kcal/1500-kcal-Vegetarian-Diabetes-Friendly-Weight-Loss-Option-09.pdf
Diabetes-Friendly Weight Loss,1500,Vegetarian,10,1489,58,47,03-Diabetes-Friendly-Weight-Loss/1500-kcal/1500-kcal-Vegetarian-Diabetes-Friendly-Weight-Loss-Option-10.pdf
Diabetes-Friendly Weight Loss,1500,Vegetarian,11,1509,58,48,03-Diabetes-Friendly-Weight-Loss/1500-kcal/1500-kcal-Vegetarian-Diabetes-Friendly-Weight-Loss-Option-11.pdf
Diabetes-Friendly Weight Loss,1500,Vegetarian,12,1494,58,51,03-Diabetes-Friendly-Weight-Loss/1500-kcal/1500-kcal-Vegetarian-Diabetes-Friendly-Weight-Loss-Option-12.pdf
Diabetes-Friendly Weight Loss,1500,Vegetarian,13,1489,57,54,03-Diabetes-Friendly-Weight-Loss/1500-kcal/1500-kcal-Vegetarian-Diabetes-Friendly-Weight-Loss-Option-13.pdf
Diabetes-Friendly Weight Loss,1500,Vegetarian,14,1494,58,47,03-Diabetes-Friendly-Weight-Loss/1500-kcal/1500-kcal-Vegetarian-Diabetes-Friendly-Weight-Loss-Option-14.pdf
Diabetes-Friendly Weight Loss,1500,Vegetarian,15,1500,58,50,03-Diabetes-Friendly-Weight-Loss/1500-kcal/1500-kcal-Vegetarian-Diabetes-Friendly-Weight-Loss-Option-15.pdf
Diabetes-Friendly Weight Loss,1500,Vegetarian,16,1490,55,49,03-Diabetes-Friendly-Weight-Loss/1500-kcal/1500-kcal-Vegetarian-Diabetes-Friendly-Weight-Loss-Option-16.pdf
Diabetes-Friendly Weight Loss,1500,Vegetarian,17,1507,60,50,03-Diabetes-Friendly-Weight-Loss/1500-kcal/1500-kcal-Vegetarian-Diabetes-Friendly-Weight-Loss-Option-17.pdf
Diabetes-Friendly Weight Loss,1500,Vegetarian,18,1497,59,51,03-Diabetes-Friendly-Weight-Loss/1500-kcal/1500-kcal-Vegetarian-Diabetes-Friendly-Weight-Loss-Option-18.pdf
Diabetes-Friendly Weight Loss,1500,Vegetarian,19,1492,57,49,03-Diabetes-Friendly-Weight-Loss/1500-kcal/1500-kcal-Vegetarian-Diabetes-Friendly-Weight-Loss-Option-19.pdf
Diabetes-Friendly Weight Loss,1500,Vegetarian,20,1495,56,48,03-Diabetes-Friendly-Weight-Loss/1500-kcal/1500-kcal-Vegetarian-Diabetes-Friendly-Weight-Loss-Option-20.pdf
Diabetes-Friendly Weight Loss,1500,Vegetarian,21,1488,52,47,03-Diabetes-Friendly-Weight-Loss/1500-kcal/1500-kcal-Vegetarian-Diabetes-Friendly-Weight-Loss-Option-21.pdf
Diabetes-Friendly Weight Loss,1500,Vegetarian,22,1495,60,53,03-Diabetes-Friendly-Weight-Loss/1500-kcal/1500-kcal-Vegetarian-Diabetes-Friendly-Weight-Loss-Option-22.pdf
Diabetes-Friendly Weight Loss,1500,Vegetarian,23,1510,60,50,03-Diabetes-Friendly-Weight-Loss/1500-kcal/1500-kcal-Vegetarian-Diabetes-Friendly-Weight-Loss-Option-23.pdf
Diabetes-Friendly Weight Loss,1500,Vegetarian,24,1497,56,47,03-Diabetes-Friendly-Weight-Loss/1500-kcal/1500-kcal-Vegetarian-Diabetes-Friendly-Weight-Loss-Option-24.pdf
Diabetes-Friendly Weight Loss,1500,Vegetarian,25,1502,55,47,03-Diabetes-Friendly-Weight-Loss/1500-kcal/1500-kcal-Vegetarian-Diabetes-Friendly-Weight-Loss-Option-25.pdf
Diabetes-Friendly Weight Loss,1500,Vegetarian,26,1497,62,53,03-Diabetes-Friendly-Weight-Loss/1500-kcal/1500-kcal-Vegetarian-Diabetes-Friendly-Weight-Loss-Option-26.pdf
Diabetes-Friendly Weight Loss,1500,Vegetarian,27,1494,56,44,03-Diabetes-Friendly-Weight-Loss/1500-kcal/1500-kcal-Vegetarian-Diabetes-Friendly-Weight-Loss-Option-27.pdf
Diabetes-Friendly Weight Loss,1500,Vegetarian,28,1508,58,47,03-Diabetes-Friendly-Weight-Loss/1500-kcal/1500-kcal-Vegetarian-Diabetes-Friendly-Weight-Loss-Option-28.pdf
Diabetes-Friendly Weight Loss,1500,Vegetarian,29,1493,58,48,03-Diabetes-Friendly-Weight-Loss/1500-kcal/1500-kcal-Vegetarian-Diabetes-Friendly-Weight-Loss-Option-29.pdf
Diabetes-Friendly Weight Loss,1500,Vegetarian,30,1496,59,44,03-Diabetes-Friendly-Weight-Loss/1500-kcal/1500-kcal-Vegetarian-Diabetes-Friendly-Weight-Loss-Option-30.pdf
Diabetes-Friendly Weight Loss,1500,Vegan,1,1499,55,50,03-Diabetes-Friendly-Weight-Loss/1500-kcal/1500-kcal-Vegan-Diabetes-Friendly-Weight-Loss-Option-01.pdf
Diabetes-Friendly Weight Loss,1500,Vegan,2,1501,59,54,03-Diabetes-Friendly-Weight-Loss/1500-kcal/1500-kcal-Vegan-Diabetes-Friendly-Weight-Loss-Option-02.pdf
Diabetes-Friendly Weight Loss,1500,Vegan,3,1489,53,41,03-Diabetes-Friendly-Weight-Loss/1500-kcal/1500-kcal-Vegan-Diabetes-Friendly-Weight-Loss-Option-03.pdf
Diabetes-Friendly Weight Loss,1500,Vegan,4,1502,58,49,03-Diabetes-Friendly-Weight-Loss/1500-kcal/1500-kcal-Vegan-Diabetes-Friendly-Weight-Loss-Option-04.pdf
Diabetes-Friendly Weight Loss,1500,Vegan,5,1504,54,43,03-Diabetes-Friendly-Weight-Loss/1500-kcal/1500-kcal-Vegan-Diabetes-Friendly-Weight-Loss-Option-05.pdf
Diabetes-Friendly Weight Loss,1500,Vegan,6,1491,50,42,03-Diabetes-Friendly-Weight-Loss/1500-kcal/1500-kcal-Vegan-Diabetes-Friendly-Weight-Loss-Option-06.pdf
Diabetes-Friendly Weight Loss,1500,Vegan,7,1502,63,50,03-Diabetes-Friendly-Weight-Loss/1500-kcal/1500-kcal-Vegan-Diabetes-Friendly-Weight-Loss-Option-07.pdf
Diabetes-Friendly Weight Loss,1500,Vegan,8,1494,55,49,03-Diabetes-Friendly-Weight-Loss/1500-kcal/1500-kcal-Vegan-Diabetes-Friendly-Weight-Loss-Option-08.pdf
Diabetes-Friendly Weight Loss,1500,Vegan,9,1497,59,54,03-Diabetes-Friendly-Weight-Loss/1500-kcal/1500-kcal-Vegan-Diabetes-Friendly-Weight-Loss-Option-09.pdf
Diabetes-Friendly Weight Loss,1500,Vegan,10,1493,56,49,03-Diabetes-Friendly-Weight-Loss/1500-kcal/1500-kcal-Vegan-Diabetes-Friendly-Weight-Loss-Option-10.pdf
Diabetes-Friendly Weight Loss,1500,Vegan,11,1494,55,49,03-Diabetes-Friendly-Weight-Loss/1500-kcal/1500-kcal-Vegan-Diabetes-Friendly-Weight-Loss-Option-11.pdf
Diabetes-Friendly Weight Loss,1500,Vegan,12,1509,54,44,03-Diabetes-Friendly-Weight-Loss/1500-kcal/1500-kcal-Vegan-Diabetes-Friendly-Weight-Loss-Option-12.pdf
Diabetes-Friendly Weight Loss,1500,Vegan,13,1499,60,52,03-Diabetes-Friendly-Weight-Loss/1500-kcal/1500-kcal-Vegan-Diabetes-Friendly-Weight-Loss-Option-13.pdf
Diabetes-Friendly Weight Loss,1500,Vegan,14,1486,58,51,03-Diabetes-Friendly-Weight-Loss/1500-kcal/1500-kcal-Vegan-Diabetes-Friendly-Weight-Loss-Option-14.pdf
Diabetes-Friendly Weight Loss,1500,Vegan,15,1492,59,52,03-Diabetes-Friendly-Weight-Loss/1500-kcal/1500-kcal-Vegan-Diabetes-Friendly-Weight-Loss-Option-15.pdf
Diabetes-Friendly Weight Loss,1500,Vegan,16,1495,56,51,03-Diabetes-Friendly-Weight-Loss/1500-kcal/1500-kcal-Vegan-Diabetes-Friendly-Weight-Loss-Option-16.pdf
Diabetes-Friendly Weight Loss,1500,Vegan,17,1504,57,51,03-Diabetes-Friendly-Weight-Loss/1500-kcal/1500-kcal-Vegan-Diabetes-Friendly-Weight-Loss-Option-17.pdf
Diabetes-Friendly Weight Loss,1500,Vegan,18,1505,55,49,03-Diabetes-Friendly-Weight-Loss/1500-kcal/1500-kcal-Vegan-Diabetes-Friendly-Weight-Loss-Option-18.pdf
Diabetes-Friendly Weight Loss,1500,Vegan,19,1491,55,51,03-Diabetes-Friendly-Weight-Loss/1500-kcal/1500-kcal-Vegan-Diabetes-Friendly-Weight-Loss-Option-19.pdf
Diabetes-Friendly Weight Loss,1500,Vegan,20,1500,55,47,03-Diabetes-Friendly-Weight-Loss/1500-kcal/1500-kcal-Vegan-Diabetes-Friendly-Weight-Loss-Option-20.pdf
Diabetes-Friendly Weight Loss,1500,Vegan,21,1502,58,48,03-Diabetes-Friendly-Weight-Loss/1500-kcal/1500-kcal-Vegan-Diabetes-Friendly-Weight-Loss-Option-21.pdf
Diabetes-Friendly Weight Loss,1500,Vegan,22,1495,57,51,03-Diabetes-Friendly-Weight-Loss/1500-kcal/1500-kcal-Vegan-Diabetes-Friendly-Weight-Loss-Option-22.pdf
Diabetes-Friendly Weight Loss,1500,Vegan,23,1489,55,45,03-Diabetes-Friendly-Weight-Loss/1500-kcal/1500-kcal-Vegan-Diabetes-Friendly-Weight-Loss-Option-23.pdf
Diabetes-Friendly Weight Loss,1500,Vegan,24,1501,57,47,03-Diabetes-Friendly-Weight-Loss/1500-kcal/1500-kcal-Vegan-Diabetes-Friendly-Weight-Loss-Option-24.pdf
Diabetes-Friendly Weight Loss,1500,Vegan,25,1503,54,45,03-Diabetes-Friendly-Weight-Loss/1500-kcal/1500-kcal-Vegan-Diabetes-Friendly-Weight-Loss-Option-25.pdf
Diabetes-Friendly Weight Loss,1500,Vegan,26,1499,54,50,03-Diabetes-Friendly-Weight-Loss/1500-kcal/1500-kcal-Vegan-Diabetes-Friendly-Weight-Loss-Option-26.pdf
Diabetes-Friendly Weight Loss,1500,Vegan,27,1494,56,46,03-Diabetes-Friendly-Weight-Loss/1500-kcal/1500-kcal-Vegan-Diabetes-Friendly-Weight-Loss-Option-27.pdf
Diabetes-Friendly Weight Loss,1500,Vegan,28,1495,54,48,03-Diabetes-Friendly-Weight-Loss/1500-kcal/1500-kcal-Vegan-Diabetes-Friendly-Weight-Loss-Option-28.pdf
Diabetes-Friendly Weight Loss,1500,Vegan,29,1497,59,53,03-Diabetes-Friendly-Weight-Loss/1500-kcal/1500-kcal-Vegan-Diabetes-Friendly-Weight-Loss-Option-29.pdf
Diabetes-Friendly Weight Loss,1500,Vegan,30,1500,56,49,03-Diabetes-Friendly-Weight-Loss/1500-kcal/1500-kcal-Vegan-Diabetes-Friendly-Weight-Loss-Option-30.pdf
Diabetes-Friendly Weight Loss,1500,Eggetarian,1,1494,63,46,03-Diabetes-Friendly-Weight-Loss/1500-kcal/1500-kcal-Eggetarian-Diabetes-Friendly-Weight-Loss-Option-01.pdf
Diabetes-Friendly Weight Loss,1500,Eggetarian,2,1502,63,48,03-Diabetes-Friendly-Weight-Loss/1500-kcal/1500-kcal-Eggetarian-Diabetes-Friendly-Weight-Loss-Option-02.pdf
Diabetes-Friendly Weight Loss,1500,Eggetarian,3,1496,66,51,03-Diabetes-Friendly-Weight-Loss/1500-kcal/1500-kcal-Eggetarian-Diabetes-Friendly-Weight-Loss-Option-03.pdf
Diabetes-Friendly Weight Loss,1500,Eggetarian,4,1491,63,51,03-Diabetes-Friendly-Weight-Loss/1500-kcal/1500-kcal-Eggetarian-Diabetes-Friendly-Weight-Loss-Option-04.pdf
Diabetes-Friendly Weight Loss,1500,Eggetarian,5,1501,66,57,03-Diabetes-Friendly-Weight-Loss/1500-kcal/1500-kcal-Eggetarian-Diabetes-Friendly-Weight-Loss-Option-05.pdf
Diabetes-Friendly Weight Loss,1500,Eggetarian,6,1494,62,47,03-Diabetes-Friendly-Weight-Loss/1500-kcal/1500-kcal-Eggetarian-Diabetes-Friendly-Weight-Loss-Option-06.pdf
Diabetes-Friendly Weight Loss,1500,Eggetarian,7,1506,67,51,03-Diabetes-Friendly-Weight-Loss/1500-kcal/1500-kcal-Eggetarian-Diabetes-Friendly-Weight-Loss-Option-07.pdf
Diabetes-Friendly Weight Loss,1500,Eggetarian,8,1507,65,53,03-Diabetes-Friendly-Weight-Loss/1500-kcal/1500-kcal-Eggetarian-Diabetes-Friendly-Weight-Loss-Option-08.pdf
Diabetes-Friendly Weight Loss,1500,Eggetarian,9,1496,65,52,03-Diabetes-Friendly-Weight-Loss/1500-kcal/1500-kcal-Eggetarian-Diabetes-Friendly-Weight-Loss-Option-09.pdf
Diabetes-Friendly Weight Loss,1500,Eggetarian,10,1495,68,50,03-Diabetes-Friendly-Weight-Loss/1500-kcal/1500-kcal-Eggetarian-Diabetes-Friendly-Weight-Loss-Option-10.pdf
Diabetes-Friendly Weight Loss,1500,Eggetarian,11,1501,61,52,03-Diabetes-Friendly-Weight-Loss/1500-kcal/1500-kcal-Eggetarian-Diabetes-Friendly-Weight-Loss-Option-11.pdf
Diabetes-Friendly Weight Loss,1500,Eggetarian,12,1499,64,47,03-Diabetes-Friendly-Weight-Loss/1500-kcal/1500-kcal-Eggetarian-Diabetes-Friendly-Weight-Loss-Option-12.pdf
Diabetes-Friendly Weight Loss,1500,Eggetarian,13,1503,62,52,03-Diabetes-Friendly-Weight-Loss/1500-kcal/1500-kcal-Eggetarian-Diabetes-Friendly-Weight-Loss-Option-13.pdf
Diabetes-Friendly Weight Loss,1500,Eggetarian,14,1481,63,53,03-Diabetes-Friendly-Weight-Loss/1500-kcal/1500-kcal-Eggetarian-Diabetes-Friendly-Weight-Loss-Option-14.pdf
Diabetes-Friendly Weight Loss,1500,Eggetarian,15,1485,67,55,03-Diabetes-Friendly-Weight-Loss/1500-kcal/1500-kcal-Eggetarian-Diabetes-Friendly-Weight-Loss-Option-15.pdf
Diabetes-Friendly Weight Loss,1500,Eggetarian,16,1496,66,56,03-Diabetes-Friendly-Weight-Loss/1500-kcal/1500-kcal-Eggetarian-Diabetes-Friendly-Weight-Loss-Option-16.pdf
Diabetes-Friendly Weight Loss,1500,Eggetarian,17,1481,58,52,03-Diabetes-Friendly-Weight-Loss/1500-kcal/1500-kcal-Eggetarian-Diabetes-Friendly-Weight-Loss-Option-17.pdf
Diabetes-Friendly Weight Loss,1500,Eggetarian,18,1497,67,56,03-Diabetes-Friendly-Weight-Loss/1500-kcal/1500-kcal-Eggetarian-Diabetes-Friendly-Weight-Loss-Option-18.pdf
Diabetes-Friendly Weight Loss,1500,Eggetarian,19,1492,66,56,03-Diabetes-Friendly-Weight-Loss/1500-kcal/1500-kcal-Eggetarian-Diabetes-Friendly-Weight-Loss-Option-19.pdf
Diabetes-Friendly Weight Loss,1500,Eggetarian,20,1508,66,50,03-Diabetes-Friendly-Weight-Loss/1500-kcal/1500-kcal-Eggetarian-Diabetes-Friendly-Weight-Loss-Option-20.pdf
Diabetes-Friendly Weight Loss,1500,Eggetarian,21,1489,62,47,03-Diabetes-Friendly-Weight-Loss/1500-kcal/1500-kcal-Eggetarian-Diabetes-Friendly-Weight-Loss-Option-21.pdf
Diabetes-Friendly Weight Loss,1500,Eggetarian,22,1509,65,57,03-Diabetes-Friendly-Weight-Loss/1500-kcal/1500-kcal-Eggetarian-Diabetes-Friendly-Weight-Loss-Option-22.pdf
Diabetes-Friendly Weight Loss,1500,Eggetarian,23,1501,61,51,03-Diabetes-Friendly-Weight-Loss/1500-kcal/1500-kcal-Eggetarian-Diabetes-Friendly-Weight-Loss-Option-23.pdf
Diabetes-Friendly Weight Loss,1500,Eggetarian,24,1500,65,54,03-Diabetes-Friendly-Weight-Loss/1500-kcal/1500-kcal-Eggetarian-Diabetes-Friendly-Weight-Loss-Option-24.pdf
Diabetes-Friendly Weight Loss,1500,Eggetarian,25,1494,63,55,03-Diabetes-Friendly-Weight-Loss/1500-kcal/1500-kcal-Eggetarian-Diabetes-Friendly-Weight-Loss-Option-25.pdf
Diabetes-Friendly Weight Loss,1500,Eggetarian,26,1495,64,50,03-Diabetes-Friendly-Weight-Loss/1500-kcal/1500-kcal-Eggetarian-Diabetes-Friendly-Weight-Loss-Option-26.pdf
Diabetes-Friendly Weight Loss,1500,Eggetarian,27,1493,65,52,03-Diabetes-Friendly-Weight-Loss/1500-kcal/1500-kcal-Eggetarian-Diabetes-Friendly-Weight-Loss-Option-27.pdf
Diabetes-Friendly Weight Loss,1500,Eggetarian,28,1498,61,52,03-Diabetes-Friendly-Weight-Loss/1500-kcal/1500-kcal-Eggetarian-Diabetes-Friendly-Weight-Loss-Option-28.pdf
Diabetes-Friendly Weight Loss,1500,Eggetarian,29,1501,63,54,03-Diabetes-Friendly-Weight-Loss/1500-kcal/1500-kcal-Eggetarian-Diabetes-Friendly-Weight-Loss-Option-29.pdf
Diabetes-Friendly Weight Loss,1500,Eggetarian,30,1496,69,57,03-Diabetes-Friendly-Weight-Loss/1500-kcal/1500-kcal-Eggetarian-Diabetes-Friendly-Weight-Loss-Option-30.pdf
Diabetes-Friendly Weight Loss,1500,Non-Vegetarian,1,1487,77,64,03-Diabetes-Friendly-Weight-Loss/1500-kcal/1500-kcal-Non-Vegetarian-Diabetes-Friendly-Weight-Loss-Option-01.pdf
Diabetes-Friendly Weight Loss,1500,Non-Vegetarian,2,1492,74,54,03-Diabetes-Friendly-Weight-Loss/1500-kcal/1500-kcal-Non-Vegetarian-Diabetes-Friendly-Weight-Loss-Option-02.pdf
Diabetes-Friendly Weight Loss,1500,Non-Vegetarian,3,1512,82,74,03-Diabetes-Friendly-Weight-Loss/1500-kcal/1500-kcal-Non-Vegetarian-Diabetes-Friendly-Weight-Loss-Option-03.pdf
Diabetes-Friendly Weight Loss,1500,Non-Vegetarian,4,1501,74,62,03-Diabetes-Friendly-Weight-Loss/1500-kcal/1500-kcal-Non-Vegetarian-Diabetes-Friendly-Weight-Loss-Option-04.pdf
Diabetes-Friendly Weight Loss,1500,Non-Vegetarian,5,1486,68,45,03-Diabetes-Friendly-Weight-Loss/1500-kcal/1500-kcal-Non-Vegetarian-Diabetes-Friendly-Weight-Loss-Option-05.pdf
Diabetes-Friendly Weight Loss,1500,Non-Vegetarian,6,1504,71,44,03-Diabetes-Friendly-Weight-Loss/1500-kcal/1500-kcal-Non-Vegetarian-Diabetes-Friendly-Weight-Loss-Option-06.pdf
Diabetes-Friendly Weight Loss,1500,Non-Vegetarian,7,1499,72,57,03-Diabetes-Friendly-Weight-Loss/1500-kcal/1500-kcal-Non-Vegetarian-Diabetes-Friendly-Weight-Loss-Option-07.pdf
Diabetes-Friendly Weight Loss,1500,Non-Vegetarian,8,1493,69,52,03-Diabetes-Friendly-Weight-Loss/1500-kcal/1500-kcal-Non-Vegetarian-Diabetes-Friendly-Weight-Loss-Option-08.pdf
Diabetes-Friendly Weight Loss,1500,Non-Vegetarian,9,1487,71,61,03-Diabetes-Friendly-Weight-Loss/1500-kcal/1500-kcal-Non-Vegetarian-Diabetes-Friendly-Weight-Loss-Option-09.pdf
Diabetes-Friendly Weight Loss,1500,Non-Vegetarian,10,1495,70,51,03-Diabetes-Friendly-Weight-Loss/1500-kcal/1500-kcal-Non-Vegetarian-Diabetes-Friendly-Weight-Loss-Option-10.pdf
Diabetes-Friendly Weight Loss,1500,Non-Vegetarian,11,1494,71,66,03-Diabetes-Friendly-Weight-Loss/1500-kcal/1500-kcal-Non-Vegetarian-Diabetes-Friendly-Weight-Loss-Option-11.pdf
Diabetes-Friendly Weight Loss,1500,Non-Vegetarian,12,1497,75,64,03-Diabetes-Friendly-Weight-Loss/1500-kcal/1500-kcal-Non-Vegetarian-Diabetes-Friendly-Weight-Loss-Option-12.pdf
Diabetes-Friendly Weight Loss,1500,Non-Vegetarian,13,1506,78,66,03-Diabetes-Friendly-Weight-Loss/1500-kcal/1500-kcal-Non-Vegetarian-Diabetes-Friendly-Weight-Loss-Option-13.pdf
Diabetes-Friendly Weight Loss,1500,Non-Vegetarian,14,1505,74,60,03-Diabetes-Friendly-Weight-Loss/1500-kcal/1500-kcal-Non-Vegetarian-Diabetes-Friendly-Weight-Loss-Option-14.pdf
Diabetes-Friendly Weight Loss,1500,Non-Vegetarian,15,1506,68,53,03-Diabetes-Friendly-Weight-Loss/1500-kcal/1500-kcal-Non-Vegetarian-Diabetes-Friendly-Weight-Loss-Option-15.pdf
Diabetes-Friendly Weight Loss,1500,Non-Vegetarian,16,1485,72,64,03-Diabetes-Friendly-Weight-Loss/1500-kcal/1500-kcal-Non-Vegetarian-Diabetes-Friendly-Weight-Loss-Option-16.pdf
Diabetes-Friendly Weight Loss,1500,Non-Vegetarian,17,1500,77,59,03-Diabetes-Friendly-Weight-Loss/1500-kcal/1500-kcal-Non-Vegetarian-Diabetes-Friendly-Weight-Loss-Option-17.pdf
Diabetes-Friendly Weight Loss,1500,Non-Vegetarian,18,1509,77,64,03-Diabetes-Friendly-Weight-Loss/1500-kcal/1500-kcal-Non-Vegetarian-Diabetes-Friendly-Weight-Loss-Option-18.pdf
Diabetes-Friendly Weight Loss,1500,Non-Vegetarian,19,1492,74,53,03-Diabetes-Friendly-Weight-Loss/1500-kcal/1500-kcal-Non-Vegetarian-Diabetes-Friendly-Weight-Loss-Option-19.pdf
Diabetes-Friendly Weight Loss,1500,Non-Vegetarian,20,1502,73,57,03-Diabetes-Friendly-Weight-Loss/1500-kcal/1500-kcal-Non-Vegetarian-Diabetes-Friendly-Weight-Loss-Option-20.pdf
Diabetes-Friendly Weight Loss,1500,Non-Vegetarian,21,1499,70,66,03-Diabetes-Friendly-Weight-Loss/1500-kcal/1500-kcal-Non-Vegetarian-Diabetes-Friendly-Weight-Loss-Option-21.pdf
Diabetes-Friendly Weight Loss,1500,Non-Vegetarian,22,1497,74,69,03-Diabetes-Friendly-Weight-Loss/1500-kcal/1500-kcal-Non-Vegetarian-Diabetes-Friendly-Weight-Loss-Option-22.pdf
Diabetes-Friendly Weight Loss,1500,Non-Vegetarian,23,1498,80,74,03-Diabetes-Friendly-Weight-Loss/1500-kcal/1500-kcal-Non-Vegetarian-Diabetes-Friendly-Weight-Loss-Option-23.pdf
Diabetes-Friendly Weight Loss,1500,Non-Vegetarian,24,1492,80,63,03-Diabetes-Friendly-Weight-Loss/1500-kcal/1500-kcal-Non-Vegetarian-Diabetes-Friendly-Weight-Loss-Option-24.pdf
Diabetes-Friendly Weight Loss,1500,Non-Vegetarian,25,1499,74,62,03-Diabetes-Friendly-Weight-Loss/1500-kcal/1500-kcal-Non-Vegetarian-Diabetes-Friendly-Weight-Loss-Option-25.pdf
Diabetes-Friendly Weight Loss,1500,Non-Vegetarian,26,1505,72,48,03-Diabetes-Friendly-Weight-Loss/1500-kcal/1500-kcal-Non-Vegetarian-Diabetes-Friendly-Weight-Loss-Option-26.pdf
Diabetes-Friendly Weight Loss,1500,Non-Vegetarian,27,1492,77,58,03-Diabetes-Friendly-Weight-Loss/1500-kcal/1500-kcal-Non-Vegetarian-Diabetes-Friendly-Weight-Loss-Option-27.pdf
Diabetes-Friendly Weight Loss,1500,Non-Vegetarian,28,1501,78,57,03-Diabetes-Friendly-Weight-Loss/1500-kcal/1500-kcal-Non-Vegetarian-Diabetes-Friendly-Weight-Loss-Option-28.pdf
Diabetes-Friendly Weight Loss,1500,Non-Vegetarian,29,1495,71,56,03-Diabetes-Friendly-Weight-Loss/1500-kcal/1500-kcal-Non-Vegetarian-Diabetes-Friendly-Weight-Loss-Option-29.pdf
Diabetes-Friendly Weight Loss,1500,Non-Vegetarian,30,1506,69,57,03-Diabetes-Friendly-Weight-Loss/1500-kcal/1500-kcal-Non-Vegetarian-Diabetes-Friendly-Weight-Loss-Option-30.pdf
Diabetes-Friendly Weight Loss,1600,Vegetarian,1,1595,59,51,03-Diabetes-Friendly-Weight-Loss/1600-kcal/1600-kcal-Vegetarian-Diabetes-Friendly-Weight-Loss-Option-01.pdf
Diabetes-Friendly Weight Loss,1600,Vegetarian,2,1606,59,50,03-Diabetes-Friendly-Weight-Loss/1600-kcal/1600-kcal-Vegetarian-Diabetes-Friendly-Weight-Loss-Option-02.pdf
Diabetes-Friendly Weight Loss,1600,Vegetarian,3,1604,60,48,03-Diabetes-Friendly-Weight-Loss/1600-kcal/1600-kcal-Vegetarian-Diabetes-Friendly-Weight-Loss-Option-03.pdf
Diabetes-Friendly Weight Loss,1600,Vegetarian,4,1597,61,54,03-Diabetes-Friendly-Weight-Loss/1600-kcal/1600-kcal-Vegetarian-Diabetes-Friendly-Weight-Loss-Option-04.pdf
Diabetes-Friendly Weight Loss,1600,Vegetarian,5,1596,61,55,03-Diabetes-Friendly-Weight-Loss/1600-kcal/1600-kcal-Vegetarian-Diabetes-Friendly-Weight-Loss-Option-05.pdf
Diabetes-Friendly Weight Loss,1600,Vegetarian,6,1602,62,55,03-Diabetes-Friendly-Weight-Loss/1600-kcal/1600-kcal-Vegetarian-Diabetes-Friendly-Weight-Loss-Option-06.pdf
Diabetes-Friendly Weight Loss,1600,Vegetarian,7,1585,57,50,03-Diabetes-Friendly-Weight-Loss/1600-kcal/1600-kcal-Vegetarian-Diabetes-Friendly-Weight-Loss-Option-07.pdf
Diabetes-Friendly Weight Loss,1600,Vegetarian,8,1608,61,52,03-Diabetes-Friendly-Weight-Loss/1600-kcal/1600-kcal-Vegetarian-Diabetes-Friendly-Weight-Loss-Option-08.pdf
Diabetes-Friendly Weight Loss,1600,Vegetarian,9,1593,58,50,03-Diabetes-Friendly-Weight-Loss/1600-kcal/1600-kcal-Vegetarian-Diabetes-Friendly-Weight-Loss-Option-09.pdf
Diabetes-Friendly Weight Loss,1600,Vegetarian,10,1589,60,50,03-Diabetes-Friendly-Weight-Loss/1600-kcal/1600-kcal-Vegetarian-Diabetes-Friendly-Weight-Loss-Option-10.pdf
Diabetes-Friendly Weight Loss,1600,Vegetarian,11,1591,59,48,03-Diabetes-Friendly-Weight-Loss/1600-kcal/1600-kcal-Vegetarian-Diabetes-Friendly-Weight-Loss-Option-11.pdf
Diabetes-Friendly Weight Loss,1600,Vegetarian,12,1592,60,53,03-Diabetes-Friendly-Weight-Loss/1600-kcal/1600-kcal-Vegetarian-Diabetes-Friendly-Weight-Loss-Option-12.pdf
Diabetes-Friendly Weight Loss,1600,Vegetarian,13,1600,62,57,03-Diabetes-Friendly-Weight-Loss/1600-kcal/1600-kcal-Vegetarian-Diabetes-Friendly-Weight-Loss-Option-13.pdf
Diabetes-Friendly Weight Loss,1600,Vegetarian,14,1608,59,54,03-Diabetes-Friendly-Weight-Loss/1600-kcal/1600-kcal-Vegetarian-Diabetes-Friendly-Weight-Loss-Option-14.pdf
Diabetes-Friendly Weight Loss,1600,Vegetarian,15,1598,61,54,03-Diabetes-Friendly-Weight-Loss/1600-kcal/1600-kcal-Vegetarian-Diabetes-Friendly-Weight-Loss-Option-15.pdf
Diabetes-Friendly Weight Loss,1600,Vegetarian,16,1605,62,59,03-Diabetes-Friendly-Weight-Loss/1600-kcal/1600-kcal-Vegetarian-Diabetes-Friendly-Weight-Loss-Option-16.pdf
Diabetes-Friendly Weight Loss,1600,Vegetarian,17,1594,60,54,03-Diabetes-Friendly-Weight-Loss/1600-kcal/1600-kcal-Vegetarian-Diabetes-Friendly-Weight-Loss-Option-17.pdf
Diabetes-Friendly Weight Loss,1600,Vegetarian,18,1602,65,53,03-Diabetes-Friendly-Weight-Loss/1600-kcal/1600-kcal-Vegetarian-Diabetes-Friendly-Weight-Loss-Option-18.pdf
Diabetes-Friendly Weight Loss,1600,Vegetarian,19,1609,63,58,03-Diabetes-Friendly-Weight-Loss/1600-kcal/1600-kcal-Vegetarian-Diabetes-Friendly-Weight-Loss-Option-19.pdf
Diabetes-Friendly Weight Loss,1600,Vegetarian,20,1582,60,53,03-Diabetes-Friendly-Weight-Loss/1600-kcal/1600-kcal-Vegetarian-Diabetes-Friendly-Weight-Loss-Option-20.pdf
Diabetes-Friendly Weight Loss,1600,Vegetarian,21,1615,58,52,03-Diabetes-Friendly-Weight-Loss/1600-kcal/1600-kcal-Vegetarian-Diabetes-Friendly-Weight-Loss-Option-21.pdf
Diabetes-Friendly Weight Loss,1600,Vegetarian,22,1596,60,52,03-Diabetes-Friendly-Weight-Loss/1600-kcal/1600-kcal-Vegetarian-Diabetes-Friendly-Weight-Loss-Option-22.pdf
Diabetes-Friendly Weight Loss,1600,Vegetarian,23,1597,67,59,03-Diabetes-Friendly-Weight-Loss/1600-kcal/1600-kcal-Vegetarian-Diabetes-Friendly-Weight-Loss-Option-23.pdf
Diabetes-Friendly Weight Loss,1600,Vegetarian,24,1578,58,50,03-Diabetes-Friendly-Weight-Loss/1600-kcal/1600-kcal-Vegetarian-Diabetes-Friendly-Weight-Loss-Option-24.pdf
Diabetes-Friendly Weight Loss,1600,Vegetarian,25,1591,57,50,03-Diabetes-Friendly-Weight-Loss/1600-kcal/1600-kcal-Vegetarian-Diabetes-Friendly-Weight-Loss-Option-25.pdf
Diabetes-Friendly Weight Loss,1600,Vegetarian,26,1598,63,49,03-Diabetes-Friendly-Weight-Loss/1600-kcal/1600-kcal-Vegetarian-Diabetes-Friendly-Weight-Loss-Option-26.pdf
Diabetes-Friendly Weight Loss,1600,Vegetarian,27,1610,65,62,03-Diabetes-Friendly-Weight-Loss/1600-kcal/1600-kcal-Vegetarian-Diabetes-Friendly-Weight-Loss-Option-27.pdf
Diabetes-Friendly Weight Loss,1600,Vegetarian,28,1604,61,53,03-Diabetes-Friendly-Weight-Loss/1600-kcal/1600-kcal-Vegetarian-Diabetes-Friendly-Weight-Loss-Option-28.pdf
Diabetes-Friendly Weight Loss,1600,Vegetarian,29,1581,59,50,03-Diabetes-Friendly-Weight-Loss/1600-kcal/1600-kcal-Vegetarian-Diabetes-Friendly-Weight-Loss-Option-29.pdf
Diabetes-Friendly Weight Loss,1600,Vegetarian,30,1591,61,55,03-Diabetes-Friendly-Weight-Loss/1600-kcal/1600-kcal-Vegetarian-Diabetes-Friendly-Weight-Loss-Option-30.pdf
Diabetes-Friendly Weight Loss,1600,Vegan,1,1594,61,54,03-Diabetes-Friendly-Weight-Loss/1600-kcal/1600-kcal-Vegan-Diabetes-Friendly-Weight-Loss-Option-01.pdf
Diabetes-Friendly Weight Loss,1600,Vegan,2,1596,60,53,03-Diabetes-Friendly-Weight-Loss/1600-kcal/1600-kcal-Vegan-Diabetes-Friendly-Weight-Loss-Option-02.pdf
Diabetes-Friendly Weight Loss,1600,Vegan,3,1592,58,51,03-Diabetes-Friendly-Weight-Loss/1600-kcal/1600-kcal-Vegan-Diabetes-Friendly-Weight-Loss-Option-03.pdf
Diabetes-Friendly Weight Loss,1600,Vegan,4,1590,61,50,03-Diabetes-Friendly-Weight-Loss/1600-kcal/1600-kcal-Vegan-Diabetes-Friendly-Weight-Loss-Option-04.pdf
Diabetes-Friendly Weight Loss,1600,Vegan,5,1595,58,53,03-Diabetes-Friendly-Weight-Loss/1600-kcal/1600-kcal-Vegan-Diabetes-Friendly-Weight-Loss-Option-05.pdf
Diabetes-Friendly Weight Loss,1600,Vegan,6,1589,61,54,03-Diabetes-Friendly-Weight-Loss/1600-kcal/1600-kcal-Vegan-Diabetes-Friendly-Weight-Loss-Option-06.pdf
Diabetes-Friendly Weight Loss,1600,Vegan,7,1605,62,53,03-Diabetes-Friendly-Weight-Loss/1600-kcal/1600-kcal-Vegan-Diabetes-Friendly-Weight-Loss-Option-07.pdf
Diabetes-Friendly Weight Loss,1600,Vegan,8,1583,60,49,03-Diabetes-Friendly-Weight-Loss/1600-kcal/1600-kcal-Vegan-Diabetes-Friendly-Weight-Loss-Option-08.pdf
Diabetes-Friendly Weight Loss,1600,Vegan,9,1590,64,55,03-Diabetes-Friendly-Weight-Loss/1600-kcal/1600-kcal-Vegan-Diabetes-Friendly-Weight-Loss-Option-09.pdf
Diabetes-Friendly Weight Loss,1600,Vegan,10,1596,60,44,03-Diabetes-Friendly-Weight-Loss/1600-kcal/1600-kcal-Vegan-Diabetes-Friendly-Weight-Loss-Option-10.pdf
Diabetes-Friendly Weight Loss,1600,Vegan,11,1575,59,53,03-Diabetes-Friendly-Weight-Loss/1600-kcal/1600-kcal-Vegan-Diabetes-Friendly-Weight-Loss-Option-11.pdf
Diabetes-Friendly Weight Loss,1600,Vegan,12,1580,60,51,03-Diabetes-Friendly-Weight-Loss/1600-kcal/1600-kcal-Vegan-Diabetes-Friendly-Weight-Loss-Option-12.pdf
Diabetes-Friendly Weight Loss,1600,Vegan,13,1599,61,53,03-Diabetes-Friendly-Weight-Loss/1600-kcal/1600-kcal-Vegan-Diabetes-Friendly-Weight-Loss-Option-13.pdf
Diabetes-Friendly Weight Loss,1600,Vegan,14,1595,61,57,03-Diabetes-Friendly-Weight-Loss/1600-kcal/1600-kcal-Vegan-Diabetes-Friendly-Weight-Loss-Option-14.pdf
Diabetes-Friendly Weight Loss,1600,Vegan,15,1607,62,50,03-Diabetes-Friendly-Weight-Loss/1600-kcal/1600-kcal-Vegan-Diabetes-Friendly-Weight-Loss-Option-15.pdf
Diabetes-Friendly Weight Loss,1600,Vegan,16,1601,58,50,03-Diabetes-Friendly-Weight-Loss/1600-kcal/1600-kcal-Vegan-Diabetes-Friendly-Weight-Loss-Option-16.pdf
Diabetes-Friendly Weight Loss,1600,Vegan,17,1605,59,51,03-Diabetes-Friendly-Weight-Loss/1600-kcal/1600-kcal-Vegan-Diabetes-Friendly-Weight-Loss-Option-17.pdf
Diabetes-Friendly Weight Loss,1600,Vegan,18,1592,57,54,03-Diabetes-Friendly-Weight-Loss/1600-kcal/1600-kcal-Vegan-Diabetes-Friendly-Weight-Loss-Option-18.pdf
Diabetes-Friendly Weight Loss,1600,Vegan,19,1607,62,51,03-Diabetes-Friendly-Weight-Loss/1600-kcal/1600-kcal-Vegan-Diabetes-Friendly-Weight-Loss-Option-19.pdf
Diabetes-Friendly Weight Loss,1600,Vegan,20,1598,57,53,03-Diabetes-Friendly-Weight-Loss/1600-kcal/1600-kcal-Vegan-Diabetes-Friendly-Weight-Loss-Option-20.pdf
Diabetes-Friendly Weight Loss,1600,Vegan,21,1598,56,50,03-Diabetes-Friendly-Weight-Loss/1600-kcal/1600-kcal-Vegan-Diabetes-Friendly-Weight-Loss-Option-21.pdf
Diabetes-Friendly Weight Loss,1600,Vegan,22,1594,64,54,03-Diabetes-Friendly-Weight-Loss/1600-kcal/1600-kcal-Vegan-Diabetes-Friendly-Weight-Loss-Option-22.pdf
Diabetes-Friendly Weight Loss,1600,Vegan,23,1602,61,54,03-Diabetes-Friendly-Weight-Loss/1600-kcal/1600-kcal-Vegan-Diabetes-Friendly-Weight-Loss-Option-23.pdf
Diabetes-Friendly Weight Loss,1600,Vegan,24,1587,60,53,03-Diabetes-Friendly-Weight-Loss/1600-kcal/1600-kcal-Vegan-Diabetes-Friendly-Weight-Loss-Option-24.pdf
Diabetes-Friendly Weight Loss,1600,Vegan,25,1604,63,54,03-Diabetes-Friendly-Weight-Loss/1600-kcal/1600-kcal-Vegan-Diabetes-Friendly-Weight-Loss-Option-25.pdf
Diabetes-Friendly Weight Loss,1600,Vegan,26,1592,59,52,03-Diabetes-Friendly-Weight-Loss/1600-kcal/1600-kcal-Vegan-Diabetes-Friendly-Weight-Loss-Option-26.pdf
Diabetes-Friendly Weight Loss,1600,Vegan,27,1594,62,52,03-Diabetes-Friendly-Weight-Loss/1600-kcal/1600-kcal-Vegan-Diabetes-Friendly-Weight-Loss-Option-27.pdf
Diabetes-Friendly Weight Loss,1600,Vegan,28,1589,56,45,03-Diabetes-Friendly-Weight-Loss/1600-kcal/1600-kcal-Vegan-Diabetes-Friendly-Weight-Loss-Option-28.pdf
Diabetes-Friendly Weight Loss,1600,Vegan,29,1589,58,49,03-Diabetes-Friendly-Weight-Loss/1600-kcal/1600-kcal-Vegan-Diabetes-Friendly-Weight-Loss-Option-29.pdf
Diabetes-Friendly Weight Loss,1600,Vegan,30,1592,57,51,03-Diabetes-Friendly-Weight-Loss/1600-kcal/1600-kcal-Vegan-Diabetes-Friendly-Weight-Loss-Option-30.pdf
Diabetes-Friendly Weight Loss,1600,Eggetarian,1,1593,67,55,03-Diabetes-Friendly-Weight-Loss/1600-kcal/1600-kcal-Eggetarian-Diabetes-Friendly-Weight-Loss-Option-01.pdf
Diabetes-Friendly Weight Loss,1600,Eggetarian,2,1593,68,54,03-Diabetes-Friendly-Weight-Loss/1600-kcal/1600-kcal-Eggetarian-Diabetes-Friendly-Weight-Loss-Option-02.pdf
Diabetes-Friendly Weight Loss,1600,Eggetarian,3,1586,69,54,03-Diabetes-Friendly-Weight-Loss/1600-kcal/1600-kcal-Eggetarian-Diabetes-Friendly-Weight-Loss-Option-03.pdf
Diabetes-Friendly Weight Loss,1600,Eggetarian,4,1595,69,59,03-Diabetes-Friendly-Weight-Loss/1600-kcal/1600-kcal-Eggetarian-Diabetes-Friendly-Weight-Loss-Option-04.pdf
Diabetes-Friendly Weight Loss,1600,Eggetarian,5,1597,70,53,03-Diabetes-Friendly-Weight-Loss/1600-kcal/1600-kcal-Eggetarian-Diabetes-Friendly-Weight-Loss-Option-05.pdf
Diabetes-Friendly Weight Loss,1600,Eggetarian,6,1585,69,55,03-Diabetes-Friendly-Weight-Loss/1600-kcal/1600-kcal-Eggetarian-Diabetes-Friendly-Weight-Loss-Option-06.pdf
Diabetes-Friendly Weight Loss,1600,Eggetarian,7,1599,69,59,03-Diabetes-Friendly-Weight-Loss/1600-kcal/1600-kcal-Eggetarian-Diabetes-Friendly-Weight-Loss-Option-07.pdf
Diabetes-Friendly Weight Loss,1600,Eggetarian,8,1595,65,49,03-Diabetes-Friendly-Weight-Loss/1600-kcal/1600-kcal-Eggetarian-Diabetes-Friendly-Weight-Loss-Option-08.pdf
Diabetes-Friendly Weight Loss,1600,Eggetarian,9,1591,72,58,03-Diabetes-Friendly-Weight-Loss/1600-kcal/1600-kcal-Eggetarian-Diabetes-Friendly-Weight-Loss-Option-09.pdf
Diabetes-Friendly Weight Loss,1600,Eggetarian,10,1595,68,56,03-Diabetes-Friendly-Weight-Loss/1600-kcal/1600-kcal-Eggetarian-Diabetes-Friendly-Weight-Loss-Option-10.pdf
Diabetes-Friendly Weight Loss,1600,Eggetarian,11,1600,72,67,03-Diabetes-Friendly-Weight-Loss/1600-kcal/1600-kcal-Eggetarian-Diabetes-Friendly-Weight-Loss-Option-11.pdf
Diabetes-Friendly Weight Loss,1600,Eggetarian,12,1601,68,54,03-Diabetes-Friendly-Weight-Loss/1600-kcal/1600-kcal-Eggetarian-Diabetes-Friendly-Weight-Loss-Option-12.pdf
Diabetes-Friendly Weight Loss,1600,Eggetarian,13,1596,66,50,03-Diabetes-Friendly-Weight-Loss/1600-kcal/1600-kcal-Eggetarian-Diabetes-Friendly-Weight-Loss-Option-13.pdf
Diabetes-Friendly Weight Loss,1600,Eggetarian,14,1609,68,54,03-Diabetes-Friendly-Weight-Loss/1600-kcal/1600-kcal-Eggetarian-Diabetes-Friendly-Weight-Loss-Option-14.pdf
Diabetes-Friendly Weight Loss,1600,Eggetarian,15,1588,64,51,03-Diabetes-Friendly-Weight-Loss/1600-kcal/1600-kcal-Eggetarian-Diabetes-Friendly-Weight-Loss-Option-15.pdf
Diabetes-Friendly Weight Loss,1600,Eggetarian,16,1579,71,58,03-Diabetes-Friendly-Weight-Loss/1600-kcal/1600-kcal-Eggetarian-Diabetes-Friendly-Weight-Loss-Option-16.pdf
Diabetes-Friendly Weight Loss,1600,Eggetarian,17,1610,70,54,03-Diabetes-Friendly-Weight-Loss/1600-kcal/1600-kcal-Eggetarian-Diabetes-Friendly-Weight-Loss-Option-17.pdf
Diabetes-Friendly Weight Loss,1600,Eggetarian,18,1600,70,60,03-Diabetes-Friendly-Weight-Loss/1600-kcal/1600-kcal-Eggetarian-Diabetes-Friendly-Weight-Loss-Option-18.pdf
Diabetes-Friendly Weight Loss,1600,Eggetarian,19,1606,69,60,03-Diabetes-Friendly-Weight-Loss/1600-kcal/1600-kcal-Eggetarian-Diabetes-Friendly-Weight-Loss-Option-19.pdf
Diabetes-Friendly Weight Loss,1600,Eggetarian,20,1587,62,49,03-Diabetes-Friendly-Weight-Loss/1600-kcal/1600-kcal-Eggetarian-Diabetes-Friendly-Weight-Loss-Option-20.pdf
Diabetes-Friendly Weight Loss,1600,Eggetarian,21,1592,66,56,03-Diabetes-Friendly-Weight-Loss/1600-kcal/1600-kcal-Eggetarian-Diabetes-Friendly-Weight-Loss-Option-21.pdf
Diabetes-Friendly Weight Loss,1600,Eggetarian,22,1605,69,54,03-Diabetes-Friendly-Weight-Loss/1600-kcal/1600-kcal-Eggetarian-Diabetes-Friendly-Weight-Loss-Option-22.pdf
Diabetes-Friendly Weight Loss,1600,Eggetarian,23,1590,68,58,03-Diabetes-Friendly-Weight-Loss/1600-kcal/1600-kcal-Eggetarian-Diabetes-Friendly-Weight-Loss-Option-23.pdf
Diabetes-Friendly Weight Loss,1600,Eggetarian,24,1594,68,61,03-Diabetes-Friendly-Weight-Loss/1600-kcal/1600-kcal-Eggetarian-Diabetes-Friendly-Weight-Loss-Option-24.pdf
Diabetes-Friendly Weight Loss,1600,Eggetarian,25,1591,67,49,03-Diabetes-Friendly-Weight-Loss/1600-kcal/1600-kcal-Eggetarian-Diabetes-Friendly-Weight-Loss-Option-25.pdf
Diabetes-Friendly Weight Loss,1600,Eggetarian,26,1585,66,55,03-Diabetes-Friendly-Weight-Loss/1600-kcal/1600-kcal-Eggetarian-Diabetes-Friendly-Weight-Loss-Option-26.pdf
Diabetes-Friendly Weight Loss,1600,Eggetarian,27,1601,72,59,03-Diabetes-Friendly-Weight-Loss/1600-kcal/1600-kcal-Eggetarian-Diabetes-Friendly-Weight-Loss-Option-27.pdf
Diabetes-Friendly Weight Loss,1600,Eggetarian,28,1611,70,55,03-Diabetes-Friendly-Weight-Loss/1600-kcal/1600-kcal-Eggetarian-Diabetes-Friendly-Weight-Loss-Option-28.pdf
Diabetes-Friendly Weight Loss,1600,Eggetarian,29,1602,68,52,03-Diabetes-Friendly-Weight-Loss/1600-kcal/1600-kcal-Eggetarian-Diabetes-Friendly-Weight-Loss-Option-29.pdf
Diabetes-Friendly Weight Loss,1600,Eggetarian,30,1600,68,55,03-Diabetes-Friendly-Weight-Loss/1600-kcal/1600-kcal-Eggetarian-Diabetes-Friendly-Weight-Loss-Option-30.pdf
Diabetes-Friendly Weight Loss,1600,Non-Vegetarian,1,1591,75,69,03-Diabetes-Friendly-Weight-Loss/1600-kcal/1600-kcal-Non-Vegetarian-Diabetes-Friendly-Weight-Loss-Option-01.pdf
Diabetes-Friendly Weight Loss,1600,Non-Vegetarian,2,1605,81,62,03-Diabetes-Friendly-Weight-Loss/1600-kcal/1600-kcal-Non-Vegetarian-Diabetes-Friendly-Weight-Loss-Option-02.pdf
Diabetes-Friendly Weight Loss,1600,Non-Vegetarian,3,1593,77,56,03-Diabetes-Friendly-Weight-Loss/1600-kcal/1600-kcal-Non-Vegetarian-Diabetes-Friendly-Weight-Loss-Option-03.pdf
Diabetes-Friendly Weight Loss,1600,Non-Vegetarian,4,1590,77,62,03-Diabetes-Friendly-Weight-Loss/1600-kcal/1600-kcal-Non-Vegetarian-Diabetes-Friendly-Weight-Loss-Option-04.pdf
Diabetes-Friendly Weight Loss,1600,Non-Vegetarian,5,1581,75,57,03-Diabetes-Friendly-Weight-Loss/1600-kcal/1600-kcal-Non-Vegetarian-Diabetes-Friendly-Weight-Loss-Option-05.pdf
Diabetes-Friendly Weight Loss,1600,Non-Vegetarian,6,1583,77,72,03-Diabetes-Friendly-Weight-Loss/1600-kcal/1600-kcal-Non-Vegetarian-Diabetes-Friendly-Weight-Loss-Option-06.pdf
Diabetes-Friendly Weight Loss,1600,Non-Vegetarian,7,1610,80,64,03-Diabetes-Friendly-Weight-Loss/1600-kcal/1600-kcal-Non-Vegetarian-Diabetes-Friendly-Weight-Loss-Option-07.pdf
Diabetes-Friendly Weight Loss,1600,Non-Vegetarian,8,1612,82,52,03-Diabetes-Friendly-Weight-Loss/1600-kcal/1600-kcal-Non-Vegetarian-Diabetes-Friendly-Weight-Loss-Option-08.pdf
Diabetes-Friendly Weight Loss,1600,Non-Vegetarian,9,1589,77,64,03-Diabetes-Friendly-Weight-Loss/1600-kcal/1600-kcal-Non-Vegetarian-Diabetes-Friendly-Weight-Loss-Option-09.pdf
Diabetes-Friendly Weight Loss,1600,Non-Vegetarian,10,1594,80,69,03-Diabetes-Friendly-Weight-Loss/1600-kcal/1600-kcal-Non-Vegetarian-Diabetes-Friendly-Weight-Loss-Option-10.pdf
Diabetes-Friendly Weight Loss,1600,Non-Vegetarian,11,1602,78,63,03-Diabetes-Friendly-Weight-Loss/1600-kcal/1600-kcal-Non-Vegetarian-Diabetes-Friendly-Weight-Loss-Option-11.pdf
Diabetes-Friendly Weight Loss,1600,Non-Vegetarian,12,1603,75,66,03-Diabetes-Friendly-Weight-Loss/1600-kcal/1600-kcal-Non-Vegetarian-Diabetes-Friendly-Weight-Loss-Option-12.pdf
Diabetes-Friendly Weight Loss,1600,Non-Vegetarian,13,1584,78,59,03-Diabetes-Friendly-Weight-Loss/1600-kcal/1600-kcal-Non-Vegetarian-Diabetes-Friendly-Weight-Loss-Option-13.pdf
Diabetes-Friendly Weight Loss,1600,Non-Vegetarian,14,1581,80,68,03-Diabetes-Friendly-Weight-Loss/1600-kcal/1600-kcal-Non-Vegetarian-Diabetes-Friendly-Weight-Loss-Option-14.pdf
Diabetes-Friendly Weight Loss,1600,Non-Vegetarian,15,1596,84,77,03-Diabetes-Friendly-Weight-Loss/1600-kcal/1600-kcal-Non-Vegetarian-Diabetes-Friendly-Weight-Loss-Option-15.pdf
Diabetes-Friendly Weight Loss,1600,Non-Vegetarian,16,1599,86,75,03-Diabetes-Friendly-Weight-Loss/1600-kcal/1600-kcal-Non-Vegetarian-Diabetes-Friendly-Weight-Loss-Option-16.pdf
Diabetes-Friendly Weight Loss,1600,Non-Vegetarian,17,1595,78,63,03-Diabetes-Friendly-Weight-Loss/1600-kcal/1600-kcal-Non-Vegetarian-Diabetes-Friendly-Weight-Loss-Option-17.pdf
Diabetes-Friendly Weight Loss,1600,Non-Vegetarian,18,1606,74,70,03-Diabetes-Friendly-Weight-Loss/1600-kcal/1600-kcal-Non-Vegetarian-Diabetes-Friendly-Weight-Loss-Option-18.pdf
Diabetes-Friendly Weight Loss,1600,Non-Vegetarian,19,1596,82,74,03-Diabetes-Friendly-Weight-Loss/1600-kcal/1600-kcal-Non-Vegetarian-Diabetes-Friendly-Weight-Loss-Option-19.pdf
Diabetes-Friendly Weight Loss,1600,Non-Vegetarian,20,1591,79,70,03-Diabetes-Friendly-Weight-Loss/1600-kcal/1600-kcal-Non-Vegetarian-Diabetes-Friendly-Weight-Loss-Option-20.pdf
Diabetes-Friendly Weight Loss,1600,Non-Vegetarian,21,1583,81,71,03-Diabetes-Friendly-Weight-Loss/1600-kcal/1600-kcal-Non-Vegetarian-Diabetes-Friendly-Weight-Loss-Option-21.pdf
Diabetes-Friendly Weight Loss,1600,Non-Vegetarian,22,1596,78,62,03-Diabetes-Friendly-Weight-Loss/1600-kcal/1600-kcal-Non-Vegetarian-Diabetes-Friendly-Weight-Loss-Option-22.pdf
Diabetes-Friendly Weight Loss,1600,Non-Vegetarian,23,1593,71,55,03-Diabetes-Friendly-Weight-Loss/1600-kcal/1600-kcal-Non-Vegetarian-Diabetes-Friendly-Weight-Loss-Option-23.pdf
Diabetes-Friendly Weight Loss,1600,Non-Vegetarian,24,1594,76,61,03-Diabetes-Friendly-Weight-Loss/1600-kcal/1600-kcal-Non-Vegetarian-Diabetes-Friendly-Weight-Loss-Option-24.pdf
Diabetes-Friendly Weight Loss,1600,Non-Vegetarian,25,1601,76,60,03-Diabetes-Friendly-Weight-Loss/1600-kcal/1600-kcal-Non-Vegetarian-Diabetes-Friendly-Weight-Loss-Option-25.pdf
Diabetes-Friendly Weight Loss,1600,Non-Vegetarian,26,1607,76,66,03-Diabetes-Friendly-Weight-Loss/1600-kcal/1600-kcal-Non-Vegetarian-Diabetes-Friendly-Weight-Loss-Option-26.pdf
Diabetes-Friendly Weight Loss,1600,Non-Vegetarian,27,1602,77,57,03-Diabetes-Friendly-Weight-Loss/1600-kcal/1600-kcal-Non-Vegetarian-Diabetes-Friendly-Weight-Loss-Option-27.pdf
Diabetes-Friendly Weight Loss,1600,Non-Vegetarian,28,1605,81,70,03-Diabetes-Friendly-Weight-Loss/1600-kcal/1600-kcal-Non-Vegetarian-Diabetes-Friendly-Weight-Loss-Option-28.pdf
Diabetes-Friendly Weight Loss,1600,Non-Vegetarian,29,1602,77,69,03-Diabetes-Friendly-Weight-Loss/1600-kcal/1600-kcal-Non-Vegetarian-Diabetes-Friendly-Weight-Loss-Option-29.pdf
Diabetes-Friendly Weight Loss,1600,Non-Vegetarian,30,1587,80,70,03-Diabetes-Friendly-Weight-Loss/1600-kcal/1600-kcal-Non-Vegetarian-Diabetes-Friendly-Weight-Loss-Option-30.pdf
Diabetes-Friendly Weight Loss,1800,Vegetarian,1,1813,70,62,03-Diabetes-Friendly-Weight-Loss/1800-kcal/1800-kcal-Vegetarian-Diabetes-Friendly-Weight-Loss-Option-01.pdf
Diabetes-Friendly Weight Loss,1800,Vegetarian,2,1815,73,65,03-Diabetes-Friendly-Weight-Loss/1800-kcal/1800-kcal-Vegetarian-Diabetes-Friendly-Weight-Loss-Option-02.pdf
Diabetes-Friendly Weight Loss,1800,Vegetarian,3,1814,74,62,03-Diabetes-Friendly-Weight-Loss/1800-kcal/1800-kcal-Vegetarian-Diabetes-Friendly-Weight-Loss-Option-03.pdf
Diabetes-Friendly Weight Loss,1800,Vegetarian,4,1785,70,60,03-Diabetes-Friendly-Weight-Loss/1800-kcal/1800-kcal-Vegetarian-Diabetes-Friendly-Weight-Loss-Option-04.pdf
Diabetes-Friendly Weight Loss,1800,Vegetarian,5,1796,68,59,03-Diabetes-Friendly-Weight-Loss/1800-kcal/1800-kcal-Vegetarian-Diabetes-Friendly-Weight-Loss-Option-05.pdf
Diabetes-Friendly Weight Loss,1800,Vegetarian,6,1810,69,53,03-Diabetes-Friendly-Weight-Loss/1800-kcal/1800-kcal-Vegetarian-Diabetes-Friendly-Weight-Loss-Option-06.pdf
Diabetes-Friendly Weight Loss,1800,Vegetarian,7,1803,66,54,03-Diabetes-Friendly-Weight-Loss/1800-kcal/1800-kcal-Vegetarian-Diabetes-Friendly-Weight-Loss-Option-07.pdf
Diabetes-Friendly Weight Loss,1800,Vegetarian,8,1800,77,66,03-Diabetes-Friendly-Weight-Loss/1800-kcal/1800-kcal-Vegetarian-Diabetes-Friendly-Weight-Loss-Option-08.pdf
Diabetes-Friendly Weight Loss,1800,Vegetarian,9,1790,71,62,03-Diabetes-Friendly-Weight-Loss/1800-kcal/1800-kcal-Vegetarian-Diabetes-Friendly-Weight-Loss-Option-09.pdf
Diabetes-Friendly Weight Loss,1800,Vegetarian,10,1787,65,53,03-Diabetes-Friendly-Weight-Loss/1800-kcal/1800-kcal-Vegetarian-Diabetes-Friendly-Weight-Loss-Option-10.pdf
Diabetes-Friendly Weight Loss,1800,Vegetarian,11,1801,67,58,03-Diabetes-Friendly-Weight-Loss/1800-kcal/1800-kcal-Vegetarian-Diabetes-Friendly-Weight-Loss-Option-11.pdf
Diabetes-Friendly Weight Loss,1800,Vegetarian,12,1801,69,62,03-Diabetes-Friendly-Weight-Loss/1800-kcal/1800-kcal-Vegetarian-Diabetes-Friendly-Weight-Loss-Option-12.pdf
Diabetes-Friendly Weight Loss,1800,Vegetarian,13,1780,67,55,03-Diabetes-Friendly-Weight-Loss/1800-kcal/1800-kcal-Vegetarian-Diabetes-Friendly-Weight-Loss-Option-13.pdf
Diabetes-Friendly Weight Loss,1800,Vegetarian,14,1783,66,56,03-Diabetes-Friendly-Weight-Loss/1800-kcal/1800-kcal-Vegetarian-Diabetes-Friendly-Weight-Loss-Option-14.pdf
Diabetes-Friendly Weight Loss,1800,Vegetarian,15,1792,68,63,03-Diabetes-Friendly-Weight-Loss/1800-kcal/1800-kcal-Vegetarian-Diabetes-Friendly-Weight-Loss-Option-15.pdf
Diabetes-Friendly Weight Loss,1800,Vegetarian,16,1814,66,59,03-Diabetes-Friendly-Weight-Loss/1800-kcal/1800-kcal-Vegetarian-Diabetes-Friendly-Weight-Loss-Option-16.pdf
Diabetes-Friendly Weight Loss,1800,Vegetarian,17,1799,74,61,03-Diabetes-Friendly-Weight-Loss/1800-kcal/1800-kcal-Vegetarian-Diabetes-Friendly-Weight-Loss-Option-17.pdf
Diabetes-Friendly Weight Loss,1800,Vegetarian,18,1798,72,65,03-Diabetes-Friendly-Weight-Loss/1800-kcal/1800-kcal-Vegetarian-Diabetes-Friendly-Weight-Loss-Option-18.pdf
Diabetes-Friendly Weight Loss,1800,Vegetarian,19,1799,70,63,03-Diabetes-Friendly-Weight-Loss/1800-kcal/1800-kcal-Vegetarian-Diabetes-Friendly-Weight-Loss-Option-19.pdf
Diabetes-Friendly Weight Loss,1800,Vegetarian,20,1785,74,59,03-Diabetes-Friendly-Weight-Loss/1800-kcal/1800-kcal-Vegetarian-Diabetes-Friendly-Weight-Loss-Option-20.pdf
Diabetes-Friendly Weight Loss,1800,Vegetarian,21,1816,70,56,03-Diabetes-Friendly-Weight-Loss/1800-kcal/1800-kcal-Vegetarian-Diabetes-Friendly-Weight-Loss-Option-21.pdf
Diabetes-Friendly Weight Loss,1800,Vegetarian,22,1792,70,65,03-Diabetes-Friendly-Weight-Loss/1800-kcal/1800-kcal-Vegetarian-Diabetes-Friendly-Weight-Loss-Option-22.pdf
Diabetes-Friendly Weight Loss,1800,Vegetarian,23,1802,71,65,03-Diabetes-Friendly-Weight-Loss/1800-kcal/1800-kcal-Vegetarian-Diabetes-Friendly-Weight-Loss-Option-23.pdf
Diabetes-Friendly Weight Loss,1800,Vegetarian,24,1796,68,56,03-Diabetes-Friendly-Weight-Loss/1800-kcal/1800-kcal-Vegetarian-Diabetes-Friendly-Weight-Loss-Option-24.pdf
Diabetes-Friendly Weight Loss,1800,Vegetarian,25,1795,70,62,03-Diabetes-Friendly-Weight-Loss/1800-kcal/1800-kcal-Vegetarian-Diabetes-Friendly-Weight-Loss-Option-25.pdf
Diabetes-Friendly Weight Loss,1800,Vegetarian,26,1792,65,59,03-Diabetes-Friendly-Weight-Loss/1800-kcal/1800-kcal-Vegetarian-Diabetes-Friendly-Weight-Loss-Option-26.pdf
Diabetes-Friendly Weight Loss,1800,Vegetarian,27,1789,71,63,03-Diabetes-Friendly-Weight-Loss/1800-kcal/1800-kcal-Vegetarian-Diabetes-Friendly-Weight-Loss-Option-27.pdf
Diabetes-Friendly Weight Loss,1800,Vegetarian,28,1781,70,59,03-Diabetes-Friendly-Weight-Loss/1800-kcal/1800-kcal-Vegetarian-Diabetes-Friendly-Weight-Loss-Option-28.pdf
Diabetes-Friendly Weight Loss,1800,Vegetarian,29,1811,69,60,03-Diabetes-Friendly-Weight-Loss/1800-kcal/1800-kcal-Vegetarian-Diabetes-Friendly-Weight-Loss-Option-29.pdf
Diabetes-Friendly Weight Loss,1800,Vegetarian,30,1789,66,59,03-Diabetes-Friendly-Weight-Loss/1800-kcal/1800-kcal-Vegetarian-Diabetes-Friendly-Weight-Loss-Option-30.pdf
Diabetes-Friendly Weight Loss,1800,Vegan,1,1793,67,56,03-Diabetes-Friendly-Weight-Loss/1800-kcal/1800-kcal-Vegan-Diabetes-Friendly-Weight-Loss-Option-01.pdf
Diabetes-Friendly Weight Loss,1800,Vegan,2,1788,64,54,03-Diabetes-Friendly-Weight-Loss/1800-kcal/1800-kcal-Vegan-Diabetes-Friendly-Weight-Loss-Option-02.pdf
Diabetes-Friendly Weight Loss,1800,Vegan,3,1786,66,59,03-Diabetes-Friendly-Weight-Loss/1800-kcal/1800-kcal-Vegan-Diabetes-Friendly-Weight-Loss-Option-03.pdf
Diabetes-Friendly Weight Loss,1800,Vegan,4,1799,68,57,03-Diabetes-Friendly-Weight-Loss/1800-kcal/1800-kcal-Vegan-Diabetes-Friendly-Weight-Loss-Option-04.pdf
Diabetes-Friendly Weight Loss,1800,Vegan,5,1784,66,55,03-Diabetes-Friendly-Weight-Loss/1800-kcal/1800-kcal-Vegan-Diabetes-Friendly-Weight-Loss-Option-05.pdf
Diabetes-Friendly Weight Loss,1800,Vegan,6,1793,65,48,03-Diabetes-Friendly-Weight-Loss/1800-kcal/1800-kcal-Vegan-Diabetes-Friendly-Weight-Loss-Option-06.pdf
Diabetes-Friendly Weight Loss,1800,Vegan,7,1796,72,65,03-Diabetes-Friendly-Weight-Loss/1800-kcal/1800-kcal-Vegan-Diabetes-Friendly-Weight-Loss-Option-07.pdf
Diabetes-Friendly Weight Loss,1800,Vegan,8,1773,66,60,03-Diabetes-Friendly-Weight-Loss/1800-kcal/1800-kcal-Vegan-Diabetes-Friendly-Weight-Loss-Option-08.pdf
Diabetes-Friendly Weight Loss,1800,Vegan,9,1785,65,58,03-Diabetes-Friendly-Weight-Loss/1800-kcal/1800-kcal-Vegan-Diabetes-Friendly-Weight-Loss-Option-09.pdf
Diabetes-Friendly Weight Loss,1800,Vegan,10,1793,68,60,03-Diabetes-Friendly-Weight-Loss/1800-kcal/1800-kcal-Vegan-Diabetes-Friendly-Weight-Loss-Option-10.pdf
Diabetes-Friendly Weight Loss,1800,Vegan,11,1792,70,59,03-Diabetes-Friendly-Weight-Loss/1800-kcal/1800-kcal-Vegan-Diabetes-Friendly-Weight-Loss-Option-11.pdf
Diabetes-Friendly Weight Loss,1800,Vegan,12,1798,70,63,03-Diabetes-Friendly-Weight-Loss/1800-kcal/1800-kcal-Vegan-Diabetes-Friendly-Weight-Loss-Option-12.pdf
Diabetes-Friendly Weight Loss,1800,Vegan,13,1788,66,54,03-Diabetes-Friendly-Weight-Loss/1800-kcal/1800-kcal-Vegan-Diabetes-Friendly-Weight-Loss-Option-13.pdf
Diabetes-Friendly Weight Loss,1800,Vegan,14,1796,71,61,03-Diabetes-Friendly-Weight-Loss/1800-kcal/1800-kcal-Vegan-Diabetes-Friendly-Weight-Loss-Option-14.pdf
Diabetes-Friendly Weight Loss,1800,Vegan,15,1785,69,54,03-Diabetes-Friendly-Weight-Loss/1800-kcal/1800-kcal-Vegan-Diabetes-Friendly-Weight-Loss-Option-15.pdf
Diabetes-Friendly Weight Loss,1800,Vegan,16,1776,65,55,03-Diabetes-Friendly-Weight-Loss/1800-kcal/1800-kcal-Vegan-Diabetes-Friendly-Weight-Loss-Option-16.pdf
Diabetes-Friendly Weight Loss,1800,Vegan,17,1799,66,59,03-Diabetes-Friendly-Weight-Loss/1800-kcal/1800-kcal-Vegan-Diabetes-Friendly-Weight-Loss-Option-17.pdf
Diabetes-Friendly Weight Loss,1800,Vegan,18,1783,68,59,03-Diabetes-Friendly-Weight-Loss/1800-kcal/1800-kcal-Vegan-Diabetes-Friendly-Weight-Loss-Option-18.pdf
Diabetes-Friendly Weight Loss,1800,Vegan,19,1804,69,61,03-Diabetes-Friendly-Weight-Loss/1800-kcal/1800-kcal-Vegan-Diabetes-Friendly-Weight-Loss-Option-19.pdf
Diabetes-Friendly Weight Loss,1800,Vegan,20,1788,66,58,03-Diabetes-Friendly-Weight-Loss/1800-kcal/1800-kcal-Vegan-Diabetes-Friendly-Weight-Loss-Option-20.pdf
Diabetes-Friendly Weight Loss,1800,Vegan,21,1792,70,60,03-Diabetes-Friendly-Weight-Loss/1800-kcal/1800-kcal-Vegan-Diabetes-Friendly-Weight-Loss-Option-21.pdf
Diabetes-Friendly Weight Loss,1800,Vegan,22,1802,68,64,03-Diabetes-Friendly-Weight-Loss/1800-kcal/1800-kcal-Vegan-Diabetes-Friendly-Weight-Loss-Option-22.pdf
Diabetes-Friendly Weight Loss,1800,Vegan,23,1781,67,58,03-Diabetes-Friendly-Weight-Loss/1800-kcal/1800-kcal-Vegan-Diabetes-Friendly-Weight-Loss-Option-23.pdf
Diabetes-Friendly Weight Loss,1800,Vegan,24,1799,70,58,03-Diabetes-Friendly-Weight-Loss/1800-kcal/1800-kcal-Vegan-Diabetes-Friendly-Weight-Loss-Option-24.pdf
Diabetes-Friendly Weight Loss,1800,Vegan,25,1794,67,57,03-Diabetes-Friendly-Weight-Loss/1800-kcal/1800-kcal-Vegan-Diabetes-Friendly-Weight-Loss-Option-25.pdf
Diabetes-Friendly Weight Loss,1800,Vegan,26,1804,65,53,03-Diabetes-Friendly-Weight-Loss/1800-kcal/1800-kcal-Vegan-Diabetes-Friendly-Weight-Loss-Option-26.pdf
Diabetes-Friendly Weight Loss,1800,Vegan,27,1799,66,59,03-Diabetes-Friendly-Weight-Loss/1800-kcal/1800-kcal-Vegan-Diabetes-Friendly-Weight-Loss-Option-27.pdf
Diabetes-Friendly Weight Loss,1800,Vegan,28,1786,66,56,03-Diabetes-Friendly-Weight-Loss/1800-kcal/1800-kcal-Vegan-Diabetes-Friendly-Weight-Loss-Option-28.pdf
Diabetes-Friendly Weight Loss,1800,Vegan,29,1803,68,63,03-Diabetes-Friendly-Weight-Loss/1800-kcal/1800-kcal-Vegan-Diabetes-Friendly-Weight-Loss-Option-29.pdf
Diabetes-Friendly Weight Loss,1800,Vegan,30,1789,69,65,03-Diabetes-Friendly-Weight-Loss/1800-kcal/1800-kcal-Vegan-Diabetes-Friendly-Weight-Loss-Option-30.pdf
Diabetes-Friendly Weight Loss,1800,Eggetarian,1,1795,69,58,03-Diabetes-Friendly-Weight-Loss/1800-kcal/1800-kcal-Eggetarian-Diabetes-Friendly-Weight-Loss-Option-01.pdf
Diabetes-Friendly Weight Loss,1800,Eggetarian,2,1783,73,56,03-Diabetes-Friendly-Weight-Loss/1800-kcal/1800-kcal-Eggetarian-Diabetes-Friendly-Weight-Loss-Option-02.pdf
Diabetes-Friendly Weight Loss,1800,Eggetarian,3,1802,75,64,03-Diabetes-Friendly-Weight-Loss/1800-kcal/1800-kcal-Eggetarian-Diabetes-Friendly-Weight-Loss-Option-03.pdf
Diabetes-Friendly Weight Loss,1800,Eggetarian,4,1807,75,63,03-Diabetes-Friendly-Weight-Loss/1800-kcal/1800-kcal-Eggetarian-Diabetes-Friendly-Weight-Loss-Option-04.pdf
Diabetes-Friendly Weight Loss,1800,Eggetarian,5,1788,81,72,03-Diabetes-Friendly-Weight-Loss/1800-kcal/1800-kcal-Eggetarian-Diabetes-Friendly-Weight-Loss-Option-05.pdf
Diabetes-Friendly Weight Loss,1800,Eggetarian,6,1789,74,59,03-Diabetes-Friendly-Weight-Loss/1800-kcal/1800-kcal-Eggetarian-Diabetes-Friendly-Weight-Loss-Option-06.pdf
Diabetes-Friendly Weight Loss,1800,Eggetarian,7,1778,75,59,03-Diabetes-Friendly-Weight-Loss/1800-kcal/1800-kcal-Eggetarian-Diabetes-Friendly-Weight-Loss-Option-07.pdf
Diabetes-Friendly Weight Loss,1800,Eggetarian,8,1790,75,62,03-Diabetes-Friendly-Weight-Loss/1800-kcal/1800-kcal-Eggetarian-Diabetes-Friendly-Weight-Loss-Option-08.pdf
Diabetes-Friendly Weight Loss,1800,Eggetarian,9,1794,77,62,03-Diabetes-Friendly-Weight-Loss/1800-kcal/1800-kcal-Eggetarian-Diabetes-Friendly-Weight-Loss-Option-09.pdf
Diabetes-Friendly Weight Loss,1800,Eggetarian,10,1790,75,61,03-Diabetes-Friendly-Weight-Loss/1800-kcal/1800-kcal-Eggetarian-Diabetes-Friendly-Weight-Loss-Option-10.pdf
Diabetes-Friendly Weight Loss,1800,Eggetarian,11,1795,84,64,03-Diabetes-Friendly-Weight-Loss/1800-kcal/1800-kcal-Eggetarian-Diabetes-Friendly-Weight-Loss-Option-11.pdf
Diabetes-Friendly Weight Loss,1800,Eggetarian,12,1795,74,57,03-Diabetes-Friendly-Weight-Loss/1800-kcal/1800-kcal-Eggetarian-Diabetes-Friendly-Weight-Loss-Option-12.pdf
Diabetes-Friendly Weight Loss,1800,Eggetarian,13,1800,75,60,03-Diabetes-Friendly-Weight-Loss/1800-kcal/1800-kcal-Eggetarian-Diabetes-Friendly-Weight-Loss-Option-13.pdf
Diabetes-Friendly Weight Loss,1800,Eggetarian,14,1797,81,70,03-Diabetes-Friendly-Weight-Loss/1800-kcal/1800-kcal-Eggetarian-Diabetes-Friendly-Weight-Loss-Option-14.pdf
Diabetes-Friendly Weight Loss,1800,Eggetarian,15,1792,73,60,03-Diabetes-Friendly-Weight-Loss/1800-kcal/1800-kcal-Eggetarian-Diabetes-Friendly-Weight-Loss-Option-15.pdf
Diabetes-Friendly Weight Loss,1800,Eggetarian,16,1802,76,66,03-Diabetes-Friendly-Weight-Loss/1800-kcal/1800-kcal-Eggetarian-Diabetes-Friendly-Weight-Loss-Option-16.pdf
Diabetes-Friendly Weight Loss,1800,Eggetarian,17,1804,81,62,03-Diabetes-Friendly-Weight-Loss/1800-kcal/1800-kcal-Eggetarian-Diabetes-Friendly-Weight-Loss-Option-17.pdf
Diabetes-Friendly Weight Loss,1800,Eggetarian,18,1778,74,56,03-Diabetes-Friendly-Weight-Loss/1800-kcal/1800-kcal-Eggetarian-Diabetes-Friendly-Weight-Loss-Option-18.pdf
Diabetes-Friendly Weight Loss,1800,Eggetarian,19,1792,77,64,03-Diabetes-Friendly-Weight-Loss/1800-kcal/1800-kcal-Eggetarian-Diabetes-Friendly-Weight-Loss-Option-19.pdf
Diabetes-Friendly Weight Loss,1800,Eggetarian,20,1802,74,57,03-Diabetes-Friendly-Weight-Loss/1800-kcal/1800-kcal-Eggetarian-Diabetes-Friendly-Weight-Loss-Option-20.pdf
Diabetes-Friendly Weight Loss,1800,Eggetarian,21,1801,74,59,03-Diabetes-Friendly-Weight-Loss/1800-kcal/1800-kcal-Eggetarian-Diabetes-Friendly-Weight-Loss-Option-21.pdf
Diabetes-Friendly Weight Loss,1800,Eggetarian,22,1794,76,69,03-Diabetes-Friendly-Weight-Loss/1800-kcal/1800-kcal-Eggetarian-Diabetes-Friendly-Weight-Loss-Option-22.pdf
Diabetes-Friendly Weight Loss,1800,Eggetarian,23,1794,72,55,03-Diabetes-Friendly-Weight-Loss/1800-kcal/1800-kcal-Eggetarian-Diabetes-Friendly-Weight-Loss-Option-23.pdf
Diabetes-Friendly Weight Loss,1800,Eggetarian,24,1790,75,64,03-Diabetes-Friendly-Weight-Loss/1800-kcal/1800-kcal-Eggetarian-Diabetes-Friendly-Weight-Loss-Option-24.pdf
Diabetes-Friendly Weight Loss,1800,Eggetarian,25,1788,76,58,03-Diabetes-Friendly-Weight-Loss/1800-kcal/1800-kcal-Eggetarian-Diabetes-Friendly-Weight-Loss-Option-25.pdf
Diabetes-Friendly Weight Loss,1800,Eggetarian,26,1801,76,65,03-Diabetes-Friendly-Weight-Loss/1800-kcal/1800-kcal-Eggetarian-Diabetes-Friendly-Weight-Loss-Option-26.pdf
Diabetes-Friendly Weight Loss,1800,Eggetarian,27,1800,78,56,03-Diabetes-Friendly-Weight-Loss/1800-kcal/1800-kcal-Eggetarian-Diabetes-Friendly-Weight-Loss-Option-27.pdf
Diabetes-Friendly Weight Loss,1800,Eggetarian,28,1794,78,56,03-Diabetes-Friendly-Weight-Loss/1800-kcal/1800-kcal-Eggetarian-Diabetes-Friendly-Weight-Loss-Option-28.pdf
Diabetes-Friendly Weight Loss,1800,Eggetarian,29,1808,72,63,03-Diabetes-Friendly-Weight-Loss/1800-kcal/1800-kcal-Eggetarian-Diabetes-Friendly-Weight-Loss-Option-29.pdf
Diabetes-Friendly Weight Loss,1800,Eggetarian,30,1790,74,60,03-Diabetes-Friendly-Weight-Loss/1800-kcal/1800-kcal-Eggetarian-Diabetes-Friendly-Weight-Loss-Option-30.pdf
Diabetes-Friendly Weight Loss,1800,Non-Vegetarian,1,1802,86,63,03-Diabetes-Friendly-Weight-Loss/1800-kcal/1800-kcal-Non-Vegetarian-Diabetes-Friendly-Weight-Loss-Option-01.pdf
Diabetes-Friendly Weight Loss,1800,Non-Vegetarian,2,1789,86,62,03-Diabetes-Friendly-Weight-Loss/1800-kcal/1800-kcal-Non-Vegetarian-Diabetes-Friendly-Weight-Loss-Option-02.pdf
Diabetes-Friendly Weight Loss,1800,Non-Vegetarian,3,1780,88,66,03-Diabetes-Friendly-Weight-Loss/1800-kcal/1800-kcal-Non-Vegetarian-Diabetes-Friendly-Weight-Loss-Option-03.pdf
Diabetes-Friendly Weight Loss,1800,Non-Vegetarian,4,1797,82,68,03-Diabetes-Friendly-Weight-Loss/1800-kcal/1800-kcal-Non-Vegetarian-Diabetes-Friendly-Weight-Loss-Option-04.pdf
Diabetes-Friendly Weight Loss,1800,Non-Vegetarian,5,1804,89,65,03-Diabetes-Friendly-Weight-Loss/1800-kcal/1800-kcal-Non-Vegetarian-Diabetes-Friendly-Weight-Loss-Option-05.pdf
Diabetes-Friendly Weight Loss,1800,Non-Vegetarian,6,1778,90,75,03-Diabetes-Friendly-Weight-Loss/1800-kcal/1800-kcal-Non-Vegetarian-Diabetes-Friendly-Weight-Loss-Option-06.pdf
Diabetes-Friendly Weight Loss,1800,Non-Vegetarian,7,1782,87,71,03-Diabetes-Friendly-Weight-Loss/1800-kcal/1800-kcal-Non-Vegetarian-Diabetes-Friendly-Weight-Loss-Option-07.pdf
Diabetes-Friendly Weight Loss,1800,Non-Vegetarian,8,1784,87,80,03-Diabetes-Friendly-Weight-Loss/1800-kcal/1800-kcal-Non-Vegetarian-Diabetes-Friendly-Weight-Loss-Option-08.pdf
Diabetes-Friendly Weight Loss,1800,Non-Vegetarian,9,1813,85,70,03-Diabetes-Friendly-Weight-Loss/1800-kcal/1800-kcal-Non-Vegetarian-Diabetes-Friendly-Weight-Loss-Option-09.pdf
Diabetes-Friendly Weight Loss,1800,Non-Vegetarian,10,1774,85,73,03-Diabetes-Friendly-Weight-Loss/1800-kcal/1800-kcal-Non-Vegetarian-Diabetes-Friendly-Weight-Loss-Option-10.pdf
Diabetes-Friendly Weight Loss,1800,Non-Vegetarian,11,1795,87,62,03-Diabetes-Friendly-Weight-Loss/1800-kcal/1800-kcal-Non-Vegetarian-Diabetes-Friendly-Weight-Loss-Option-11.pdf
Diabetes-Friendly Weight Loss,1800,Non-Vegetarian,12,1797,86,70,03-Diabetes-Friendly-Weight-Loss/1800-kcal/1800-kcal-Non-Vegetarian-Diabetes-Friendly-Weight-Loss-Option-12.pdf
Diabetes-Friendly Weight Loss,1800,Non-Vegetarian,13,1782,88,64,03-Diabetes-Friendly-Weight-Loss/1800-kcal/1800-kcal-Non-Vegetarian-Diabetes-Friendly-Weight-Loss-Option-13.pdf
Diabetes-Friendly Weight Loss,1800,Non-Vegetarian,14,1777,88,77,03-Diabetes-Friendly-Weight-Loss/1800-kcal/1800-kcal-Non-Vegetarian-Diabetes-Friendly-Weight-Loss-Option-14.pdf
Diabetes-Friendly Weight Loss,1800,Non-Vegetarian,15,1784,92,72,03-Diabetes-Friendly-Weight-Loss/1800-kcal/1800-kcal-Non-Vegetarian-Diabetes-Friendly-Weight-Loss-Option-15.pdf
Diabetes-Friendly Weight Loss,1800,Non-Vegetarian,16,1785,94,73,03-Diabetes-Friendly-Weight-Loss/1800-kcal/1800-kcal-Non-Vegetarian-Diabetes-Friendly-Weight-Loss-Option-16.pdf
Diabetes-Friendly Weight Loss,1800,Non-Vegetarian,17,1796,82,70,03-Diabetes-Friendly-Weight-Loss/1800-kcal/1800-kcal-Non-Vegetarian-Diabetes-Friendly-Weight-Loss-Option-17.pdf
Diabetes-Friendly Weight Loss,1800,Non-Vegetarian,18,1795,90,73,03-Diabetes-Friendly-Weight-Loss/1800-kcal/1800-kcal-Non-Vegetarian-Diabetes-Friendly-Weight-Loss-Option-18.pdf
Diabetes-Friendly Weight Loss,1800,Non-Vegetarian,19,1787,84,72,03-Diabetes-Friendly-Weight-Loss/1800-kcal/1800-kcal-Non-Vegetarian-Diabetes-Friendly-Weight-Loss-Option-19.pdf
Diabetes-Friendly Weight Loss,1800,Non-Vegetarian,20,1782,84,77,03-Diabetes-Friendly-Weight-Loss/1800-kcal/1800-kcal-Non-Vegetarian-Diabetes-Friendly-Weight-Loss-Option-20.pdf
Diabetes-Friendly Weight Loss,1800,Non-Vegetarian,21,1789,86,70,03-Diabetes-Friendly-Weight-Loss/1800-kcal/1800-kcal-Non-Vegetarian-Diabetes-Friendly-Weight-Loss-Option-21.pdf
Diabetes-Friendly Weight Loss,1800,Non-Vegetarian,22,1791,87,68,03-Diabetes-Friendly-Weight-Loss/1800-kcal/1800-kcal-Non-Vegetarian-Diabetes-Friendly-Weight-Loss-Option-22.pdf
Diabetes-Friendly Weight Loss,1800,Non-Vegetarian,23,1811,89,65,03-Diabetes-Friendly-Weight-Loss/1800-kcal/1800-kcal-Non-Vegetarian-Diabetes-Friendly-Weight-Loss-Option-23.pdf
Diabetes-Friendly Weight Loss,1800,Non-Vegetarian,24,1806,92,76,03-Diabetes-Friendly-Weight-Loss/1800-kcal/1800-kcal-Non-Vegetarian-Diabetes-Friendly-Weight-Loss-Option-24.pdf
Diabetes-Friendly Weight Loss,1800,Non-Vegetarian,25,1793,84,68,03-Diabetes-Friendly-Weight-Loss/1800-kcal/1800-kcal-Non-Vegetarian-Diabetes-Friendly-Weight-Loss-Option-25.pdf
Diabetes-Friendly Weight Loss,1800,Non-Vegetarian,26,1790,84,74,03-Diabetes-Friendly-Weight-Loss/1800-kcal/1800-kcal-Non-Vegetarian-Diabetes-Friendly-Weight-Loss-Option-26.pdf
Diabetes-Friendly Weight Loss,1800,Non-Vegetarian,27,1807,85,74,03-Diabetes-Friendly-Weight-Loss/1800-kcal/1800-kcal-Non-Vegetarian-Diabetes-Friendly-Weight-Loss-Option-27.pdf
Diabetes-Friendly Weight Loss,1800,Non-Vegetarian,28,1798,88,75,03-Diabetes-Friendly-Weight-Loss/1800-kcal/1800-kcal-Non-Vegetarian-Diabetes-Friendly-Weight-Loss-Option-28.pdf
Diabetes-Friendly Weight Loss,1800,Non-Vegetarian,29,1772,84,61,03-Diabetes-Friendly-Weight-Loss/1800-kcal/1800-kcal-Non-Vegetarian-Diabetes-Friendly-Weight-Loss-Option-29.pdf
Diabetes-Friendly Weight Loss,1800,Non-Vegetarian,30,1781,85,59,03-Diabetes-Friendly-Weight-Loss/1800-kcal/1800-kcal-Non-Vegetarian-Diabetes-Friendly-Weight-Loss-Option-30.pdf
PCOS Weight Loss,1200,Vegetarian,1,1203,52,46,04-PCOS-Weight-Loss/1200-kcal/1200-kcal-Vegetarian-PCOS-Weight-Loss-Option-01.pdf
PCOS Weight Loss,1200,Vegetarian,2,1190,50,44,04-PCOS-Weight-Loss/1200-kcal/1200-kcal-Vegetarian-PCOS-Weight-Loss-Option-02.pdf
PCOS Weight Loss,1200,Vegetarian,3,1190,50,47,04-PCOS-Weight-Loss/1200-kcal/1200-kcal-Vegetarian-PCOS-Weight-Loss-Option-03.pdf
PCOS Weight Loss,1200,Vegetarian,4,1198,49,44,04-PCOS-Weight-Loss/1200-kcal/1200-kcal-Vegetarian-PCOS-Weight-Loss-Option-04.pdf
PCOS Weight Loss,1200,Vegetarian,5,1208,52,49,04-PCOS-Weight-Loss/1200-kcal/1200-kcal-Vegetarian-PCOS-Weight-Loss-Option-05.pdf
PCOS Weight Loss,1200,Vegetarian,6,1215,53,48,04-PCOS-Weight-Loss/1200-kcal/1200-kcal-Vegetarian-PCOS-Weight-Loss-Option-06.pdf
PCOS Weight Loss,1200,Vegetarian,7,1208,52,48,04-PCOS-Weight-Loss/1200-kcal/1200-kcal-Vegetarian-PCOS-Weight-Loss-Option-07.pdf
PCOS Weight Loss,1200,Vegetarian,8,1198,50,44,04-PCOS-Weight-Loss/1200-kcal/1200-kcal-Vegetarian-PCOS-Weight-Loss-Option-08.pdf
PCOS Weight Loss,1200,Vegetarian,9,1204,51,47,04-PCOS-Weight-Loss/1200-kcal/1200-kcal-Vegetarian-PCOS-Weight-Loss-Option-09.pdf
PCOS Weight Loss,1200,Vegetarian,10,1196,52,47,04-PCOS-Weight-Loss/1200-kcal/1200-kcal-Vegetarian-PCOS-Weight-Loss-Option-10.pdf
PCOS Weight Loss,1200,Vegetarian,11,1191,51,44,04-PCOS-Weight-Loss/1200-kcal/1200-kcal-Vegetarian-PCOS-Weight-Loss-Option-11.pdf
PCOS Weight Loss,1200,Vegetarian,12,1201,51,48,04-PCOS-Weight-Loss/1200-kcal/1200-kcal-Vegetarian-PCOS-Weight-Loss-Option-12.pdf
PCOS Weight Loss,1200,Vegetarian,13,1204,50,44,04-PCOS-Weight-Loss/1200-kcal/1200-kcal-Vegetarian-PCOS-Weight-Loss-Option-13.pdf
PCOS Weight Loss,1200,Vegetarian,14,1190,50,44,04-PCOS-Weight-Loss/1200-kcal/1200-kcal-Vegetarian-PCOS-Weight-Loss-Option-14.pdf
PCOS Weight Loss,1200,Vegetarian,15,1202,50,43,04-PCOS-Weight-Loss/1200-kcal/1200-kcal-Vegetarian-PCOS-Weight-Loss-Option-15.pdf
PCOS Weight Loss,1200,Vegetarian,16,1196,53,48,04-PCOS-Weight-Loss/1200-kcal/1200-kcal-Vegetarian-PCOS-Weight-Loss-Option-16.pdf
PCOS Weight Loss,1200,Vegetarian,17,1203,50,47,04-PCOS-Weight-Loss/1200-kcal/1200-kcal-Vegetarian-PCOS-Weight-Loss-Option-17.pdf
PCOS Weight Loss,1200,Vegetarian,18,1208,53,47,04-PCOS-Weight-Loss/1200-kcal/1200-kcal-Vegetarian-PCOS-Weight-Loss-Option-18.pdf
PCOS Weight Loss,1200,Vegetarian,19,1207,52,44,04-PCOS-Weight-Loss/1200-kcal/1200-kcal-Vegetarian-PCOS-Weight-Loss-Option-19.pdf
PCOS Weight Loss,1200,Vegetarian,20,1201,49,46,04-PCOS-Weight-Loss/1200-kcal/1200-kcal-Vegetarian-PCOS-Weight-Loss-Option-20.pdf
PCOS Weight Loss,1200,Vegetarian,21,1203,53,46,04-PCOS-Weight-Loss/1200-kcal/1200-kcal-Vegetarian-PCOS-Weight-Loss-Option-21.pdf
PCOS Weight Loss,1200,Vegetarian,22,1197,48,45,04-PCOS-Weight-Loss/1200-kcal/1200-kcal-Vegetarian-PCOS-Weight-Loss-Option-22.pdf
PCOS Weight Loss,1200,Vegetarian,23,1199,53,46,04-PCOS-Weight-Loss/1200-kcal/1200-kcal-Vegetarian-PCOS-Weight-Loss-Option-23.pdf
PCOS Weight Loss,1200,Vegetarian,24,1200,50,47,04-PCOS-Weight-Loss/1200-kcal/1200-kcal-Vegetarian-PCOS-Weight-Loss-Option-24.pdf
PCOS Weight Loss,1200,Vegetarian,25,1198,49,42,04-PCOS-Weight-Loss/1200-kcal/1200-kcal-Vegetarian-PCOS-Weight-Loss-Option-25.pdf
PCOS Weight Loss,1200,Vegetarian,26,1209,50,47,04-PCOS-Weight-Loss/1200-kcal/1200-kcal-Vegetarian-PCOS-Weight-Loss-Option-26.pdf
PCOS Weight Loss,1200,Vegetarian,27,1190,49,46,04-PCOS-Weight-Loss/1200-kcal/1200-kcal-Vegetarian-PCOS-Weight-Loss-Option-27.pdf
PCOS Weight Loss,1200,Vegetarian,28,1205,49,45,04-PCOS-Weight-Loss/1200-kcal/1200-kcal-Vegetarian-PCOS-Weight-Loss-Option-28.pdf
PCOS Weight Loss,1200,Vegetarian,29,1203,51,46,04-PCOS-Weight-Loss/1200-kcal/1200-kcal-Vegetarian-PCOS-Weight-Loss-Option-29.pdf
PCOS Weight Loss,1200,Vegetarian,30,1205,50,44,04-PCOS-Weight-Loss/1200-kcal/1200-kcal-Vegetarian-PCOS-Weight-Loss-Option-30.pdf
PCOS Weight Loss,1200,Vegan,1,1199,52,49,04-PCOS-Weight-Loss/1200-kcal/1200-kcal-Vegan-PCOS-Weight-Loss-Option-01.pdf
PCOS Weight Loss,1200,Vegan,2,1194,52,49,04-PCOS-Weight-Loss/1200-kcal/1200-kcal-Vegan-PCOS-Weight-Loss-Option-02.pdf
PCOS Weight Loss,1200,Vegan,3,1203,50,47,04-PCOS-Weight-Loss/1200-kcal/1200-kcal-Vegan-PCOS-Weight-Loss-Option-03.pdf
PCOS Weight Loss,1200,Vegan,4,1202,52,48,04-PCOS-Weight-Loss/1200-kcal/1200-kcal-Vegan-PCOS-Weight-Loss-Option-04.pdf
PCOS Weight Loss,1200,Vegan,5,1201,49,44,04-PCOS-Weight-Loss/1200-kcal/1200-kcal-Vegan-PCOS-Weight-Loss-Option-05.pdf
PCOS Weight Loss,1200,Vegan,6,1202,49,44,04-PCOS-Weight-Loss/1200-kcal/1200-kcal-Vegan-PCOS-Weight-Loss-Option-06.pdf
PCOS Weight Loss,1200,Vegan,7,1202,49,46,04-PCOS-Weight-Loss/1200-kcal/1200-kcal-Vegan-PCOS-Weight-Loss-Option-07.pdf
PCOS Weight Loss,1200,Vegan,8,1205,52,47,04-PCOS-Weight-Loss/1200-kcal/1200-kcal-Vegan-PCOS-Weight-Loss-Option-08.pdf
PCOS Weight Loss,1200,Vegan,9,1199,48,44,04-PCOS-Weight-Loss/1200-kcal/1200-kcal-Vegan-PCOS-Weight-Loss-Option-09.pdf
PCOS Weight Loss,1200,Vegan,10,1193,50,45,04-PCOS-Weight-Loss/1200-kcal/1200-kcal-Vegan-PCOS-Weight-Loss-Option-10.pdf
PCOS Weight Loss,1200,Vegan,11,1202,49,43,04-PCOS-Weight-Loss/1200-kcal/1200-kcal-Vegan-PCOS-Weight-Loss-Option-11.pdf
PCOS Weight Loss,1200,Vegan,12,1203,52,44,04-PCOS-Weight-Loss/1200-kcal/1200-kcal-Vegan-PCOS-Weight-Loss-Option-12.pdf
PCOS Weight Loss,1200,Vegan,13,1206,49,39,04-PCOS-Weight-Loss/1200-kcal/1200-kcal-Vegan-PCOS-Weight-Loss-Option-13.pdf
PCOS Weight Loss,1200,Vegan,14,1197,51,45,04-PCOS-Weight-Loss/1200-kcal/1200-kcal-Vegan-PCOS-Weight-Loss-Option-14.pdf
PCOS Weight Loss,1200,Vegan,15,1202,50,45,04-PCOS-Weight-Loss/1200-kcal/1200-kcal-Vegan-PCOS-Weight-Loss-Option-15.pdf
PCOS Weight Loss,1200,Vegan,16,1204,51,48,04-PCOS-Weight-Loss/1200-kcal/1200-kcal-Vegan-PCOS-Weight-Loss-Option-16.pdf
PCOS Weight Loss,1200,Vegan,17,1207,51,47,04-PCOS-Weight-Loss/1200-kcal/1200-kcal-Vegan-PCOS-Weight-Loss-Option-17.pdf
PCOS Weight Loss,1200,Vegan,18,1190,51,40,04-PCOS-Weight-Loss/1200-kcal/1200-kcal-Vegan-PCOS-Weight-Loss-Option-18.pdf
PCOS Weight Loss,1200,Vegan,19,1195,50,41,04-PCOS-Weight-Loss/1200-kcal/1200-kcal-Vegan-PCOS-Weight-Loss-Option-19.pdf
PCOS Weight Loss,1200,Vegan,20,1207,49,43,04-PCOS-Weight-Loss/1200-kcal/1200-kcal-Vegan-PCOS-Weight-Loss-Option-20.pdf
PCOS Weight Loss,1200,Vegan,21,1202,54,46,04-PCOS-Weight-Loss/1200-kcal/1200-kcal-Vegan-PCOS-Weight-Loss-Option-21.pdf
PCOS Weight Loss,1200,Vegan,22,1204,50,45,04-PCOS-Weight-Loss/1200-kcal/1200-kcal-Vegan-PCOS-Weight-Loss-Option-22.pdf
PCOS Weight Loss,1200,Vegan,23,1195,51,45,04-PCOS-Weight-Loss/1200-kcal/1200-kcal-Vegan-PCOS-Weight-Loss-Option-23.pdf
PCOS Weight Loss,1200,Vegan,24,1211,52,45,04-PCOS-Weight-Loss/1200-kcal/1200-kcal-Vegan-PCOS-Weight-Loss-Option-24.pdf
PCOS Weight Loss,1200,Vegan,25,1206,49,45,04-PCOS-Weight-Loss/1200-kcal/1200-kcal-Vegan-PCOS-Weight-Loss-Option-25.pdf
PCOS Weight Loss,1200,Vegan,26,1202,52,48,04-PCOS-Weight-Loss/1200-kcal/1200-kcal-Vegan-PCOS-Weight-Loss-Option-26.pdf
PCOS Weight Loss,1200,Vegan,27,1203,51,47,04-PCOS-Weight-Loss/1200-kcal/1200-kcal-Vegan-PCOS-Weight-Loss-Option-27.pdf
PCOS Weight Loss,1200,Vegan,28,1202,49,43,04-PCOS-Weight-Loss/1200-kcal/1200-kcal-Vegan-PCOS-Weight-Loss-Option-28.pdf
PCOS Weight Loss,1200,Vegan,29,1203,48,44,04-PCOS-Weight-Loss/1200-kcal/1200-kcal-Vegan-PCOS-Weight-Loss-Option-29.pdf
PCOS Weight Loss,1200,Vegan,30,1187,51,46,04-PCOS-Weight-Loss/1200-kcal/1200-kcal-Vegan-PCOS-Weight-Loss-Option-30.pdf
PCOS Weight Loss,1200,Eggetarian,1,1205,55,43,04-PCOS-Weight-Loss/1200-kcal/1200-kcal-Eggetarian-PCOS-Weight-Loss-Option-01.pdf
PCOS Weight Loss,1200,Eggetarian,2,1200,59,46,04-PCOS-Weight-Loss/1200-kcal/1200-kcal-Eggetarian-PCOS-Weight-Loss-Option-02.pdf
PCOS Weight Loss,1200,Eggetarian,3,1201,53,46,04-PCOS-Weight-Loss/1200-kcal/1200-kcal-Eggetarian-PCOS-Weight-Loss-Option-03.pdf
PCOS Weight Loss,1200,Eggetarian,4,1197,56,49,04-PCOS-Weight-Loss/1200-kcal/1200-kcal-Eggetarian-PCOS-Weight-Loss-Option-04.pdf
PCOS Weight Loss,1200,Eggetarian,5,1203,54,46,04-PCOS-Weight-Loss/1200-kcal/1200-kcal-Eggetarian-PCOS-Weight-Loss-Option-05.pdf
PCOS Weight Loss,1200,Eggetarian,6,1209,58,49,04-PCOS-Weight-Loss/1200-kcal/1200-kcal-Eggetarian-PCOS-Weight-Loss-Option-06.pdf
PCOS Weight Loss,1200,Eggetarian,7,1211,60,54,04-PCOS-Weight-Loss/1200-kcal/1200-kcal-Eggetarian-PCOS-Weight-Loss-Option-07.pdf
PCOS Weight Loss,1200,Eggetarian,8,1208,55,43,04-PCOS-Weight-Loss/1200-kcal/1200-kcal-Eggetarian-PCOS-Weight-Loss-Option-08.pdf
PCOS Weight Loss,1200,Eggetarian,9,1190,55,45,04-PCOS-Weight-Loss/1200-kcal/1200-kcal-Eggetarian-PCOS-Weight-Loss-Option-09.pdf
PCOS Weight Loss,1200,Eggetarian,10,1206,58,51,04-PCOS-Weight-Loss/1200-kcal/1200-kcal-Eggetarian-PCOS-Weight-Loss-Option-10.pdf
PCOS Weight Loss,1200,Eggetarian,11,1209,56,47,04-PCOS-Weight-Loss/1200-kcal/1200-kcal-Eggetarian-PCOS-Weight-Loss-Option-11.pdf
PCOS Weight Loss,1200,Eggetarian,12,1203,58,49,04-PCOS-Weight-Loss/1200-kcal/1200-kcal-Eggetarian-PCOS-Weight-Loss-Option-12.pdf
PCOS Weight Loss,1200,Eggetarian,13,1208,58,48,04-PCOS-Weight-Loss/1200-kcal/1200-kcal-Eggetarian-PCOS-Weight-Loss-Option-13.pdf
PCOS Weight Loss,1200,Eggetarian,14,1202,59,50,04-PCOS-Weight-Loss/1200-kcal/1200-kcal-Eggetarian-PCOS-Weight-Loss-Option-14.pdf
PCOS Weight Loss,1200,Eggetarian,15,1208,57,48,04-PCOS-Weight-Loss/1200-kcal/1200-kcal-Eggetarian-PCOS-Weight-Loss-Option-15.pdf
PCOS Weight Loss,1200,Eggetarian,16,1205,57,46,04-PCOS-Weight-Loss/1200-kcal/1200-kcal-Eggetarian-PCOS-Weight-Loss-Option-16.pdf
PCOS Weight Loss,1200,Eggetarian,17,1202,54,42,04-PCOS-Weight-Loss/1200-kcal/1200-kcal-Eggetarian-PCOS-Weight-Loss-Option-17.pdf
PCOS Weight Loss,1200,Eggetarian,18,1204,53,46,04-PCOS-Weight-Loss/1200-kcal/1200-kcal-Eggetarian-PCOS-Weight-Loss-Option-18.pdf
PCOS Weight Loss,1200,Eggetarian,19,1213,56,45,04-PCOS-Weight-Loss/1200-kcal/1200-kcal-Eggetarian-PCOS-Weight-Loss-Option-19.pdf
PCOS Weight Loss,1200,Eggetarian,20,1208,56,42,04-PCOS-Weight-Loss/1200-kcal/1200-kcal-Eggetarian-PCOS-Weight-Loss-Option-20.pdf
PCOS Weight Loss,1200,Eggetarian,21,1202,59,47,04-PCOS-Weight-Loss/1200-kcal/1200-kcal-Eggetarian-PCOS-Weight-Loss-Option-21.pdf
PCOS Weight Loss,1200,Eggetarian,22,1208,57,48,04-PCOS-Weight-Loss/1200-kcal/1200-kcal-Eggetarian-PCOS-Weight-Loss-Option-22.pdf
PCOS Weight Loss,1200,Eggetarian,23,1186,57,53,04-PCOS-Weight-Loss/1200-kcal/1200-kcal-Eggetarian-PCOS-Weight-Loss-Option-23.pdf
PCOS Weight Loss,1200,Eggetarian,24,1192,55,47,04-PCOS-Weight-Loss/1200-kcal/1200-kcal-Eggetarian-PCOS-Weight-Loss-Option-24.pdf
PCOS Weight Loss,1200,Eggetarian,25,1203,59,48,04-PCOS-Weight-Loss/1200-kcal/1200-kcal-Eggetarian-PCOS-Weight-Loss-Option-25.pdf
PCOS Weight Loss,1200,Eggetarian,26,1192,53,44,04-PCOS-Weight-Loss/1200-kcal/1200-kcal-Eggetarian-PCOS-Weight-Loss-Option-26.pdf
PCOS Weight Loss,1200,Eggetarian,27,1211,53,45,04-PCOS-Weight-Loss/1200-kcal/1200-kcal-Eggetarian-PCOS-Weight-Loss-Option-27.pdf
PCOS Weight Loss,1200,Eggetarian,28,1194,59,47,04-PCOS-Weight-Loss/1200-kcal/1200-kcal-Eggetarian-PCOS-Weight-Loss-Option-28.pdf
PCOS Weight Loss,1200,Eggetarian,29,1207,57,49,04-PCOS-Weight-Loss/1200-kcal/1200-kcal-Eggetarian-PCOS-Weight-Loss-Option-29.pdf
PCOS Weight Loss,1200,Eggetarian,30,1206,54,46,04-PCOS-Weight-Loss/1200-kcal/1200-kcal-Eggetarian-PCOS-Weight-Loss-Option-30.pdf
PCOS Weight Loss,1200,Non-Vegetarian,1,1211,65,54,04-PCOS-Weight-Loss/1200-kcal/1200-kcal-Non-Vegetarian-PCOS-Weight-Loss-Option-01.pdf
PCOS Weight Loss,1200,Non-Vegetarian,2,1203,67,58,04-PCOS-Weight-Loss/1200-kcal/1200-kcal-Non-Vegetarian-PCOS-Weight-Loss-Option-02.pdf
PCOS Weight Loss,1200,Non-Vegetarian,3,1216,68,57,04-PCOS-Weight-Loss/1200-kcal/1200-kcal-Non-Vegetarian-PCOS-Weight-Loss-Option-03.pdf
PCOS Weight Loss,1200,Non-Vegetarian,4,1196,62,58,04-PCOS-Weight-Loss/1200-kcal/1200-kcal-Non-Vegetarian-PCOS-Weight-Loss-Option-04.pdf
PCOS Weight Loss,1200,Non-Vegetarian,5,1203,67,60,04-PCOS-Weight-Loss/1200-kcal/1200-kcal-Non-Vegetarian-PCOS-Weight-Loss-Option-05.pdf
PCOS Weight Loss,1200,Non-Vegetarian,6,1211,64,48,04-PCOS-Weight-Loss/1200-kcal/1200-kcal-Non-Vegetarian-PCOS-Weight-Loss-Option-06.pdf
PCOS Weight Loss,1200,Non-Vegetarian,7,1210,67,55,04-PCOS-Weight-Loss/1200-kcal/1200-kcal-Non-Vegetarian-PCOS-Weight-Loss-Option-07.pdf
PCOS Weight Loss,1200,Non-Vegetarian,8,1213,68,56,04-PCOS-Weight-Loss/1200-kcal/1200-kcal-Non-Vegetarian-PCOS-Weight-Loss-Option-08.pdf
PCOS Weight Loss,1200,Non-Vegetarian,9,1207,63,53,04-PCOS-Weight-Loss/1200-kcal/1200-kcal-Non-Vegetarian-PCOS-Weight-Loss-Option-09.pdf
PCOS Weight Loss,1200,Non-Vegetarian,10,1204,62,53,04-PCOS-Weight-Loss/1200-kcal/1200-kcal-Non-Vegetarian-PCOS-Weight-Loss-Option-10.pdf
PCOS Weight Loss,1200,Non-Vegetarian,11,1198,62,58,04-PCOS-Weight-Loss/1200-kcal/1200-kcal-Non-Vegetarian-PCOS-Weight-Loss-Option-11.pdf
PCOS Weight Loss,1200,Non-Vegetarian,12,1198,62,57,04-PCOS-Weight-Loss/1200-kcal/1200-kcal-Non-Vegetarian-PCOS-Weight-Loss-Option-12.pdf
PCOS Weight Loss,1200,Non-Vegetarian,13,1213,66,53,04-PCOS-Weight-Loss/1200-kcal/1200-kcal-Non-Vegetarian-PCOS-Weight-Loss-Option-13.pdf
PCOS Weight Loss,1200,Non-Vegetarian,14,1197,63,56,04-PCOS-Weight-Loss/1200-kcal/1200-kcal-Non-Vegetarian-PCOS-Weight-Loss-Option-14.pdf
PCOS Weight Loss,1200,Non-Vegetarian,15,1204,65,54,04-PCOS-Weight-Loss/1200-kcal/1200-kcal-Non-Vegetarian-PCOS-Weight-Loss-Option-15.pdf
PCOS Weight Loss,1200,Non-Vegetarian,16,1203,65,54,04-PCOS-Weight-Loss/1200-kcal/1200-kcal-Non-Vegetarian-PCOS-Weight-Loss-Option-16.pdf
PCOS Weight Loss,1200,Non-Vegetarian,17,1201,62,53,04-PCOS-Weight-Loss/1200-kcal/1200-kcal-Non-Vegetarian-PCOS-Weight-Loss-Option-17.pdf
PCOS Weight Loss,1200,Non-Vegetarian,18,1213,70,55,04-PCOS-Weight-Loss/1200-kcal/1200-kcal-Non-Vegetarian-PCOS-Weight-Loss-Option-18.pdf
PCOS Weight Loss,1200,Non-Vegetarian,19,1207,63,53,04-PCOS-Weight-Loss/1200-kcal/1200-kcal-Non-Vegetarian-PCOS-Weight-Loss-Option-19.pdf
PCOS Weight Loss,1200,Non-Vegetarian,20,1203,67,56,04-PCOS-Weight-Loss/1200-kcal/1200-kcal-Non-Vegetarian-PCOS-Weight-Loss-Option-20.pdf
PCOS Weight Loss,1200,Non-Vegetarian,21,1208,63,47,04-PCOS-Weight-Loss/1200-kcal/1200-kcal-Non-Vegetarian-PCOS-Weight-Loss-Option-21.pdf
PCOS Weight Loss,1200,Non-Vegetarian,22,1206,67,54,04-PCOS-Weight-Loss/1200-kcal/1200-kcal-Non-Vegetarian-PCOS-Weight-Loss-Option-22.pdf
PCOS Weight Loss,1200,Non-Vegetarian,23,1197,60,49,04-PCOS-Weight-Loss/1200-kcal/1200-kcal-Non-Vegetarian-PCOS-Weight-Loss-Option-23.pdf
PCOS Weight Loss,1200,Non-Vegetarian,24,1209,70,59,04-PCOS-Weight-Loss/1200-kcal/1200-kcal-Non-Vegetarian-PCOS-Weight-Loss-Option-24.pdf
PCOS Weight Loss,1200,Non-Vegetarian,25,1209,65,49,04-PCOS-Weight-Loss/1200-kcal/1200-kcal-Non-Vegetarian-PCOS-Weight-Loss-Option-25.pdf
PCOS Weight Loss,1200,Non-Vegetarian,26,1192,63,54,04-PCOS-Weight-Loss/1200-kcal/1200-kcal-Non-Vegetarian-PCOS-Weight-Loss-Option-26.pdf
PCOS Weight Loss,1200,Non-Vegetarian,27,1202,61,57,04-PCOS-Weight-Loss/1200-kcal/1200-kcal-Non-Vegetarian-PCOS-Weight-Loss-Option-27.pdf
PCOS Weight Loss,1200,Non-Vegetarian,28,1205,64,60,04-PCOS-Weight-Loss/1200-kcal/1200-kcal-Non-Vegetarian-PCOS-Weight-Loss-Option-28.pdf
PCOS Weight Loss,1200,Non-Vegetarian,29,1200,69,58,04-PCOS-Weight-Loss/1200-kcal/1200-kcal-Non-Vegetarian-PCOS-Weight-Loss-Option-29.pdf
PCOS Weight Loss,1200,Non-Vegetarian,30,1211,68,52,04-PCOS-Weight-Loss/1200-kcal/1200-kcal-Non-Vegetarian-PCOS-Weight-Loss-Option-30.pdf
PCOS Weight Loss,1300,Vegetarian,1,1301,56,50,04-PCOS-Weight-Loss/1300-kcal/1300-kcal-Vegetarian-PCOS-Weight-Loss-Option-01.pdf
PCOS Weight Loss,1300,Vegetarian,2,1304,52,48,04-PCOS-Weight-Loss/1300-kcal/1300-kcal-Vegetarian-PCOS-Weight-Loss-Option-02.pdf
PCOS Weight Loss,1300,Vegetarian,3,1310,58,49,04-PCOS-Weight-Loss/1300-kcal/1300-kcal-Vegetarian-PCOS-Weight-Loss-Option-03.pdf
PCOS Weight Loss,1300,Vegetarian,4,1297,53,47,04-PCOS-Weight-Loss/1300-kcal/1300-kcal-Vegetarian-PCOS-Weight-Loss-Option-04.pdf
PCOS Weight Loss,1300,Vegetarian,5,1300,54,48,04-PCOS-Weight-Loss/1300-kcal/1300-kcal-Vegetarian-PCOS-Weight-Loss-Option-05.pdf
PCOS Weight Loss,1300,Vegetarian,6,1291,53,50,04-PCOS-Weight-Loss/1300-kcal/1300-kcal-Vegetarian-PCOS-Weight-Loss-Option-06.pdf
PCOS Weight Loss,1300,Vegetarian,7,1296,56,51,04-PCOS-Weight-Loss/1300-kcal/1300-kcal-Vegetarian-PCOS-Weight-Loss-Option-07.pdf
PCOS Weight Loss,1300,Vegetarian,8,1295,57,51,04-PCOS-Weight-Loss/1300-kcal/1300-kcal-Vegetarian-PCOS-Weight-Loss-Option-08.pdf
PCOS Weight Loss,1300,Vegetarian,9,1302,53,48,04-PCOS-Weight-Loss/1300-kcal/1300-kcal-Vegetarian-PCOS-Weight-Loss-Option-09.pdf
PCOS Weight Loss,1300,Vegetarian,10,1296,54,49,04-PCOS-Weight-Loss/1300-kcal/1300-kcal-Vegetarian-PCOS-Weight-Loss-Option-10.pdf
PCOS Weight Loss,1300,Vegetarian,11,1298,54,47,04-PCOS-Weight-Loss/1300-kcal/1300-kcal-Vegetarian-PCOS-Weight-Loss-Option-11.pdf
PCOS Weight Loss,1300,Vegetarian,12,1299,54,48,04-PCOS-Weight-Loss/1300-kcal/1300-kcal-Vegetarian-PCOS-Weight-Loss-Option-12.pdf
PCOS Weight Loss,1300,Vegetarian,13,1298,52,47,04-PCOS-Weight-Loss/1300-kcal/1300-kcal-Vegetarian-PCOS-Weight-Loss-Option-13.pdf
PCOS Weight Loss,1300,Vegetarian,14,1299,57,51,04-PCOS-Weight-Loss/1300-kcal/1300-kcal-Vegetarian-PCOS-Weight-Loss-Option-14.pdf
PCOS Weight Loss,1300,Vegetarian,15,1293,55,50,04-PCOS-Weight-Loss/1300-kcal/1300-kcal-Vegetarian-PCOS-Weight-Loss-Option-15.pdf
PCOS Weight Loss,1300,Vegetarian,16,1290,54,46,04-PCOS-Weight-Loss/1300-kcal/1300-kcal-Vegetarian-PCOS-Weight-Loss-Option-16.pdf
PCOS Weight Loss,1300,Vegetarian,17,1300,56,53,04-PCOS-Weight-Loss/1300-kcal/1300-kcal-Vegetarian-PCOS-Weight-Loss-Option-17.pdf
PCOS Weight Loss,1300,Vegetarian,18,1296,55,48,04-PCOS-Weight-Loss/1300-kcal/1300-kcal-Vegetarian-PCOS-Weight-Loss-Option-18.pdf
PCOS Weight Loss,1300,Vegetarian,19,1309,57,51,04-PCOS-Weight-Loss/1300-kcal/1300-kcal-Vegetarian-PCOS-Weight-Loss-Option-19.pdf
PCOS Weight Loss,1300,Vegetarian,20,1300,54,52,04-PCOS-Weight-Loss/1300-kcal/1300-kcal-Vegetarian-PCOS-Weight-Loss-Option-20.pdf
PCOS Weight Loss,1300,Vegetarian,21,1297,55,49,04-PCOS-Weight-Loss/1300-kcal/1300-kcal-Vegetarian-PCOS-Weight-Loss-Option-21.pdf
PCOS Weight Loss,1300,Vegetarian,22,1304,56,49,04-PCOS-Weight-Loss/1300-kcal/1300-kcal-Vegetarian-PCOS-Weight-Loss-Option-22.pdf
PCOS Weight Loss,1300,Vegetarian,23,1304,56,49,04-PCOS-Weight-Loss/1300-kcal/1300-kcal-Vegetarian-PCOS-Weight-Loss-Option-23.pdf
PCOS Weight Loss,1300,Vegetarian,24,1297,55,51,04-PCOS-Weight-Loss/1300-kcal/1300-kcal-Vegetarian-PCOS-Weight-Loss-Option-24.pdf
PCOS Weight Loss,1300,Vegetarian,25,1297,55,45,04-PCOS-Weight-Loss/1300-kcal/1300-kcal-Vegetarian-PCOS-Weight-Loss-Option-25.pdf
PCOS Weight Loss,1300,Vegetarian,26,1294,56,48,04-PCOS-Weight-Loss/1300-kcal/1300-kcal-Vegetarian-PCOS-Weight-Loss-Option-26.pdf
PCOS Weight Loss,1300,Vegetarian,27,1301,55,48,04-PCOS-Weight-Loss/1300-kcal/1300-kcal-Vegetarian-PCOS-Weight-Loss-Option-27.pdf
PCOS Weight Loss,1300,Vegetarian,28,1293,58,49,04-PCOS-Weight-Loss/1300-kcal/1300-kcal-Vegetarian-PCOS-Weight-Loss-Option-28.pdf
PCOS Weight Loss,1300,Vegetarian,29,1293,57,54,04-PCOS-Weight-Loss/1300-kcal/1300-kcal-Vegetarian-PCOS-Weight-Loss-Option-29.pdf
PCOS Weight Loss,1300,Vegetarian,30,1292,55,51,04-PCOS-Weight-Loss/1300-kcal/1300-kcal-Vegetarian-PCOS-Weight-Loss-Option-30.pdf
PCOS Weight Loss,1300,Vegan,1,1299,55,50,04-PCOS-Weight-Loss/1300-kcal/1300-kcal-Vegan-PCOS-Weight-Loss-Option-01.pdf
PCOS Weight Loss,1300,Vegan,2,1302,55,48,04-PCOS-Weight-Loss/1300-kcal/1300-kcal-Vegan-PCOS-Weight-Loss-Option-02.pdf
PCOS Weight Loss,1300,Vegan,3,1296,56,47,04-PCOS-Weight-Loss/1300-kcal/1300-kcal-Vegan-PCOS-Weight-Loss-Option-03.pdf
PCOS Weight Loss,1300,Vegan,4,1290,55,51,04-PCOS-Weight-Loss/1300-kcal/1300-kcal-Vegan-PCOS-Weight-Loss-Option-04.pdf
PCOS Weight Loss,1300,Vegan,5,1287,54,49,04-PCOS-Weight-Loss/1300-kcal/1300-kcal-Vegan-PCOS-Weight-Loss-Option-05.pdf
PCOS Weight Loss,1300,Vegan,6,1292,53,49,04-PCOS-Weight-Loss/1300-kcal/1300-kcal-Vegan-PCOS-Weight-Loss-Option-06.pdf
PCOS Weight Loss,1300,Vegan,7,1308,56,50,04-PCOS-Weight-Loss/1300-kcal/1300-kcal-Vegan-PCOS-Weight-Loss-Option-07.pdf
PCOS Weight Loss,1300,Vegan,8,1307,57,56,04-PCOS-Weight-Loss/1300-kcal/1300-kcal-Vegan-PCOS-Weight-Loss-Option-08.pdf
PCOS Weight Loss,1300,Vegan,9,1297,51,47,04-PCOS-Weight-Loss/1300-kcal/1300-kcal-Vegan-PCOS-Weight-Loss-Option-09.pdf
PCOS Weight Loss,1300,Vegan,10,1291,57,53,04-PCOS-Weight-Loss/1300-kcal/1300-kcal-Vegan-PCOS-Weight-Loss-Option-10.pdf
PCOS Weight Loss,1300,Vegan,11,1283,54,48,04-PCOS-Weight-Loss/1300-kcal/1300-kcal-Vegan-PCOS-Weight-Loss-Option-11.pdf
PCOS Weight Loss,1300,Vegan,12,1292,57,50,04-PCOS-Weight-Loss/1300-kcal/1300-kcal-Vegan-PCOS-Weight-Loss-Option-12.pdf
PCOS Weight Loss,1300,Vegan,13,1300,57,52,04-PCOS-Weight-Loss/1300-kcal/1300-kcal-Vegan-PCOS-Weight-Loss-Option-13.pdf
PCOS Weight Loss,1300,Vegan,14,1293,54,47,04-PCOS-Weight-Loss/1300-kcal/1300-kcal-Vegan-PCOS-Weight-Loss-Option-14.pdf
PCOS Weight Loss,1300,Vegan,15,1297,57,53,04-PCOS-Weight-Loss/1300-kcal/1300-kcal-Vegan-PCOS-Weight-Loss-Option-15.pdf
PCOS Weight Loss,1300,Vegan,16,1309,55,46,04-PCOS-Weight-Loss/1300-kcal/1300-kcal-Vegan-PCOS-Weight-Loss-Option-16.pdf
PCOS Weight Loss,1300,Vegan,17,1294,53,48,04-PCOS-Weight-Loss/1300-kcal/1300-kcal-Vegan-PCOS-Weight-Loss-Option-17.pdf
PCOS Weight Loss,1300,Vegan,18,1293,54,46,04-PCOS-Weight-Loss/1300-kcal/1300-kcal-Vegan-PCOS-Weight-Loss-Option-18.pdf
PCOS Weight Loss,1300,Vegan,19,1307,56,50,04-PCOS-Weight-Loss/1300-kcal/1300-kcal-Vegan-PCOS-Weight-Loss-Option-19.pdf
PCOS Weight Loss,1300,Vegan,20,1293,55,50,04-PCOS-Weight-Loss/1300-kcal/1300-kcal-Vegan-PCOS-Weight-Loss-Option-20.pdf
PCOS Weight Loss,1300,Vegan,21,1308,54,48,04-PCOS-Weight-Loss/1300-kcal/1300-kcal-Vegan-PCOS-Weight-Loss-Option-21.pdf
PCOS Weight Loss,1300,Vegan,22,1302,55,49,04-PCOS-Weight-Loss/1300-kcal/1300-kcal-Vegan-PCOS-Weight-Loss-Option-22.pdf
PCOS Weight Loss,1300,Vegan,23,1298,55,49,04-PCOS-Weight-Loss/1300-kcal/1300-kcal-Vegan-PCOS-Weight-Loss-Option-23.pdf
PCOS Weight Loss,1300,Vegan,24,1300,55,50,04-PCOS-Weight-Loss/1300-kcal/1300-kcal-Vegan-PCOS-Weight-Loss-Option-24.pdf
PCOS Weight Loss,1300,Vegan,25,1302,58,51,04-PCOS-Weight-Loss/1300-kcal/1300-kcal-Vegan-PCOS-Weight-Loss-Option-25.pdf
PCOS Weight Loss,1300,Vegan,26,1302,55,50,04-PCOS-Weight-Loss/1300-kcal/1300-kcal-Vegan-PCOS-Weight-Loss-Option-26.pdf
PCOS Weight Loss,1300,Vegan,27,1293,52,48,04-PCOS-Weight-Loss/1300-kcal/1300-kcal-Vegan-PCOS-Weight-Loss-Option-27.pdf
PCOS Weight Loss,1300,Vegan,28,1302,55,51,04-PCOS-Weight-Loss/1300-kcal/1300-kcal-Vegan-PCOS-Weight-Loss-Option-28.pdf
PCOS Weight Loss,1300,Vegan,29,1285,53,47,04-PCOS-Weight-Loss/1300-kcal/1300-kcal-Vegan-PCOS-Weight-Loss-Option-29.pdf
PCOS Weight Loss,1300,Vegan,30,1305,54,48,04-PCOS-Weight-Loss/1300-kcal/1300-kcal-Vegan-PCOS-Weight-Loss-Option-30.pdf
PCOS Weight Loss,1300,Eggetarian,1,1299,60,53,04-PCOS-Weight-Loss/1300-kcal/1300-kcal-Eggetarian-PCOS-Weight-Loss-Option-01.pdf
PCOS Weight Loss,1300,Eggetarian,2,1304,65,51,04-PCOS-Weight-Loss/1300-kcal/1300-kcal-Eggetarian-PCOS-Weight-Loss-Option-02.pdf
PCOS Weight Loss,1300,Eggetarian,3,1312,61,49,04-PCOS-Weight-Loss/1300-kcal/1300-kcal-Eggetarian-PCOS-Weight-Loss-Option-03.pdf
PCOS Weight Loss,1300,Eggetarian,4,1296,64,60,04-PCOS-Weight-Loss/1300-kcal/1300-kcal-Eggetarian-PCOS-Weight-Loss-Option-04.pdf
PCOS Weight Loss,1300,Eggetarian,5,1314,62,53,04-PCOS-Weight-Loss/1300-kcal/1300-kcal-Eggetarian-PCOS-Weight-Loss-Option-05.pdf
PCOS Weight Loss,1300,Eggetarian,6,1306,62,55,04-PCOS-Weight-Loss/1300-kcal/1300-kcal-Eggetarian-PCOS-Weight-Loss-Option-06.pdf
PCOS Weight Loss,1300,Eggetarian,7,1301,62,53,04-PCOS-Weight-Loss/1300-kcal/1300-kcal-Eggetarian-PCOS-Weight-Loss-Option-07.pdf
PCOS Weight Loss,1300,Eggetarian,8,1304,64,54,04-PCOS-Weight-Loss/1300-kcal/1300-kcal-Eggetarian-PCOS-Weight-Loss-Option-08.pdf
PCOS Weight Loss,1300,Eggetarian,9,1297,58,49,04-PCOS-Weight-Loss/1300-kcal/1300-kcal-Eggetarian-PCOS-Weight-Loss-Option-09.pdf
PCOS Weight Loss,1300,Eggetarian,10,1291,61,54,04-PCOS-Weight-Loss/1300-kcal/1300-kcal-Eggetarian-PCOS-Weight-Loss-Option-10.pdf
PCOS Weight Loss,1300,Eggetarian,11,1299,61,50,04-PCOS-Weight-Loss/1300-kcal/1300-kcal-Eggetarian-PCOS-Weight-Loss-Option-11.pdf
PCOS Weight Loss,1300,Eggetarian,12,1290,62,53,04-PCOS-Weight-Loss/1300-kcal/1300-kcal-Eggetarian-PCOS-Weight-Loss-Option-12.pdf
PCOS Weight Loss,1300,Eggetarian,13,1298,59,47,04-PCOS-Weight-Loss/1300-kcal/1300-kcal-Eggetarian-PCOS-Weight-Loss-Option-13.pdf
PCOS Weight Loss,1300,Eggetarian,14,1305,63,53,04-PCOS-Weight-Loss/1300-kcal/1300-kcal-Eggetarian-PCOS-Weight-Loss-Option-14.pdf
PCOS Weight Loss,1300,Eggetarian,15,1295,63,50,04-PCOS-Weight-Loss/1300-kcal/1300-kcal-Eggetarian-PCOS-Weight-Loss-Option-15.pdf
PCOS Weight Loss,1300,Eggetarian,16,1289,63,52,04-PCOS-Weight-Loss/1300-kcal/1300-kcal-Eggetarian-PCOS-Weight-Loss-Option-16.pdf
PCOS Weight Loss,1300,Eggetarian,17,1302,65,54,04-PCOS-Weight-Loss/1300-kcal/1300-kcal-Eggetarian-PCOS-Weight-Loss-Option-17.pdf
PCOS Weight Loss,1300,Eggetarian,18,1302,60,53,04-PCOS-Weight-Loss/1300-kcal/1300-kcal-Eggetarian-PCOS-Weight-Loss-Option-18.pdf
PCOS Weight Loss,1300,Eggetarian,19,1303,59,50,04-PCOS-Weight-Loss/1300-kcal/1300-kcal-Eggetarian-PCOS-Weight-Loss-Option-19.pdf
PCOS Weight Loss,1300,Eggetarian,20,1298,63,51,04-PCOS-Weight-Loss/1300-kcal/1300-kcal-Eggetarian-PCOS-Weight-Loss-Option-20.pdf
PCOS Weight Loss,1300,Eggetarian,21,1307,61,56,04-PCOS-Weight-Loss/1300-kcal/1300-kcal-Eggetarian-PCOS-Weight-Loss-Option-21.pdf
PCOS Weight Loss,1300,Eggetarian,22,1306,60,48,04-PCOS-Weight-Loss/1300-kcal/1300-kcal-Eggetarian-PCOS-Weight-Loss-Option-22.pdf
PCOS Weight Loss,1300,Eggetarian,23,1304,59,50,04-PCOS-Weight-Loss/1300-kcal/1300-kcal-Eggetarian-PCOS-Weight-Loss-Option-23.pdf
PCOS Weight Loss,1300,Eggetarian,24,1303,63,53,04-PCOS-Weight-Loss/1300-kcal/1300-kcal-Eggetarian-PCOS-Weight-Loss-Option-24.pdf
PCOS Weight Loss,1300,Eggetarian,25,1298,60,52,04-PCOS-Weight-Loss/1300-kcal/1300-kcal-Eggetarian-PCOS-Weight-Loss-Option-25.pdf
PCOS Weight Loss,1300,Eggetarian,26,1290,61,44,04-PCOS-Weight-Loss/1300-kcal/1300-kcal-Eggetarian-PCOS-Weight-Loss-Option-26.pdf
PCOS Weight Loss,1300,Eggetarian,27,1310,59,48,04-PCOS-Weight-Loss/1300-kcal/1300-kcal-Eggetarian-PCOS-Weight-Loss-Option-27.pdf
PCOS Weight Loss,1300,Eggetarian,28,1305,61,54,04-PCOS-Weight-Loss/1300-kcal/1300-kcal-Eggetarian-PCOS-Weight-Loss-Option-28.pdf
PCOS Weight Loss,1300,Eggetarian,29,1298,62,55,04-PCOS-Weight-Loss/1300-kcal/1300-kcal-Eggetarian-PCOS-Weight-Loss-Option-29.pdf
PCOS Weight Loss,1300,Eggetarian,30,1304,62,54,04-PCOS-Weight-Loss/1300-kcal/1300-kcal-Eggetarian-PCOS-Weight-Loss-Option-30.pdf
PCOS Weight Loss,1300,Non-Vegetarian,1,1303,74,62,04-PCOS-Weight-Loss/1300-kcal/1300-kcal-Non-Vegetarian-PCOS-Weight-Loss-Option-01.pdf
PCOS Weight Loss,1300,Non-Vegetarian,2,1307,68,57,04-PCOS-Weight-Loss/1300-kcal/1300-kcal-Non-Vegetarian-PCOS-Weight-Loss-Option-02.pdf
PCOS Weight Loss,1300,Non-Vegetarian,3,1303,65,58,04-PCOS-Weight-Loss/1300-kcal/1300-kcal-Non-Vegetarian-PCOS-Weight-Loss-Option-03.pdf
PCOS Weight Loss,1300,Non-Vegetarian,4,1309,73,60,04-PCOS-Weight-Loss/1300-kcal/1300-kcal-Non-Vegetarian-PCOS-Weight-Loss-Option-04.pdf
PCOS Weight Loss,1300,Non-Vegetarian,5,1302,70,58,04-PCOS-Weight-Loss/1300-kcal/1300-kcal-Non-Vegetarian-PCOS-Weight-Loss-Option-05.pdf
PCOS Weight Loss,1300,Non-Vegetarian,6,1298,67,55,04-PCOS-Weight-Loss/1300-kcal/1300-kcal-Non-Vegetarian-PCOS-Weight-Loss-Option-06.pdf
PCOS Weight Loss,1300,Non-Vegetarian,7,1310,69,61,04-PCOS-Weight-Loss/1300-kcal/1300-kcal-Non-Vegetarian-PCOS-Weight-Loss-Option-07.pdf
PCOS Weight Loss,1300,Non-Vegetarian,8,1308,70,61,04-PCOS-Weight-Loss/1300-kcal/1300-kcal-Non-Vegetarian-PCOS-Weight-Loss-Option-08.pdf
PCOS Weight Loss,1300,Non-Vegetarian,9,1305,71,53,04-PCOS-Weight-Loss/1300-kcal/1300-kcal-Non-Vegetarian-PCOS-Weight-Loss-Option-09.pdf
PCOS Weight Loss,1300,Non-Vegetarian,10,1311,68,55,04-PCOS-Weight-Loss/1300-kcal/1300-kcal-Non-Vegetarian-PCOS-Weight-Loss-Option-10.pdf
PCOS Weight Loss,1300,Non-Vegetarian,11,1310,68,61,04-PCOS-Weight-Loss/1300-kcal/1300-kcal-Non-Vegetarian-PCOS-Weight-Loss-Option-11.pdf
PCOS Weight Loss,1300,Non-Vegetarian,12,1289,68,53,04-PCOS-Weight-Loss/1300-kcal/1300-kcal-Non-Vegetarian-PCOS-Weight-Loss-Option-12.pdf
PCOS Weight Loss,1300,Non-Vegetarian,13,1294,74,57,04-PCOS-Weight-Loss/1300-kcal/1300-kcal-Non-Vegetarian-PCOS-Weight-Loss-Option-13.pdf
PCOS Weight Loss,1300,Non-Vegetarian,14,1304,71,56,04-PCOS-Weight-Loss/1300-kcal/1300-kcal-Non-Vegetarian-PCOS-Weight-Loss-Option-14.pdf
PCOS Weight Loss,1300,Non-Vegetarian,15,1297,69,61,04-PCOS-Weight-Loss/1300-kcal/1300-kcal-Non-Vegetarian-PCOS-Weight-Loss-Option-15.pdf
PCOS Weight Loss,1300,Non-Vegetarian,16,1296,67,61,04-PCOS-Weight-Loss/1300-kcal/1300-kcal-Non-Vegetarian-PCOS-Weight-Loss-Option-16.pdf
PCOS Weight Loss,1300,Non-Vegetarian,17,1297,68,57,04-PCOS-Weight-Loss/1300-kcal/1300-kcal-Non-Vegetarian-PCOS-Weight-Loss-Option-17.pdf
PCOS Weight Loss,1300,Non-Vegetarian,18,1305,68,57,04-PCOS-Weight-Loss/1300-kcal/1300-kcal-Non-Vegetarian-PCOS-Weight-Loss-Option-18.pdf
PCOS Weight Loss,1300,Non-Vegetarian,19,1307,67,58,04-PCOS-Weight-Loss/1300-kcal/1300-kcal-Non-Vegetarian-PCOS-Weight-Loss-Option-19.pdf
PCOS Weight Loss,1300,Non-Vegetarian,20,1294,76,64,04-PCOS-Weight-Loss/1300-kcal/1300-kcal-Non-Vegetarian-PCOS-Weight-Loss-Option-20.pdf
PCOS Weight Loss,1300,Non-Vegetarian,21,1297,63,56,04-PCOS-Weight-Loss/1300-kcal/1300-kcal-Non-Vegetarian-PCOS-Weight-Loss-Option-21.pdf
PCOS Weight Loss,1300,Non-Vegetarian,22,1294,75,58,04-PCOS-Weight-Loss/1300-kcal/1300-kcal-Non-Vegetarian-PCOS-Weight-Loss-Option-22.pdf
PCOS Weight Loss,1300,Non-Vegetarian,23,1298,69,56,04-PCOS-Weight-Loss/1300-kcal/1300-kcal-Non-Vegetarian-PCOS-Weight-Loss-Option-23.pdf
PCOS Weight Loss,1300,Non-Vegetarian,24,1302,69,56,04-PCOS-Weight-Loss/1300-kcal/1300-kcal-Non-Vegetarian-PCOS-Weight-Loss-Option-24.pdf
PCOS Weight Loss,1300,Non-Vegetarian,25,1298,68,62,04-PCOS-Weight-Loss/1300-kcal/1300-kcal-Non-Vegetarian-PCOS-Weight-Loss-Option-25.pdf
PCOS Weight Loss,1300,Non-Vegetarian,26,1303,69,56,04-PCOS-Weight-Loss/1300-kcal/1300-kcal-Non-Vegetarian-PCOS-Weight-Loss-Option-26.pdf
PCOS Weight Loss,1300,Non-Vegetarian,27,1294,70,58,04-PCOS-Weight-Loss/1300-kcal/1300-kcal-Non-Vegetarian-PCOS-Weight-Loss-Option-27.pdf
PCOS Weight Loss,1300,Non-Vegetarian,28,1308,68,57,04-PCOS-Weight-Loss/1300-kcal/1300-kcal-Non-Vegetarian-PCOS-Weight-Loss-Option-28.pdf
PCOS Weight Loss,1300,Non-Vegetarian,29,1304,73,59,04-PCOS-Weight-Loss/1300-kcal/1300-kcal-Non-Vegetarian-PCOS-Weight-Loss-Option-29.pdf
PCOS Weight Loss,1300,Non-Vegetarian,30,1309,74,58,04-PCOS-Weight-Loss/1300-kcal/1300-kcal-Non-Vegetarian-PCOS-Weight-Loss-Option-30.pdf
PCOS Weight Loss,1400,Vegetarian,1,1391,58,51,04-PCOS-Weight-Loss/1400-kcal/1400-kcal-Vegetarian-PCOS-Weight-Loss-Option-01.pdf
PCOS Weight Loss,1400,Vegetarian,2,1405,63,56,04-PCOS-Weight-Loss/1400-kcal/1400-kcal-Vegetarian-PCOS-Weight-Loss-Option-02.pdf
PCOS Weight Loss,1400,Vegetarian,3,1394,61,56,04-PCOS-Weight-Loss/1400-kcal/1400-kcal-Vegetarian-PCOS-Weight-Loss-Option-03.pdf
PCOS Weight Loss,1400,Vegetarian,4,1394,61,55,04-PCOS-Weight-Loss/1400-kcal/1400-kcal-Vegetarian-PCOS-Weight-Loss-Option-04.pdf
PCOS Weight Loss,1400,Vegetarian,5,1393,59,54,04-PCOS-Weight-Loss/1400-kcal/1400-kcal-Vegetarian-PCOS-Weight-Loss-Option-05.pdf
PCOS Weight Loss,1400,Vegetarian,6,1402,58,51,04-PCOS-Weight-Loss/1400-kcal/1400-kcal-Vegetarian-PCOS-Weight-Loss-Option-06.pdf
PCOS Weight Loss,1400,Vegetarian,7,1397,60,52,04-PCOS-Weight-Loss/1400-kcal/1400-kcal-Vegetarian-PCOS-Weight-Loss-Option-07.pdf
PCOS Weight Loss,1400,Vegetarian,8,1404,58,50,04-PCOS-Weight-Loss/1400-kcal/1400-kcal-Vegetarian-PCOS-Weight-Loss-Option-08.pdf
PCOS Weight Loss,1400,Vegetarian,9,1398,63,55,04-PCOS-Weight-Loss/1400-kcal/1400-kcal-Vegetarian-PCOS-Weight-Loss-Option-09.pdf
PCOS Weight Loss,1400,Vegetarian,10,1417,60,54,04-PCOS-Weight-Loss/1400-kcal/1400-kcal-Vegetarian-PCOS-Weight-Loss-Option-10.pdf
PCOS Weight Loss,1400,Vegetarian,11,1405,59,55,04-PCOS-Weight-Loss/1400-kcal/1400-kcal-Vegetarian-PCOS-Weight-Loss-Option-11.pdf
PCOS Weight Loss,1400,Vegetarian,12,1400,59,53,04-PCOS-Weight-Loss/1400-kcal/1400-kcal-Vegetarian-PCOS-Weight-Loss-Option-12.pdf
PCOS Weight Loss,1400,Vegetarian,13,1402,59,48,04-PCOS-Weight-Loss/1400-kcal/1400-kcal-Vegetarian-PCOS-Weight-Loss-Option-13.pdf
PCOS Weight Loss,1400,Vegetarian,14,1402,58,49,04-PCOS-Weight-Loss/1400-kcal/1400-kcal-Vegetarian-PCOS-Weight-Loss-Option-14.pdf
PCOS Weight Loss,1400,Vegetarian,15,1402,58,49,04-PCOS-Weight-Loss/1400-kcal/1400-kcal-Vegetarian-PCOS-Weight-Loss-Option-15.pdf
PCOS Weight Loss,1400,Vegetarian,16,1385,59,54,04-PCOS-Weight-Loss/1400-kcal/1400-kcal-Vegetarian-PCOS-Weight-Loss-Option-16.pdf
PCOS Weight Loss,1400,Vegetarian,17,1385,57,52,04-PCOS-Weight-Loss/1400-kcal/1400-kcal-Vegetarian-PCOS-Weight-Loss-Option-17.pdf
PCOS Weight Loss,1400,Vegetarian,18,1405,56,50,04-PCOS-Weight-Loss/1400-kcal/1400-kcal-Vegetarian-PCOS-Weight-Loss-Option-18.pdf
PCOS Weight Loss,1400,Vegetarian,19,1412,60,53,04-PCOS-Weight-Loss/1400-kcal/1400-kcal-Vegetarian-PCOS-Weight-Loss-Option-19.pdf
PCOS Weight Loss,1400,Vegetarian,20,1391,59,52,04-PCOS-Weight-Loss/1400-kcal/1400-kcal-Vegetarian-PCOS-Weight-Loss-Option-20.pdf
PCOS Weight Loss,1400,Vegetarian,21,1398,60,51,04-PCOS-Weight-Loss/1400-kcal/1400-kcal-Vegetarian-PCOS-Weight-Loss-Option-21.pdf
PCOS Weight Loss,1400,Vegetarian,22,1396,60,51,04-PCOS-Weight-Loss/1400-kcal/1400-kcal-Vegetarian-PCOS-Weight-Loss-Option-22.pdf
PCOS Weight Loss,1400,Vegetarian,23,1401,60,54,04-PCOS-Weight-Loss/1400-kcal/1400-kcal-Vegetarian-PCOS-Weight-Loss-Option-23.pdf
PCOS Weight Loss,1400,Vegetarian,24,1394,63,54,04-PCOS-Weight-Loss/1400-kcal/1400-kcal-Vegetarian-PCOS-Weight-Loss-Option-24.pdf
PCOS Weight Loss,1400,Vegetarian,25,1402,59,54,04-PCOS-Weight-Loss/1400-kcal/1400-kcal-Vegetarian-PCOS-Weight-Loss-Option-25.pdf
PCOS Weight Loss,1400,Vegetarian,26,1399,58,51,04-PCOS-Weight-Loss/1400-kcal/1400-kcal-Vegetarian-PCOS-Weight-Loss-Option-26.pdf
PCOS Weight Loss,1400,Vegetarian,27,1402,57,50,04-PCOS-Weight-Loss/1400-kcal/1400-kcal-Vegetarian-PCOS-Weight-Loss-Option-27.pdf
PCOS Weight Loss,1400,Vegetarian,28,1398,60,53,04-PCOS-Weight-Loss/1400-kcal/1400-kcal-Vegetarian-PCOS-Weight-Loss-Option-28.pdf
PCOS Weight Loss,1400,Vegetarian,29,1403,61,57,04-PCOS-Weight-Loss/1400-kcal/1400-kcal-Vegetarian-PCOS-Weight-Loss-Option-29.pdf
PCOS Weight Loss,1400,Vegetarian,30,1402,60,53,04-PCOS-Weight-Loss/1400-kcal/1400-kcal-Vegetarian-PCOS-Weight-Loss-Option-30.pdf
PCOS Weight Loss,1400,Vegan,1,1401,60,54,04-PCOS-Weight-Loss/1400-kcal/1400-kcal-Vegan-PCOS-Weight-Loss-Option-01.pdf
PCOS Weight Loss,1400,Vegan,2,1398,59,53,04-PCOS-Weight-Loss/1400-kcal/1400-kcal-Vegan-PCOS-Weight-Loss-Option-02.pdf
PCOS Weight Loss,1400,Vegan,3,1387,60,54,04-PCOS-Weight-Loss/1400-kcal/1400-kcal-Vegan-PCOS-Weight-Loss-Option-03.pdf
PCOS Weight Loss,1400,Vegan,4,1388,57,51,04-PCOS-Weight-Loss/1400-kcal/1400-kcal-Vegan-PCOS-Weight-Loss-Option-04.pdf
PCOS Weight Loss,1400,Vegan,5,1389,58,49,04-PCOS-Weight-Loss/1400-kcal/1400-kcal-Vegan-PCOS-Weight-Loss-Option-05.pdf
PCOS Weight Loss,1400,Vegan,6,1401,63,56,04-PCOS-Weight-Loss/1400-kcal/1400-kcal-Vegan-PCOS-Weight-Loss-Option-06.pdf
PCOS Weight Loss,1400,Vegan,7,1391,61,56,04-PCOS-Weight-Loss/1400-kcal/1400-kcal-Vegan-PCOS-Weight-Loss-Option-07.pdf
PCOS Weight Loss,1400,Vegan,8,1400,59,53,04-PCOS-Weight-Loss/1400-kcal/1400-kcal-Vegan-PCOS-Weight-Loss-Option-08.pdf
PCOS Weight Loss,1400,Vegan,9,1397,60,53,04-PCOS-Weight-Loss/1400-kcal/1400-kcal-Vegan-PCOS-Weight-Loss-Option-09.pdf
PCOS Weight Loss,1400,Vegan,10,1388,59,51,04-PCOS-Weight-Loss/1400-kcal/1400-kcal-Vegan-PCOS-Weight-Loss-Option-10.pdf
PCOS Weight Loss,1400,Vegan,11,1407,57,53,04-PCOS-Weight-Loss/1400-kcal/1400-kcal-Vegan-PCOS-Weight-Loss-Option-11.pdf
PCOS Weight Loss,1400,Vegan,12,1400,59,53,04-PCOS-Weight-Loss/1400-kcal/1400-kcal-Vegan-PCOS-Weight-Loss-Option-12.pdf
PCOS Weight Loss,1400,Vegan,13,1394,57,53,04-PCOS-Weight-Loss/1400-kcal/1400-kcal-Vegan-PCOS-Weight-Loss-Option-13.pdf
PCOS Weight Loss,1400,Vegan,14,1396,61,57,04-PCOS-Weight-Loss/1400-kcal/1400-kcal-Vegan-PCOS-Weight-Loss-Option-14.pdf
PCOS Weight Loss,1400,Vegan,15,1385,60,53,04-PCOS-Weight-Loss/1400-kcal/1400-kcal-Vegan-PCOS-Weight-Loss-Option-15.pdf
PCOS Weight Loss,1400,Vegan,16,1390,60,56,04-PCOS-Weight-Loss/1400-kcal/1400-kcal-Vegan-PCOS-Weight-Loss-Option-16.pdf
PCOS Weight Loss,1400,Vegan,17,1388,60,53,04-PCOS-Weight-Loss/1400-kcal/1400-kcal-Vegan-PCOS-Weight-Loss-Option-17.pdf
PCOS Weight Loss,1400,Vegan,18,1409,59,56,04-PCOS-Weight-Loss/1400-kcal/1400-kcal-Vegan-PCOS-Weight-Loss-Option-18.pdf
PCOS Weight Loss,1400,Vegan,19,1400,56,52,04-PCOS-Weight-Loss/1400-kcal/1400-kcal-Vegan-PCOS-Weight-Loss-Option-19.pdf
PCOS Weight Loss,1400,Vegan,20,1400,57,50,04-PCOS-Weight-Loss/1400-kcal/1400-kcal-Vegan-PCOS-Weight-Loss-Option-20.pdf
PCOS Weight Loss,1400,Vegan,21,1383,58,51,04-PCOS-Weight-Loss/1400-kcal/1400-kcal-Vegan-PCOS-Weight-Loss-Option-21.pdf
PCOS Weight Loss,1400,Vegan,22,1396,59,52,04-PCOS-Weight-Loss/1400-kcal/1400-kcal-Vegan-PCOS-Weight-Loss-Option-22.pdf
PCOS Weight Loss,1400,Vegan,23,1391,60,49,04-PCOS-Weight-Loss/1400-kcal/1400-kcal-Vegan-PCOS-Weight-Loss-Option-23.pdf
PCOS Weight Loss,1400,Vegan,24,1382,59,53,04-PCOS-Weight-Loss/1400-kcal/1400-kcal-Vegan-PCOS-Weight-Loss-Option-24.pdf
PCOS Weight Loss,1400,Vegan,25,1396,57,51,04-PCOS-Weight-Loss/1400-kcal/1400-kcal-Vegan-PCOS-Weight-Loss-Option-25.pdf
PCOS Weight Loss,1400,Vegan,26,1384,55,51,04-PCOS-Weight-Loss/1400-kcal/1400-kcal-Vegan-PCOS-Weight-Loss-Option-26.pdf
PCOS Weight Loss,1400,Vegan,27,1394,61,53,04-PCOS-Weight-Loss/1400-kcal/1400-kcal-Vegan-PCOS-Weight-Loss-Option-27.pdf
PCOS Weight Loss,1400,Vegan,28,1388,58,54,04-PCOS-Weight-Loss/1400-kcal/1400-kcal-Vegan-PCOS-Weight-Loss-Option-28.pdf
PCOS Weight Loss,1400,Vegan,29,1391,58,49,04-PCOS-Weight-Loss/1400-kcal/1400-kcal-Vegan-PCOS-Weight-Loss-Option-29.pdf
PCOS Weight Loss,1400,Vegan,30,1383,57,53,04-PCOS-Weight-Loss/1400-kcal/1400-kcal-Vegan-PCOS-Weight-Loss-Option-30.pdf
PCOS Weight Loss,1400,Eggetarian,1,1395,66,53,04-PCOS-Weight-Loss/1400-kcal/1400-kcal-Eggetarian-PCOS-Weight-Loss-Option-01.pdf
PCOS Weight Loss,1400,Eggetarian,2,1389,65,55,04-PCOS-Weight-Loss/1400-kcal/1400-kcal-Eggetarian-PCOS-Weight-Loss-Option-02.pdf
PCOS Weight Loss,1400,Eggetarian,3,1402,62,52,04-PCOS-Weight-Loss/1400-kcal/1400-kcal-Eggetarian-PCOS-Weight-Loss-Option-03.pdf
PCOS Weight Loss,1400,Eggetarian,4,1390,67,58,04-PCOS-Weight-Loss/1400-kcal/1400-kcal-Eggetarian-PCOS-Weight-Loss-Option-04.pdf
PCOS Weight Loss,1400,Eggetarian,5,1397,63,52,04-PCOS-Weight-Loss/1400-kcal/1400-kcal-Eggetarian-PCOS-Weight-Loss-Option-05.pdf
PCOS Weight Loss,1400,Eggetarian,6,1399,64,58,04-PCOS-Weight-Loss/1400-kcal/1400-kcal-Eggetarian-PCOS-Weight-Loss-Option-06.pdf
PCOS Weight Loss,1400,Eggetarian,7,1399,64,58,04-PCOS-Weight-Loss/1400-kcal/1400-kcal-Eggetarian-PCOS-Weight-Loss-Option-07.pdf
PCOS Weight Loss,1400,Eggetarian,8,1400,63,53,04-PCOS-Weight-Loss/1400-kcal/1400-kcal-Eggetarian-PCOS-Weight-Loss-Option-08.pdf
PCOS Weight Loss,1400,Eggetarian,9,1396,68,61,04-PCOS-Weight-Loss/1400-kcal/1400-kcal-Eggetarian-PCOS-Weight-Loss-Option-09.pdf
PCOS Weight Loss,1400,Eggetarian,10,1393,64,53,04-PCOS-Weight-Loss/1400-kcal/1400-kcal-Eggetarian-PCOS-Weight-Loss-Option-10.pdf
PCOS Weight Loss,1400,Eggetarian,11,1408,69,56,04-PCOS-Weight-Loss/1400-kcal/1400-kcal-Eggetarian-PCOS-Weight-Loss-Option-11.pdf
PCOS Weight Loss,1400,Eggetarian,12,1408,67,55,04-PCOS-Weight-Loss/1400-kcal/1400-kcal-Eggetarian-PCOS-Weight-Loss-Option-12.pdf
PCOS Weight Loss,1400,Eggetarian,13,1394,66,54,04-PCOS-Weight-Loss/1400-kcal/1400-kcal-Eggetarian-PCOS-Weight-Loss-Option-13.pdf
PCOS Weight Loss,1400,Eggetarian,14,1398,64,52,04-PCOS-Weight-Loss/1400-kcal/1400-kcal-Eggetarian-PCOS-Weight-Loss-Option-14.pdf
PCOS Weight Loss,1400,Eggetarian,15,1395,61,52,04-PCOS-Weight-Loss/1400-kcal/1400-kcal-Eggetarian-PCOS-Weight-Loss-Option-15.pdf
PCOS Weight Loss,1400,Eggetarian,16,1392,63,55,04-PCOS-Weight-Loss/1400-kcal/1400-kcal-Eggetarian-PCOS-Weight-Loss-Option-16.pdf
PCOS Weight Loss,1400,Eggetarian,17,1404,67,58,04-PCOS-Weight-Loss/1400-kcal/1400-kcal-Eggetarian-PCOS-Weight-Loss-Option-17.pdf
PCOS Weight Loss,1400,Eggetarian,18,1392,62,51,04-PCOS-Weight-Loss/1400-kcal/1400-kcal-Eggetarian-PCOS-Weight-Loss-Option-18.pdf
PCOS Weight Loss,1400,Eggetarian,19,1404,67,58,04-PCOS-Weight-Loss/1400-kcal/1400-kcal-Eggetarian-PCOS-Weight-Loss-Option-19.pdf
PCOS Weight Loss,1400,Eggetarian,20,1397,66,56,04-PCOS-Weight-Loss/1400-kcal/1400-kcal-Eggetarian-PCOS-Weight-Loss-Option-20.pdf
PCOS Weight Loss,1400,Eggetarian,21,1392,67,55,04-PCOS-Weight-Loss/1400-kcal/1400-kcal-Eggetarian-PCOS-Weight-Loss-Option-21.pdf
PCOS Weight Loss,1400,Eggetarian,22,1405,65,57,04-PCOS-Weight-Loss/1400-kcal/1400-kcal-Eggetarian-PCOS-Weight-Loss-Option-22.pdf
PCOS Weight Loss,1400,Eggetarian,23,1401,69,61,04-PCOS-Weight-Loss/1400-kcal/1400-kcal-Eggetarian-PCOS-Weight-Loss-Option-23.pdf
PCOS Weight Loss,1400,Eggetarian,24,1403,66,55,04-PCOS-Weight-Loss/1400-kcal/1400-kcal-Eggetarian-PCOS-Weight-Loss-Option-24.pdf
PCOS Weight Loss,1400,Eggetarian,25,1399,69,55,04-PCOS-Weight-Loss/1400-kcal/1400-kcal-Eggetarian-PCOS-Weight-Loss-Option-25.pdf
PCOS Weight Loss,1400,Eggetarian,26,1398,62,55,04-PCOS-Weight-Loss/1400-kcal/1400-kcal-Eggetarian-PCOS-Weight-Loss-Option-26.pdf
PCOS Weight Loss,1400,Eggetarian,27,1404,67,59,04-PCOS-Weight-Loss/1400-kcal/1400-kcal-Eggetarian-PCOS-Weight-Loss-Option-27.pdf
PCOS Weight Loss,1400,Eggetarian,28,1405,66,54,04-PCOS-Weight-Loss/1400-kcal/1400-kcal-Eggetarian-PCOS-Weight-Loss-Option-28.pdf
PCOS Weight Loss,1400,Eggetarian,29,1405,65,57,04-PCOS-Weight-Loss/1400-kcal/1400-kcal-Eggetarian-PCOS-Weight-Loss-Option-29.pdf
PCOS Weight Loss,1400,Eggetarian,30,1386,68,54,04-PCOS-Weight-Loss/1400-kcal/1400-kcal-Eggetarian-PCOS-Weight-Loss-Option-30.pdf
PCOS Weight Loss,1400,Non-Vegetarian,1,1399,78,64,04-PCOS-Weight-Loss/1400-kcal/1400-kcal-Non-Vegetarian-PCOS-Weight-Loss-Option-01.pdf
PCOS Weight Loss,1400,Non-Vegetarian,2,1397,79,65,04-PCOS-Weight-Loss/1400-kcal/1400-kcal-Non-Vegetarian-PCOS-Weight-Loss-Option-02.pdf
PCOS Weight Loss,1400,Non-Vegetarian,3,1408,76,63,04-PCOS-Weight-Loss/1400-kcal/1400-kcal-Non-Vegetarian-PCOS-Weight-Loss-Option-03.pdf
PCOS Weight Loss,1400,Non-Vegetarian,4,1402,73,59,04-PCOS-Weight-Loss/1400-kcal/1400-kcal-Non-Vegetarian-PCOS-Weight-Loss-Option-04.pdf
PCOS Weight Loss,1400,Non-Vegetarian,5,1402,71,60,04-PCOS-Weight-Loss/1400-kcal/1400-kcal-Non-Vegetarian-PCOS-Weight-Loss-Option-05.pdf
PCOS Weight Loss,1400,Non-Vegetarian,6,1389,78,68,04-PCOS-Weight-Loss/1400-kcal/1400-kcal-Non-Vegetarian-PCOS-Weight-Loss-Option-06.pdf
PCOS Weight Loss,1400,Non-Vegetarian,7,1404,73,65,04-PCOS-Weight-Loss/1400-kcal/1400-kcal-Non-Vegetarian-PCOS-Weight-Loss-Option-07.pdf
PCOS Weight Loss,1400,Non-Vegetarian,8,1396,74,51,04-PCOS-Weight-Loss/1400-kcal/1400-kcal-Non-Vegetarian-PCOS-Weight-Loss-Option-08.pdf
PCOS Weight Loss,1400,Non-Vegetarian,9,1399,72,58,04-PCOS-Weight-Loss/1400-kcal/1400-kcal-Non-Vegetarian-PCOS-Weight-Loss-Option-09.pdf
PCOS Weight Loss,1400,Non-Vegetarian,10,1390,82,63,04-PCOS-Weight-Loss/1400-kcal/1400-kcal-Non-Vegetarian-PCOS-Weight-Loss-Option-10.pdf
PCOS Weight Loss,1400,Non-Vegetarian,11,1398,73,57,04-PCOS-Weight-Loss/1400-kcal/1400-kcal-Non-Vegetarian-PCOS-Weight-Loss-Option-11.pdf
PCOS Weight Loss,1400,Non-Vegetarian,12,1400,77,66,04-PCOS-Weight-Loss/1400-kcal/1400-kcal-Non-Vegetarian-PCOS-Weight-Loss-Option-12.pdf
PCOS Weight Loss,1400,Non-Vegetarian,13,1390,78,65,04-PCOS-Weight-Loss/1400-kcal/1400-kcal-Non-Vegetarian-PCOS-Weight-Loss-Option-13.pdf
PCOS Weight Loss,1400,Non-Vegetarian,14,1395,76,67,04-PCOS-Weight-Loss/1400-kcal/1400-kcal-Non-Vegetarian-PCOS-Weight-Loss-Option-14.pdf
PCOS Weight Loss,1400,Non-Vegetarian,15,1397,74,59,04-PCOS-Weight-Loss/1400-kcal/1400-kcal-Non-Vegetarian-PCOS-Weight-Loss-Option-15.pdf
PCOS Weight Loss,1400,Non-Vegetarian,16,1391,79,60,04-PCOS-Weight-Loss/1400-kcal/1400-kcal-Non-Vegetarian-PCOS-Weight-Loss-Option-16.pdf
PCOS Weight Loss,1400,Non-Vegetarian,17,1409,72,62,04-PCOS-Weight-Loss/1400-kcal/1400-kcal-Non-Vegetarian-PCOS-Weight-Loss-Option-17.pdf
PCOS Weight Loss,1400,Non-Vegetarian,18,1402,73,59,04-PCOS-Weight-Loss/1400-kcal/1400-kcal-Non-Vegetarian-PCOS-Weight-Loss-Option-18.pdf
PCOS Weight Loss,1400,Non-Vegetarian,19,1401,74,64,04-PCOS-Weight-Loss/1400-kcal/1400-kcal-Non-Vegetarian-PCOS-Weight-Loss-Option-19.pdf
PCOS Weight Loss,1400,Non-Vegetarian,20,1398,75,59,04-PCOS-Weight-Loss/1400-kcal/1400-kcal-Non-Vegetarian-PCOS-Weight-Loss-Option-20.pdf
PCOS Weight Loss,1400,Non-Vegetarian,21,1401,75,62,04-PCOS-Weight-Loss/1400-kcal/1400-kcal-Non-Vegetarian-PCOS-Weight-Loss-Option-21.pdf
PCOS Weight Loss,1400,Non-Vegetarian,22,1407,74,65,04-PCOS-Weight-Loss/1400-kcal/1400-kcal-Non-Vegetarian-PCOS-Weight-Loss-Option-22.pdf
PCOS Weight Loss,1400,Non-Vegetarian,23,1408,74,58,04-PCOS-Weight-Loss/1400-kcal/1400-kcal-Non-Vegetarian-PCOS-Weight-Loss-Option-23.pdf
PCOS Weight Loss,1400,Non-Vegetarian,24,1396,71,62,04-PCOS-Weight-Loss/1400-kcal/1400-kcal-Non-Vegetarian-PCOS-Weight-Loss-Option-24.pdf
PCOS Weight Loss,1400,Non-Vegetarian,25,1390,75,56,04-PCOS-Weight-Loss/1400-kcal/1400-kcal-Non-Vegetarian-PCOS-Weight-Loss-Option-25.pdf
PCOS Weight Loss,1400,Non-Vegetarian,26,1403,76,65,04-PCOS-Weight-Loss/1400-kcal/1400-kcal-Non-Vegetarian-PCOS-Weight-Loss-Option-26.pdf
PCOS Weight Loss,1400,Non-Vegetarian,27,1406,67,60,04-PCOS-Weight-Loss/1400-kcal/1400-kcal-Non-Vegetarian-PCOS-Weight-Loss-Option-27.pdf
PCOS Weight Loss,1400,Non-Vegetarian,28,1393,77,62,04-PCOS-Weight-Loss/1400-kcal/1400-kcal-Non-Vegetarian-PCOS-Weight-Loss-Option-28.pdf
PCOS Weight Loss,1400,Non-Vegetarian,29,1406,79,67,04-PCOS-Weight-Loss/1400-kcal/1400-kcal-Non-Vegetarian-PCOS-Weight-Loss-Option-29.pdf
PCOS Weight Loss,1400,Non-Vegetarian,30,1385,76,65,04-PCOS-Weight-Loss/1400-kcal/1400-kcal-Non-Vegetarian-PCOS-Weight-Loss-Option-30.pdf
PCOS Weight Loss,1500,Vegetarian,1,1490,61,56,04-PCOS-Weight-Loss/1500-kcal/1500-kcal-Vegetarian-PCOS-Weight-Loss-Option-01.pdf
PCOS Weight Loss,1500,Vegetarian,2,1502,65,60,04-PCOS-Weight-Loss/1500-kcal/1500-kcal-Vegetarian-PCOS-Weight-Loss-Option-02.pdf
PCOS Weight Loss,1500,Vegetarian,3,1490,65,57,04-PCOS-Weight-Loss/1500-kcal/1500-kcal-Vegetarian-PCOS-Weight-Loss-Option-03.pdf
PCOS Weight Loss,1500,Vegetarian,4,1503,64,58,04-PCOS-Weight-Loss/1500-kcal/1500-kcal-Vegetarian-PCOS-Weight-Loss-Option-04.pdf
PCOS Weight Loss,1500,Vegetarian,5,1498,63,55,04-PCOS-Weight-Loss/1500-kcal/1500-kcal-Vegetarian-PCOS-Weight-Loss-Option-05.pdf
PCOS Weight Loss,1500,Vegetarian,6,1502,62,55,04-PCOS-Weight-Loss/1500-kcal/1500-kcal-Vegetarian-PCOS-Weight-Loss-Option-06.pdf
PCOS Weight Loss,1500,Vegetarian,7,1493,62,58,04-PCOS-Weight-Loss/1500-kcal/1500-kcal-Vegetarian-PCOS-Weight-Loss-Option-07.pdf
PCOS Weight Loss,1500,Vegetarian,8,1497,64,58,04-PCOS-Weight-Loss/1500-kcal/1500-kcal-Vegetarian-PCOS-Weight-Loss-Option-08.pdf
PCOS Weight Loss,1500,Vegetarian,9,1503,63,59,04-PCOS-Weight-Loss/1500-kcal/1500-kcal-Vegetarian-PCOS-Weight-Loss-Option-09.pdf
PCOS Weight Loss,1500,Vegetarian,10,1506,65,61,04-PCOS-Weight-Loss/1500-kcal/1500-kcal-Vegetarian-PCOS-Weight-Loss-Option-10.pdf
PCOS Weight Loss,1500,Vegetarian,11,1499,66,60,04-PCOS-Weight-Loss/1500-kcal/1500-kcal-Vegetarian-PCOS-Weight-Loss-Option-11.pdf
PCOS Weight Loss,1500,Vegetarian,12,1497,61,56,04-PCOS-Weight-Loss/1500-kcal/1500-kcal-Vegetarian-PCOS-Weight-Loss-Option-12.pdf
PCOS Weight Loss,1500,Vegetarian,13,1500,67,60,04-PCOS-Weight-Loss/1500-kcal/1500-kcal-Vegetarian-PCOS-Weight-Loss-Option-13.pdf
PCOS Weight Loss,1500,Vegetarian,14,1489,62,57,04-PCOS-Weight-Loss/1500-kcal/1500-kcal-Vegetarian-PCOS-Weight-Loss-Option-14.pdf
PCOS Weight Loss,1500,Vegetarian,15,1508,63,55,04-PCOS-Weight-Loss/1500-kcal/1500-kcal-Vegetarian-PCOS-Weight-Loss-Option-15.pdf
PCOS Weight Loss,1500,Vegetarian,16,1501,64,56,04-PCOS-Weight-Loss/1500-kcal/1500-kcal-Vegetarian-PCOS-Weight-Loss-Option-16.pdf
PCOS Weight Loss,1500,Vegetarian,17,1509,65,57,04-PCOS-Weight-Loss/1500-kcal/1500-kcal-Vegetarian-PCOS-Weight-Loss-Option-17.pdf
PCOS Weight Loss,1500,Vegetarian,18,1493,61,54,04-PCOS-Weight-Loss/1500-kcal/1500-kcal-Vegetarian-PCOS-Weight-Loss-Option-18.pdf
PCOS Weight Loss,1500,Vegetarian,19,1500,64,61,04-PCOS-Weight-Loss/1500-kcal/1500-kcal-Vegetarian-PCOS-Weight-Loss-Option-19.pdf
PCOS Weight Loss,1500,Vegetarian,20,1507,64,61,04-PCOS-Weight-Loss/1500-kcal/1500-kcal-Vegetarian-PCOS-Weight-Loss-Option-20.pdf
PCOS Weight Loss,1500,Vegetarian,21,1493,63,58,04-PCOS-Weight-Loss/1500-kcal/1500-kcal-Vegetarian-PCOS-Weight-Loss-Option-21.pdf
PCOS Weight Loss,1500,Vegetarian,22,1493,60,55,04-PCOS-Weight-Loss/1500-kcal/1500-kcal-Vegetarian-PCOS-Weight-Loss-Option-22.pdf
PCOS Weight Loss,1500,Vegetarian,23,1505,63,56,04-PCOS-Weight-Loss/1500-kcal/1500-kcal-Vegetarian-PCOS-Weight-Loss-Option-23.pdf
PCOS Weight Loss,1500,Vegetarian,24,1484,61,52,04-PCOS-Weight-Loss/1500-kcal/1500-kcal-Vegetarian-PCOS-Weight-Loss-Option-24.pdf
PCOS Weight Loss,1500,Vegetarian,25,1504,65,58,04-PCOS-Weight-Loss/1500-kcal/1500-kcal-Vegetarian-PCOS-Weight-Loss-Option-25.pdf
PCOS Weight Loss,1500,Vegetarian,26,1501,62,57,04-PCOS-Weight-Loss/1500-kcal/1500-kcal-Vegetarian-PCOS-Weight-Loss-Option-26.pdf
PCOS Weight Loss,1500,Vegetarian,27,1512,63,57,04-PCOS-Weight-Loss/1500-kcal/1500-kcal-Vegetarian-PCOS-Weight-Loss-Option-27.pdf
PCOS Weight Loss,1500,Vegetarian,28,1501,64,59,04-PCOS-Weight-Loss/1500-kcal/1500-kcal-Vegetarian-PCOS-Weight-Loss-Option-28.pdf
PCOS Weight Loss,1500,Vegetarian,29,1505,69,64,04-PCOS-Weight-Loss/1500-kcal/1500-kcal-Vegetarian-PCOS-Weight-Loss-Option-29.pdf
PCOS Weight Loss,1500,Vegetarian,30,1499,61,53,04-PCOS-Weight-Loss/1500-kcal/1500-kcal-Vegetarian-PCOS-Weight-Loss-Option-30.pdf
PCOS Weight Loss,1500,Vegan,1,1484,64,57,04-PCOS-Weight-Loss/1500-kcal/1500-kcal-Vegan-PCOS-Weight-Loss-Option-01.pdf
PCOS Weight Loss,1500,Vegan,2,1492,67,59,04-PCOS-Weight-Loss/1500-kcal/1500-kcal-Vegan-PCOS-Weight-Loss-Option-02.pdf
PCOS Weight Loss,1500,Vegan,3,1503,64,58,04-PCOS-Weight-Loss/1500-kcal/1500-kcal-Vegan-PCOS-Weight-Loss-Option-03.pdf
PCOS Weight Loss,1500,Vegan,4,1490,62,51,04-PCOS-Weight-Loss/1500-kcal/1500-kcal-Vegan-PCOS-Weight-Loss-Option-04.pdf
PCOS Weight Loss,1500,Vegan,5,1493,62,56,04-PCOS-Weight-Loss/1500-kcal/1500-kcal-Vegan-PCOS-Weight-Loss-Option-05.pdf
PCOS Weight Loss,1500,Vegan,6,1497,64,59,04-PCOS-Weight-Loss/1500-kcal/1500-kcal-Vegan-PCOS-Weight-Loss-Option-06.pdf
PCOS Weight Loss,1500,Vegan,7,1501,64,58,04-PCOS-Weight-Loss/1500-kcal/1500-kcal-Vegan-PCOS-Weight-Loss-Option-07.pdf
PCOS Weight Loss,1500,Vegan,8,1495,63,55,04-PCOS-Weight-Loss/1500-kcal/1500-kcal-Vegan-PCOS-Weight-Loss-Option-08.pdf
PCOS Weight Loss,1500,Vegan,9,1491,63,59,04-PCOS-Weight-Loss/1500-kcal/1500-kcal-Vegan-PCOS-Weight-Loss-Option-09.pdf
PCOS Weight Loss,1500,Vegan,10,1495,62,57,04-PCOS-Weight-Loss/1500-kcal/1500-kcal-Vegan-PCOS-Weight-Loss-Option-10.pdf
PCOS Weight Loss,1500,Vegan,11,1493,62,58,04-PCOS-Weight-Loss/1500-kcal/1500-kcal-Vegan-PCOS-Weight-Loss-Option-11.pdf
PCOS Weight Loss,1500,Vegan,12,1502,63,57,04-PCOS-Weight-Loss/1500-kcal/1500-kcal-Vegan-PCOS-Weight-Loss-Option-12.pdf
PCOS Weight Loss,1500,Vegan,13,1491,61,56,04-PCOS-Weight-Loss/1500-kcal/1500-kcal-Vegan-PCOS-Weight-Loss-Option-13.pdf
PCOS Weight Loss,1500,Vegan,14,1501,62,57,04-PCOS-Weight-Loss/1500-kcal/1500-kcal-Vegan-PCOS-Weight-Loss-Option-14.pdf
PCOS Weight Loss,1500,Vegan,15,1492,62,55,04-PCOS-Weight-Loss/1500-kcal/1500-kcal-Vegan-PCOS-Weight-Loss-Option-15.pdf
PCOS Weight Loss,1500,Vegan,16,1489,61,59,04-PCOS-Weight-Loss/1500-kcal/1500-kcal-Vegan-PCOS-Weight-Loss-Option-16.pdf
PCOS Weight Loss,1500,Vegan,17,1496,62,59,04-PCOS-Weight-Loss/1500-kcal/1500-kcal-Vegan-PCOS-Weight-Loss-Option-17.pdf
PCOS Weight Loss,1500,Vegan,18,1487,64,59,04-PCOS-Weight-Loss/1500-kcal/1500-kcal-Vegan-PCOS-Weight-Loss-Option-18.pdf
PCOS Weight Loss,1500,Vegan,19,1497,65,62,04-PCOS-Weight-Loss/1500-kcal/1500-kcal-Vegan-PCOS-Weight-Loss-Option-19.pdf
PCOS Weight Loss,1500,Vegan,20,1492,64,57,04-PCOS-Weight-Loss/1500-kcal/1500-kcal-Vegan-PCOS-Weight-Loss-Option-20.pdf
PCOS Weight Loss,1500,Vegan,21,1494,64,53,04-PCOS-Weight-Loss/1500-kcal/1500-kcal-Vegan-PCOS-Weight-Loss-Option-21.pdf
PCOS Weight Loss,1500,Vegan,22,1491,62,58,04-PCOS-Weight-Loss/1500-kcal/1500-kcal-Vegan-PCOS-Weight-Loss-Option-22.pdf
PCOS Weight Loss,1500,Vegan,23,1485,64,60,04-PCOS-Weight-Loss/1500-kcal/1500-kcal-Vegan-PCOS-Weight-Loss-Option-23.pdf
PCOS Weight Loss,1500,Vegan,24,1475,63,55,04-PCOS-Weight-Loss/1500-kcal/1500-kcal-Vegan-PCOS-Weight-Loss-Option-24.pdf
PCOS Weight Loss,1500,Vegan,25,1494,62,60,04-PCOS-Weight-Loss/1500-kcal/1500-kcal-Vegan-PCOS-Weight-Loss-Option-25.pdf
PCOS Weight Loss,1500,Vegan,26,1482,62,58,04-PCOS-Weight-Loss/1500-kcal/1500-kcal-Vegan-PCOS-Weight-Loss-Option-26.pdf
PCOS Weight Loss,1500,Vegan,27,1495,64,57,04-PCOS-Weight-Loss/1500-kcal/1500-kcal-Vegan-PCOS-Weight-Loss-Option-27.pdf
PCOS Weight Loss,1500,Vegan,28,1494,62,57,04-PCOS-Weight-Loss/1500-kcal/1500-kcal-Vegan-PCOS-Weight-Loss-Option-28.pdf
PCOS Weight Loss,1500,Vegan,29,1495,62,55,04-PCOS-Weight-Loss/1500-kcal/1500-kcal-Vegan-PCOS-Weight-Loss-Option-29.pdf
PCOS Weight Loss,1500,Vegan,30,1499,62,56,04-PCOS-Weight-Loss/1500-kcal/1500-kcal-Vegan-PCOS-Weight-Loss-Option-30.pdf
PCOS Weight Loss,1500,Eggetarian,1,1500,69,54,04-PCOS-Weight-Loss/1500-kcal/1500-kcal-Eggetarian-PCOS-Weight-Loss-Option-01.pdf
PCOS Weight Loss,1500,Eggetarian,2,1508,71,58,04-PCOS-Weight-Loss/1500-kcal/1500-kcal-Eggetarian-PCOS-Weight-Loss-Option-02.pdf
PCOS Weight Loss,1500,Eggetarian,3,1504,71,64,04-PCOS-Weight-Loss/1500-kcal/1500-kcal-Eggetarian-PCOS-Weight-Loss-Option-03.pdf
PCOS Weight Loss,1500,Eggetarian,4,1483,67,55,04-PCOS-Weight-Loss/1500-kcal/1500-kcal-Eggetarian-PCOS-Weight-Loss-Option-04.pdf
PCOS Weight Loss,1500,Eggetarian,5,1508,69,55,04-PCOS-Weight-Loss/1500-kcal/1500-kcal-Eggetarian-PCOS-Weight-Loss-Option-05.pdf
PCOS Weight Loss,1500,Eggetarian,6,1494,72,60,04-PCOS-Weight-Loss/1500-kcal/1500-kcal-Eggetarian-PCOS-Weight-Loss-Option-06.pdf
PCOS Weight Loss,1500,Eggetarian,7,1510,70,57,04-PCOS-Weight-Loss/1500-kcal/1500-kcal-Eggetarian-PCOS-Weight-Loss-Option-07.pdf
PCOS Weight Loss,1500,Eggetarian,8,1497,67,57,04-PCOS-Weight-Loss/1500-kcal/1500-kcal-Eggetarian-PCOS-Weight-Loss-Option-08.pdf
PCOS Weight Loss,1500,Eggetarian,9,1505,72,57,04-PCOS-Weight-Loss/1500-kcal/1500-kcal-Eggetarian-PCOS-Weight-Loss-Option-09.pdf
PCOS Weight Loss,1500,Eggetarian,10,1489,69,59,04-PCOS-Weight-Loss/1500-kcal/1500-kcal-Eggetarian-PCOS-Weight-Loss-Option-10.pdf
PCOS Weight Loss,1500,Eggetarian,11,1483,71,63,04-PCOS-Weight-Loss/1500-kcal/1500-kcal-Eggetarian-PCOS-Weight-Loss-Option-11.pdf
PCOS Weight Loss,1500,Eggetarian,12,1505,73,63,04-PCOS-Weight-Loss/1500-kcal/1500-kcal-Eggetarian-PCOS-Weight-Loss-Option-12.pdf
PCOS Weight Loss,1500,Eggetarian,13,1489,67,57,04-PCOS-Weight-Loss/1500-kcal/1500-kcal-Eggetarian-PCOS-Weight-Loss-Option-13.pdf
PCOS Weight Loss,1500,Eggetarian,14,1499,69,56,04-PCOS-Weight-Loss/1500-kcal/1500-kcal-Eggetarian-PCOS-Weight-Loss-Option-14.pdf
PCOS Weight Loss,1500,Eggetarian,15,1511,69,58,04-PCOS-Weight-Loss/1500-kcal/1500-kcal-Eggetarian-PCOS-Weight-Loss-Option-15.pdf
PCOS Weight Loss,1500,Eggetarian,16,1494,66,56,04-PCOS-Weight-Loss/1500-kcal/1500-kcal-Eggetarian-PCOS-Weight-Loss-Option-16.pdf
PCOS Weight Loss,1500,Eggetarian,17,1491,65,53,04-PCOS-Weight-Loss/1500-kcal/1500-kcal-Eggetarian-PCOS-Weight-Loss-Option-17.pdf
PCOS Weight Loss,1500,Eggetarian,18,1492,72,62,04-PCOS-Weight-Loss/1500-kcal/1500-kcal-Eggetarian-PCOS-Weight-Loss-Option-18.pdf
PCOS Weight Loss,1500,Eggetarian,19,1492,74,61,04-PCOS-Weight-Loss/1500-kcal/1500-kcal-Eggetarian-PCOS-Weight-Loss-Option-19.pdf
PCOS Weight Loss,1500,Eggetarian,20,1499,69,57,04-PCOS-Weight-Loss/1500-kcal/1500-kcal-Eggetarian-PCOS-Weight-Loss-Option-20.pdf
PCOS Weight Loss,1500,Eggetarian,21,1487,73,63,04-PCOS-Weight-Loss/1500-kcal/1500-kcal-Eggetarian-PCOS-Weight-Loss-Option-21.pdf
PCOS Weight Loss,1500,Eggetarian,22,1502,73,56,04-PCOS-Weight-Loss/1500-kcal/1500-kcal-Eggetarian-PCOS-Weight-Loss-Option-22.pdf
PCOS Weight Loss,1500,Eggetarian,23,1490,71,56,04-PCOS-Weight-Loss/1500-kcal/1500-kcal-Eggetarian-PCOS-Weight-Loss-Option-23.pdf
PCOS Weight Loss,1500,Eggetarian,24,1486,73,53,04-PCOS-Weight-Loss/1500-kcal/1500-kcal-Eggetarian-PCOS-Weight-Loss-Option-24.pdf
PCOS Weight Loss,1500,Eggetarian,25,1492,70,59,04-PCOS-Weight-Loss/1500-kcal/1500-kcal-Eggetarian-PCOS-Weight-Loss-Option-25.pdf
PCOS Weight Loss,1500,Eggetarian,26,1504,69,55,04-PCOS-Weight-Loss/1500-kcal/1500-kcal-Eggetarian-PCOS-Weight-Loss-Option-26.pdf
PCOS Weight Loss,1500,Eggetarian,27,1474,67,54,04-PCOS-Weight-Loss/1500-kcal/1500-kcal-Eggetarian-PCOS-Weight-Loss-Option-27.pdf
PCOS Weight Loss,1500,Eggetarian,28,1499,69,56,04-PCOS-Weight-Loss/1500-kcal/1500-kcal-Eggetarian-PCOS-Weight-Loss-Option-28.pdf
PCOS Weight Loss,1500,Eggetarian,29,1485,71,60,04-PCOS-Weight-Loss/1500-kcal/1500-kcal-Eggetarian-PCOS-Weight-Loss-Option-29.pdf
PCOS Weight Loss,1500,Eggetarian,30,1485,69,59,04-PCOS-Weight-Loss/1500-kcal/1500-kcal-Eggetarian-PCOS-Weight-Loss-Option-30.pdf
PCOS Weight Loss,1500,Non-Vegetarian,1,1488,79,59,04-PCOS-Weight-Loss/1500-kcal/1500-kcal-Non-Vegetarian-PCOS-Weight-Loss-Option-01.pdf
PCOS Weight Loss,1500,Non-Vegetarian,2,1469,81,71,04-PCOS-Weight-Loss/1500-kcal/1500-kcal-Non-Vegetarian-PCOS-Weight-Loss-Option-02.pdf
PCOS Weight Loss,1500,Non-Vegetarian,3,1507,77,72,04-PCOS-Weight-Loss/1500-kcal/1500-kcal-Non-Vegetarian-PCOS-Weight-Loss-Option-03.pdf
PCOS Weight Loss,1500,Non-Vegetarian,4,1499,80,69,04-PCOS-Weight-Loss/1500-kcal/1500-kcal-Non-Vegetarian-PCOS-Weight-Loss-Option-04.pdf
PCOS Weight Loss,1500,Non-Vegetarian,5,1480,77,61,04-PCOS-Weight-Loss/1500-kcal/1500-kcal-Non-Vegetarian-PCOS-Weight-Loss-Option-05.pdf
PCOS Weight Loss,1500,Non-Vegetarian,6,1499,79,63,04-PCOS-Weight-Loss/1500-kcal/1500-kcal-Non-Vegetarian-PCOS-Weight-Loss-Option-06.pdf
PCOS Weight Loss,1500,Non-Vegetarian,7,1491,78,71,04-PCOS-Weight-Loss/1500-kcal/1500-kcal-Non-Vegetarian-PCOS-Weight-Loss-Option-07.pdf
PCOS Weight Loss,1500,Non-Vegetarian,8,1505,77,69,04-PCOS-Weight-Loss/1500-kcal/1500-kcal-Non-Vegetarian-PCOS-Weight-Loss-Option-08.pdf
PCOS Weight Loss,1500,Non-Vegetarian,9,1498,81,58,04-PCOS-Weight-Loss/1500-kcal/1500-kcal-Non-Vegetarian-PCOS-Weight-Loss-Option-09.pdf
PCOS Weight Loss,1500,Non-Vegetarian,10,1484,79,66,04-PCOS-Weight-Loss/1500-kcal/1500-kcal-Non-Vegetarian-PCOS-Weight-Loss-Option-10.pdf
PCOS Weight Loss,1500,Non-Vegetarian,11,1498,82,69,04-PCOS-Weight-Loss/1500-kcal/1500-kcal-Non-Vegetarian-PCOS-Weight-Loss-Option-11.pdf
PCOS Weight Loss,1500,Non-Vegetarian,12,1502,82,65,04-PCOS-Weight-Loss/1500-kcal/1500-kcal-Non-Vegetarian-PCOS-Weight-Loss-Option-12.pdf
PCOS Weight Loss,1500,Non-Vegetarian,13,1496,81,61,04-PCOS-Weight-Loss/1500-kcal/1500-kcal-Non-Vegetarian-PCOS-Weight-Loss-Option-13.pdf
PCOS Weight Loss,1500,Non-Vegetarian,14,1510,86,68,04-PCOS-Weight-Loss/1500-kcal/1500-kcal-Non-Vegetarian-PCOS-Weight-Loss-Option-14.pdf
PCOS Weight Loss,1500,Non-Vegetarian,15,1498,75,62,04-PCOS-Weight-Loss/1500-kcal/1500-kcal-Non-Vegetarian-PCOS-Weight-Loss-Option-15.pdf
PCOS Weight Loss,1500,Non-Vegetarian,16,1506,81,68,04-PCOS-Weight-Loss/1500-kcal/1500-kcal-Non-Vegetarian-PCOS-Weight-Loss-Option-16.pdf
PCOS Weight Loss,1500,Non-Vegetarian,17,1497,78,59,04-PCOS-Weight-Loss/1500-kcal/1500-kcal-Non-Vegetarian-PCOS-Weight-Loss-Option-17.pdf
PCOS Weight Loss,1500,Non-Vegetarian,18,1509,79,62,04-PCOS-Weight-Loss/1500-kcal/1500-kcal-Non-Vegetarian-PCOS-Weight-Loss-Option-18.pdf
PCOS Weight Loss,1500,Non-Vegetarian,19,1503,80,69,04-PCOS-Weight-Loss/1500-kcal/1500-kcal-Non-Vegetarian-PCOS-Weight-Loss-Option-19.pdf
PCOS Weight Loss,1500,Non-Vegetarian,20,1495,83,68,04-PCOS-Weight-Loss/1500-kcal/1500-kcal-Non-Vegetarian-PCOS-Weight-Loss-Option-20.pdf
PCOS Weight Loss,1500,Non-Vegetarian,21,1498,82,68,04-PCOS-Weight-Loss/1500-kcal/1500-kcal-Non-Vegetarian-PCOS-Weight-Loss-Option-21.pdf
PCOS Weight Loss,1500,Non-Vegetarian,22,1509,85,67,04-PCOS-Weight-Loss/1500-kcal/1500-kcal-Non-Vegetarian-PCOS-Weight-Loss-Option-22.pdf
PCOS Weight Loss,1500,Non-Vegetarian,23,1500,74,62,04-PCOS-Weight-Loss/1500-kcal/1500-kcal-Non-Vegetarian-PCOS-Weight-Loss-Option-23.pdf
PCOS Weight Loss,1500,Non-Vegetarian,24,1497,81,74,04-PCOS-Weight-Loss/1500-kcal/1500-kcal-Non-Vegetarian-PCOS-Weight-Loss-Option-24.pdf
PCOS Weight Loss,1500,Non-Vegetarian,25,1500,80,62,04-PCOS-Weight-Loss/1500-kcal/1500-kcal-Non-Vegetarian-PCOS-Weight-Loss-Option-25.pdf
PCOS Weight Loss,1500,Non-Vegetarian,26,1500,84,62,04-PCOS-Weight-Loss/1500-kcal/1500-kcal-Non-Vegetarian-PCOS-Weight-Loss-Option-26.pdf
PCOS Weight Loss,1500,Non-Vegetarian,27,1498,83,71,04-PCOS-Weight-Loss/1500-kcal/1500-kcal-Non-Vegetarian-PCOS-Weight-Loss-Option-27.pdf
PCOS Weight Loss,1500,Non-Vegetarian,28,1512,78,72,04-PCOS-Weight-Loss/1500-kcal/1500-kcal-Non-Vegetarian-PCOS-Weight-Loss-Option-28.pdf
PCOS Weight Loss,1500,Non-Vegetarian,29,1501,82,68,04-PCOS-Weight-Loss/1500-kcal/1500-kcal-Non-Vegetarian-PCOS-Weight-Loss-Option-29.pdf
PCOS Weight Loss,1500,Non-Vegetarian,30,1490,80,68,04-PCOS-Weight-Loss/1500-kcal/1500-kcal-Non-Vegetarian-PCOS-Weight-Loss-Option-30.pdf
PCOS Weight Loss,1600,Vegetarian,1,1612,71,58,04-PCOS-Weight-Loss/1600-kcal/1600-kcal-Vegetarian-PCOS-Weight-Loss-Option-01.pdf
PCOS Weight Loss,1600,Vegetarian,2,1617,69,60,04-PCOS-Weight-Loss/1600-kcal/1600-kcal-Vegetarian-PCOS-Weight-Loss-Option-02.pdf
PCOS Weight Loss,1600,Vegetarian,3,1599,70,63,04-PCOS-Weight-Loss/1600-kcal/1600-kcal-Vegetarian-PCOS-Weight-Loss-Option-03.pdf
PCOS Weight Loss,1600,Vegetarian,4,1607,68,63,04-PCOS-Weight-Loss/1600-kcal/1600-kcal-Vegetarian-PCOS-Weight-Loss-Option-04.pdf
PCOS Weight Loss,1600,Vegetarian,5,1605,66,58,04-PCOS-Weight-Loss/1600-kcal/1600-kcal-Vegetarian-PCOS-Weight-Loss-Option-05.pdf
PCOS Weight Loss,1600,Vegetarian,6,1599,67,61,04-PCOS-Weight-Loss/1600-kcal/1600-kcal-Vegetarian-PCOS-Weight-Loss-Option-06.pdf
PCOS Weight Loss,1600,Vegetarian,7,1598,70,62,04-PCOS-Weight-Loss/1600-kcal/1600-kcal-Vegetarian-PCOS-Weight-Loss-Option-07.pdf
PCOS Weight Loss,1600,Vegetarian,8,1593,70,61,04-PCOS-Weight-Loss/1600-kcal/1600-kcal-Vegetarian-PCOS-Weight-Loss-Option-08.pdf
PCOS Weight Loss,1600,Vegetarian,9,1606,65,61,04-PCOS-Weight-Loss/1600-kcal/1600-kcal-Vegetarian-PCOS-Weight-Loss-Option-09.pdf
PCOS Weight Loss,1600,Vegetarian,10,1593,65,60,04-PCOS-Weight-Loss/1600-kcal/1600-kcal-Vegetarian-PCOS-Weight-Loss-Option-10.pdf
PCOS Weight Loss,1600,Vegetarian,11,1605,67,58,04-PCOS-Weight-Loss/1600-kcal/1600-kcal-Vegetarian-PCOS-Weight-Loss-Option-11.pdf
PCOS Weight Loss,1600,Vegetarian,12,1600,69,60,04-PCOS-Weight-Loss/1600-kcal/1600-kcal-Vegetarian-PCOS-Weight-Loss-Option-12.pdf
PCOS Weight Loss,1600,Vegetarian,13,1591,67,62,04-PCOS-Weight-Loss/1600-kcal/1600-kcal-Vegetarian-PCOS-Weight-Loss-Option-13.pdf
PCOS Weight Loss,1600,Vegetarian,14,1604,68,60,04-PCOS-Weight-Loss/1600-kcal/1600-kcal-Vegetarian-PCOS-Weight-Loss-Option-14.pdf
PCOS Weight Loss,1600,Vegetarian,15,1608,73,64,04-PCOS-Weight-Loss/1600-kcal/1600-kcal-Vegetarian-PCOS-Weight-Loss-Option-15.pdf
PCOS Weight Loss,1600,Vegetarian,16,1599,70,58,04-PCOS-Weight-Loss/1600-kcal/1600-kcal-Vegetarian-PCOS-Weight-Loss-Option-16.pdf
PCOS Weight Loss,1600,Vegetarian,17,1603,67,61,04-PCOS-Weight-Loss/1600-kcal/1600-kcal-Vegetarian-PCOS-Weight-Loss-Option-17.pdf
PCOS Weight Loss,1600,Vegetarian,18,1606,73,65,04-PCOS-Weight-Loss/1600-kcal/1600-kcal-Vegetarian-PCOS-Weight-Loss-Option-18.pdf
PCOS Weight Loss,1600,Vegetarian,19,1603,70,59,04-PCOS-Weight-Loss/1600-kcal/1600-kcal-Vegetarian-PCOS-Weight-Loss-Option-19.pdf
PCOS Weight Loss,1600,Vegetarian,20,1595,67,59,04-PCOS-Weight-Loss/1600-kcal/1600-kcal-Vegetarian-PCOS-Weight-Loss-Option-20.pdf
PCOS Weight Loss,1600,Vegetarian,21,1606,70,61,04-PCOS-Weight-Loss/1600-kcal/1600-kcal-Vegetarian-PCOS-Weight-Loss-Option-21.pdf
PCOS Weight Loss,1600,Vegetarian,22,1583,65,62,04-PCOS-Weight-Loss/1600-kcal/1600-kcal-Vegetarian-PCOS-Weight-Loss-Option-22.pdf
PCOS Weight Loss,1600,Vegetarian,23,1592,63,56,04-PCOS-Weight-Loss/1600-kcal/1600-kcal-Vegetarian-PCOS-Weight-Loss-Option-23.pdf
PCOS Weight Loss,1600,Vegetarian,24,1599,66,57,04-PCOS-Weight-Loss/1600-kcal/1600-kcal-Vegetarian-PCOS-Weight-Loss-Option-24.pdf
PCOS Weight Loss,1600,Vegetarian,25,1603,69,61,04-PCOS-Weight-Loss/1600-kcal/1600-kcal-Vegetarian-PCOS-Weight-Loss-Option-25.pdf
PCOS Weight Loss,1600,Vegetarian,26,1603,63,58,04-PCOS-Weight-Loss/1600-kcal/1600-kcal-Vegetarian-PCOS-Weight-Loss-Option-26.pdf
PCOS Weight Loss,1600,Vegetarian,27,1613,67,60,04-PCOS-Weight-Loss/1600-kcal/1600-kcal-Vegetarian-PCOS-Weight-Loss-Option-27.pdf
PCOS Weight Loss,1600,Vegetarian,28,1612,70,62,04-PCOS-Weight-Loss/1600-kcal/1600-kcal-Vegetarian-PCOS-Weight-Loss-Option-28.pdf
PCOS Weight Loss,1600,Vegetarian,29,1602,66,61,04-PCOS-Weight-Loss/1600-kcal/1600-kcal-Vegetarian-PCOS-Weight-Loss-Option-29.pdf
PCOS Weight Loss,1600,Vegetarian,30,1588,63,59,04-PCOS-Weight-Loss/1600-kcal/1600-kcal-Vegetarian-PCOS-Weight-Loss-Option-30.pdf
PCOS Weight Loss,1600,Vegan,1,1586,68,63,04-PCOS-Weight-Loss/1600-kcal/1600-kcal-Vegan-PCOS-Weight-Loss-Option-01.pdf
PCOS Weight Loss,1600,Vegan,2,1589,68,59,04-PCOS-Weight-Loss/1600-kcal/1600-kcal-Vegan-PCOS-Weight-Loss-Option-02.pdf
PCOS Weight Loss,1600,Vegan,3,1603,69,61,04-PCOS-Weight-Loss/1600-kcal/1600-kcal-Vegan-PCOS-Weight-Loss-Option-03.pdf
PCOS Weight Loss,1600,Vegan,4,1592,64,59,04-PCOS-Weight-Loss/1600-kcal/1600-kcal-Vegan-PCOS-Weight-Loss-Option-04.pdf
PCOS Weight Loss,1600,Vegan,5,1582,66,59,04-PCOS-Weight-Loss/1600-kcal/1600-kcal-Vegan-PCOS-Weight-Loss-Option-05.pdf
PCOS Weight Loss,1600,Vegan,6,1597,69,61,04-PCOS-Weight-Loss/1600-kcal/1600-kcal-Vegan-PCOS-Weight-Loss-Option-06.pdf
PCOS Weight Loss,1600,Vegan,7,1594,66,60,04-PCOS-Weight-Loss/1600-kcal/1600-kcal-Vegan-PCOS-Weight-Loss-Option-07.pdf
PCOS Weight Loss,1600,Vegan,8,1591,66,60,04-PCOS-Weight-Loss/1600-kcal/1600-kcal-Vegan-PCOS-Weight-Loss-Option-08.pdf
PCOS Weight Loss,1600,Vegan,9,1605,68,62,04-PCOS-Weight-Loss/1600-kcal/1600-kcal-Vegan-PCOS-Weight-Loss-Option-09.pdf
PCOS Weight Loss,1600,Vegan,10,1594,67,59,04-PCOS-Weight-Loss/1600-kcal/1600-kcal-Vegan-PCOS-Weight-Loss-Option-10.pdf
PCOS Weight Loss,1600,Vegan,11,1580,67,58,04-PCOS-Weight-Loss/1600-kcal/1600-kcal-Vegan-PCOS-Weight-Loss-Option-11.pdf
PCOS Weight Loss,1600,Vegan,12,1604,66,61,04-PCOS-Weight-Loss/1600-kcal/1600-kcal-Vegan-PCOS-Weight-Loss-Option-12.pdf
PCOS Weight Loss,1600,Vegan,13,1594,68,58,04-PCOS-Weight-Loss/1600-kcal/1600-kcal-Vegan-PCOS-Weight-Loss-Option-13.pdf
PCOS Weight Loss,1600,Vegan,14,1588,66,59,04-PCOS-Weight-Loss/1600-kcal/1600-kcal-Vegan-PCOS-Weight-Loss-Option-14.pdf
PCOS Weight Loss,1600,Vegan,15,1589,67,54,04-PCOS-Weight-Loss/1600-kcal/1600-kcal-Vegan-PCOS-Weight-Loss-Option-15.pdf
PCOS Weight Loss,1600,Vegan,16,1593,69,59,04-PCOS-Weight-Loss/1600-kcal/1600-kcal-Vegan-PCOS-Weight-Loss-Option-16.pdf
PCOS Weight Loss,1600,Vegan,17,1598,70,63,04-PCOS-Weight-Loss/1600-kcal/1600-kcal-Vegan-PCOS-Weight-Loss-Option-17.pdf
PCOS Weight Loss,1600,Vegan,18,1596,67,62,04-PCOS-Weight-Loss/1600-kcal/1600-kcal-Vegan-PCOS-Weight-Loss-Option-18.pdf
PCOS Weight Loss,1600,Vegan,19,1597,68,60,04-PCOS-Weight-Loss/1600-kcal/1600-kcal-Vegan-PCOS-Weight-Loss-Option-19.pdf
PCOS Weight Loss,1600,Vegan,20,1581,66,60,04-PCOS-Weight-Loss/1600-kcal/1600-kcal-Vegan-PCOS-Weight-Loss-Option-20.pdf
PCOS Weight Loss,1600,Vegan,21,1607,69,64,04-PCOS-Weight-Loss/1600-kcal/1600-kcal-Vegan-PCOS-Weight-Loss-Option-21.pdf
PCOS Weight Loss,1600,Vegan,22,1591,65,60,04-PCOS-Weight-Loss/1600-kcal/1600-kcal-Vegan-PCOS-Weight-Loss-Option-22.pdf
PCOS Weight Loss,1600,Vegan,23,1594,66,63,04-PCOS-Weight-Loss/1600-kcal/1600-kcal-Vegan-PCOS-Weight-Loss-Option-23.pdf
PCOS Weight Loss,1600,Vegan,24,1607,70,65,04-PCOS-Weight-Loss/1600-kcal/1600-kcal-Vegan-PCOS-Weight-Loss-Option-24.pdf
PCOS Weight Loss,1600,Vegan,25,1595,66,59,04-PCOS-Weight-Loss/1600-kcal/1600-kcal-Vegan-PCOS-Weight-Loss-Option-25.pdf
PCOS Weight Loss,1600,Vegan,26,1588,64,53,04-PCOS-Weight-Loss/1600-kcal/1600-kcal-Vegan-PCOS-Weight-Loss-Option-26.pdf
PCOS Weight Loss,1600,Vegan,27,1600,65,59,04-PCOS-Weight-Loss/1600-kcal/1600-kcal-Vegan-PCOS-Weight-Loss-Option-27.pdf
PCOS Weight Loss,1600,Vegan,28,1595,63,54,04-PCOS-Weight-Loss/1600-kcal/1600-kcal-Vegan-PCOS-Weight-Loss-Option-28.pdf
PCOS Weight Loss,1600,Vegan,29,1592,69,61,04-PCOS-Weight-Loss/1600-kcal/1600-kcal-Vegan-PCOS-Weight-Loss-Option-29.pdf
PCOS Weight Loss,1600,Vegan,30,1599,70,63,04-PCOS-Weight-Loss/1600-kcal/1600-kcal-Vegan-PCOS-Weight-Loss-Option-30.pdf
PCOS Weight Loss,1600,Eggetarian,1,1588,80,68,04-PCOS-Weight-Loss/1600-kcal/1600-kcal-Eggetarian-PCOS-Weight-Loss-Option-01.pdf
PCOS Weight Loss,1600,Eggetarian,2,1605,73,59,04-PCOS-Weight-Loss/1600-kcal/1600-kcal-Eggetarian-PCOS-Weight-Loss-Option-02.pdf
PCOS Weight Loss,1600,Eggetarian,3,1600,72,62,04-PCOS-Weight-Loss/1600-kcal/1600-kcal-Eggetarian-PCOS-Weight-Loss-Option-03.pdf
PCOS Weight Loss,1600,Eggetarian,4,1589,73,59,04-PCOS-Weight-Loss/1600-kcal/1600-kcal-Eggetarian-PCOS-Weight-Loss-Option-04.pdf
PCOS Weight Loss,1600,Eggetarian,5,1579,74,68,04-PCOS-Weight-Loss/1600-kcal/1600-kcal-Eggetarian-PCOS-Weight-Loss-Option-05.pdf
PCOS Weight Loss,1600,Eggetarian,6,1601,74,64,04-PCOS-Weight-Loss/1600-kcal/1600-kcal-Eggetarian-PCOS-Weight-Loss-Option-06.pdf
PCOS Weight Loss,1600,Eggetarian,7,1596,75,66,04-PCOS-Weight-Loss/1600-kcal/1600-kcal-Eggetarian-PCOS-Weight-Loss-Option-07.pdf
PCOS Weight Loss,1600,Eggetarian,8,1597,76,66,04-PCOS-Weight-Loss/1600-kcal/1600-kcal-Eggetarian-PCOS-Weight-Loss-Option-08.pdf
PCOS Weight Loss,1600,Eggetarian,9,1591,74,59,04-PCOS-Weight-Loss/1600-kcal/1600-kcal-Eggetarian-PCOS-Weight-Loss-Option-09.pdf
PCOS Weight Loss,1600,Eggetarian,10,1595,73,61,04-PCOS-Weight-Loss/1600-kcal/1600-kcal-Eggetarian-PCOS-Weight-Loss-Option-10.pdf
PCOS Weight Loss,1600,Eggetarian,11,1603,75,64,04-PCOS-Weight-Loss/1600-kcal/1600-kcal-Eggetarian-PCOS-Weight-Loss-Option-11.pdf
PCOS Weight Loss,1600,Eggetarian,12,1596,78,64,04-PCOS-Weight-Loss/1600-kcal/1600-kcal-Eggetarian-PCOS-Weight-Loss-Option-12.pdf
PCOS Weight Loss,1600,Eggetarian,13,1591,74,66,04-PCOS-Weight-Loss/1600-kcal/1600-kcal-Eggetarian-PCOS-Weight-Loss-Option-13.pdf
PCOS Weight Loss,1600,Eggetarian,14,1598,74,65,04-PCOS-Weight-Loss/1600-kcal/1600-kcal-Eggetarian-PCOS-Weight-Loss-Option-14.pdf
PCOS Weight Loss,1600,Eggetarian,15,1599,76,64,04-PCOS-Weight-Loss/1600-kcal/1600-kcal-Eggetarian-PCOS-Weight-Loss-Option-15.pdf
PCOS Weight Loss,1600,Eggetarian,16,1601,73,61,04-PCOS-Weight-Loss/1600-kcal/1600-kcal-Eggetarian-PCOS-Weight-Loss-Option-16.pdf
PCOS Weight Loss,1600,Eggetarian,17,1594,76,65,04-PCOS-Weight-Loss/1600-kcal/1600-kcal-Eggetarian-PCOS-Weight-Loss-Option-17.pdf
PCOS Weight Loss,1600,Eggetarian,18,1607,74,60,04-PCOS-Weight-Loss/1600-kcal/1600-kcal-Eggetarian-PCOS-Weight-Loss-Option-18.pdf
PCOS Weight Loss,1600,Eggetarian,19,1601,77,61,04-PCOS-Weight-Loss/1600-kcal/1600-kcal-Eggetarian-PCOS-Weight-Loss-Option-19.pdf
PCOS Weight Loss,1600,Eggetarian,20,1597,78,66,04-PCOS-Weight-Loss/1600-kcal/1600-kcal-Eggetarian-PCOS-Weight-Loss-Option-20.pdf
PCOS Weight Loss,1600,Eggetarian,21,1606,80,63,04-PCOS-Weight-Loss/1600-kcal/1600-kcal-Eggetarian-PCOS-Weight-Loss-Option-21.pdf
PCOS Weight Loss,1600,Eggetarian,22,1589,76,62,04-PCOS-Weight-Loss/1600-kcal/1600-kcal-Eggetarian-PCOS-Weight-Loss-Option-22.pdf
PCOS Weight Loss,1600,Eggetarian,23,1583,75,59,04-PCOS-Weight-Loss/1600-kcal/1600-kcal-Eggetarian-PCOS-Weight-Loss-Option-23.pdf
PCOS Weight Loss,1600,Eggetarian,24,1595,77,67,04-PCOS-Weight-Loss/1600-kcal/1600-kcal-Eggetarian-PCOS-Weight-Loss-Option-24.pdf
PCOS Weight Loss,1600,Eggetarian,25,1605,73,58,04-PCOS-Weight-Loss/1600-kcal/1600-kcal-Eggetarian-PCOS-Weight-Loss-Option-25.pdf
PCOS Weight Loss,1600,Eggetarian,26,1599,75,63,04-PCOS-Weight-Loss/1600-kcal/1600-kcal-Eggetarian-PCOS-Weight-Loss-Option-26.pdf
PCOS Weight Loss,1600,Eggetarian,27,1600,74,65,04-PCOS-Weight-Loss/1600-kcal/1600-kcal-Eggetarian-PCOS-Weight-Loss-Option-27.pdf
PCOS Weight Loss,1600,Eggetarian,28,1600,75,64,04-PCOS-Weight-Loss/1600-kcal/1600-kcal-Eggetarian-PCOS-Weight-Loss-Option-28.pdf
PCOS Weight Loss,1600,Eggetarian,29,1590,76,63,04-PCOS-Weight-Loss/1600-kcal/1600-kcal-Eggetarian-PCOS-Weight-Loss-Option-29.pdf
PCOS Weight Loss,1600,Eggetarian,30,1602,72,63,04-PCOS-Weight-Loss/1600-kcal/1600-kcal-Eggetarian-PCOS-Weight-Loss-Option-30.pdf
PCOS Weight Loss,1600,Non-Vegetarian,1,1599,85,65,04-PCOS-Weight-Loss/1600-kcal/1600-kcal-Non-Vegetarian-PCOS-Weight-Loss-Option-01.pdf
PCOS Weight Loss,1600,Non-Vegetarian,2,1607,90,70,04-PCOS-Weight-Loss/1600-kcal/1600-kcal-Non-Vegetarian-PCOS-Weight-Loss-Option-02.pdf
PCOS Weight Loss,1600,Non-Vegetarian,3,1599,89,75,04-PCOS-Weight-Loss/1600-kcal/1600-kcal-Non-Vegetarian-PCOS-Weight-Loss-Option-03.pdf
PCOS Weight Loss,1600,Non-Vegetarian,4,1605,84,73,04-PCOS-Weight-Loss/1600-kcal/1600-kcal-Non-Vegetarian-PCOS-Weight-Loss-Option-04.pdf
PCOS Weight Loss,1600,Non-Vegetarian,5,1586,86,72,04-PCOS-Weight-Loss/1600-kcal/1600-kcal-Non-Vegetarian-PCOS-Weight-Loss-Option-05.pdf
PCOS Weight Loss,1600,Non-Vegetarian,6,1585,94,78,04-PCOS-Weight-Loss/1600-kcal/1600-kcal-Non-Vegetarian-PCOS-Weight-Loss-Option-06.pdf
PCOS Weight Loss,1600,Non-Vegetarian,7,1599,86,76,04-PCOS-Weight-Loss/1600-kcal/1600-kcal-Non-Vegetarian-PCOS-Weight-Loss-Option-07.pdf
PCOS Weight Loss,1600,Non-Vegetarian,8,1588,83,72,04-PCOS-Weight-Loss/1600-kcal/1600-kcal-Non-Vegetarian-PCOS-Weight-Loss-Option-08.pdf
PCOS Weight Loss,1600,Non-Vegetarian,9,1604,88,76,04-PCOS-Weight-Loss/1600-kcal/1600-kcal-Non-Vegetarian-PCOS-Weight-Loss-Option-09.pdf
PCOS Weight Loss,1600,Non-Vegetarian,10,1600,81,67,04-PCOS-Weight-Loss/1600-kcal/1600-kcal-Non-Vegetarian-PCOS-Weight-Loss-Option-10.pdf
PCOS Weight Loss,1600,Non-Vegetarian,11,1597,96,85,04-PCOS-Weight-Loss/1600-kcal/1600-kcal-Non-Vegetarian-PCOS-Weight-Loss-Option-11.pdf
PCOS Weight Loss,1600,Non-Vegetarian,12,1603,84,74,04-PCOS-Weight-Loss/1600-kcal/1600-kcal-Non-Vegetarian-PCOS-Weight-Loss-Option-12.pdf
PCOS Weight Loss,1600,Non-Vegetarian,13,1605,81,71,04-PCOS-Weight-Loss/1600-kcal/1600-kcal-Non-Vegetarian-PCOS-Weight-Loss-Option-13.pdf
PCOS Weight Loss,1600,Non-Vegetarian,14,1587,85,75,04-PCOS-Weight-Loss/1600-kcal/1600-kcal-Non-Vegetarian-PCOS-Weight-Loss-Option-14.pdf
PCOS Weight Loss,1600,Non-Vegetarian,15,1600,87,72,04-PCOS-Weight-Loss/1600-kcal/1600-kcal-Non-Vegetarian-PCOS-Weight-Loss-Option-15.pdf
PCOS Weight Loss,1600,Non-Vegetarian,16,1588,85,67,04-PCOS-Weight-Loss/1600-kcal/1600-kcal-Non-Vegetarian-PCOS-Weight-Loss-Option-16.pdf
PCOS Weight Loss,1600,Non-Vegetarian,17,1597,85,70,04-PCOS-Weight-Loss/1600-kcal/1600-kcal-Non-Vegetarian-PCOS-Weight-Loss-Option-17.pdf
PCOS Weight Loss,1600,Non-Vegetarian,18,1595,83,71,04-PCOS-Weight-Loss/1600-kcal/1600-kcal-Non-Vegetarian-PCOS-Weight-Loss-Option-18.pdf
PCOS Weight Loss,1600,Non-Vegetarian,19,1600,85,71,04-PCOS-Weight-Loss/1600-kcal/1600-kcal-Non-Vegetarian-PCOS-Weight-Loss-Option-19.pdf
PCOS Weight Loss,1600,Non-Vegetarian,20,1601,94,81,04-PCOS-Weight-Loss/1600-kcal/1600-kcal-Non-Vegetarian-PCOS-Weight-Loss-Option-20.pdf
PCOS Weight Loss,1600,Non-Vegetarian,21,1603,89,72,04-PCOS-Weight-Loss/1600-kcal/1600-kcal-Non-Vegetarian-PCOS-Weight-Loss-Option-21.pdf
PCOS Weight Loss,1600,Non-Vegetarian,22,1598,86,66,04-PCOS-Weight-Loss/1600-kcal/1600-kcal-Non-Vegetarian-PCOS-Weight-Loss-Option-22.pdf
PCOS Weight Loss,1600,Non-Vegetarian,23,1594,84,71,04-PCOS-Weight-Loss/1600-kcal/1600-kcal-Non-Vegetarian-PCOS-Weight-Loss-Option-23.pdf
PCOS Weight Loss,1600,Non-Vegetarian,24,1605,83,71,04-PCOS-Weight-Loss/1600-kcal/1600-kcal-Non-Vegetarian-PCOS-Weight-Loss-Option-24.pdf
PCOS Weight Loss,1600,Non-Vegetarian,25,1598,80,71,04-PCOS-Weight-Loss/1600-kcal/1600-kcal-Non-Vegetarian-PCOS-Weight-Loss-Option-25.pdf
PCOS Weight Loss,1600,Non-Vegetarian,26,1603,87,76,04-PCOS-Weight-Loss/1600-kcal/1600-kcal-Non-Vegetarian-PCOS-Weight-Loss-Option-26.pdf
PCOS Weight Loss,1600,Non-Vegetarian,27,1586,83,64,04-PCOS-Weight-Loss/1600-kcal/1600-kcal-Non-Vegetarian-PCOS-Weight-Loss-Option-27.pdf
PCOS Weight Loss,1600,Non-Vegetarian,28,1608,84,68,04-PCOS-Weight-Loss/1600-kcal/1600-kcal-Non-Vegetarian-PCOS-Weight-Loss-Option-28.pdf
PCOS Weight Loss,1600,Non-Vegetarian,29,1600,89,74,04-PCOS-Weight-Loss/1600-kcal/1600-kcal-Non-Vegetarian-PCOS-Weight-Loss-Option-29.pdf
PCOS Weight Loss,1600,Non-Vegetarian,30,1607,84,72,04-PCOS-Weight-Loss/1600-kcal/1600-kcal-Non-Vegetarian-PCOS-Weight-Loss-Option-30.pdf
PCOS Weight Loss,1800,Vegetarian,1,1799,76,69,04-PCOS-Weight-Loss/1800-kcal/1800-kcal-Vegetarian-PCOS-Weight-Loss-Option-01.pdf
PCOS Weight Loss,1800,Vegetarian,2,1797,75,65,04-PCOS-Weight-Loss/1800-kcal/1800-kcal-Vegetarian-PCOS-Weight-Loss-Option-02.pdf
PCOS Weight Loss,1800,Vegetarian,3,1804,78,65,04-PCOS-Weight-Loss/1800-kcal/1800-kcal-Vegetarian-PCOS-Weight-Loss-Option-03.pdf
PCOS Weight Loss,1800,Vegetarian,4,1789,74,65,04-PCOS-Weight-Loss/1800-kcal/1800-kcal-Vegetarian-PCOS-Weight-Loss-Option-04.pdf
PCOS Weight Loss,1800,Vegetarian,5,1802,75,67,04-PCOS-Weight-Loss/1800-kcal/1800-kcal-Vegetarian-PCOS-Weight-Loss-Option-05.pdf
PCOS Weight Loss,1800,Vegetarian,6,1791,81,74,04-PCOS-Weight-Loss/1800-kcal/1800-kcal-Vegetarian-PCOS-Weight-Loss-Option-06.pdf
PCOS Weight Loss,1800,Vegetarian,7,1808,75,70,04-PCOS-Weight-Loss/1800-kcal/1800-kcal-Vegetarian-PCOS-Weight-Loss-Option-07.pdf
PCOS Weight Loss,1800,Vegetarian,8,1790,82,77,04-PCOS-Weight-Loss/1800-kcal/1800-kcal-Vegetarian-PCOS-Weight-Loss-Option-08.pdf
PCOS Weight Loss,1800,Vegetarian,9,1794,78,71,04-PCOS-Weight-Loss/1800-kcal/1800-kcal-Vegetarian-PCOS-Weight-Loss-Option-09.pdf
PCOS Weight Loss,1800,Vegetarian,10,1789,77,68,04-PCOS-Weight-Loss/1800-kcal/1800-kcal-Vegetarian-PCOS-Weight-Loss-Option-10.pdf
PCOS Weight Loss,1800,Vegetarian,11,1784,79,73,04-PCOS-Weight-Loss/1800-kcal/1800-kcal-Vegetarian-PCOS-Weight-Loss-Option-11.pdf
PCOS Weight Loss,1800,Vegetarian,12,1798,77,72,04-PCOS-Weight-Loss/1800-kcal/1800-kcal-Vegetarian-PCOS-Weight-Loss-Option-12.pdf
PCOS Weight Loss,1800,Vegetarian,13,1805,73,65,04-PCOS-Weight-Loss/1800-kcal/1800-kcal-Vegetarian-PCOS-Weight-Loss-Option-13.pdf
PCOS Weight Loss,1800,Vegetarian,14,1801,76,70,04-PCOS-Weight-Loss/1800-kcal/1800-kcal-Vegetarian-PCOS-Weight-Loss-Option-14.pdf
PCOS Weight Loss,1800,Vegetarian,15,1796,77,70,04-PCOS-Weight-Loss/1800-kcal/1800-kcal-Vegetarian-PCOS-Weight-Loss-Option-15.pdf
PCOS Weight Loss,1800,Vegetarian,16,1805,79,68,04-PCOS-Weight-Loss/1800-kcal/1800-kcal-Vegetarian-PCOS-Weight-Loss-Option-16.pdf
PCOS Weight Loss,1800,Vegetarian,17,1786,75,67,04-PCOS-Weight-Loss/1800-kcal/1800-kcal-Vegetarian-PCOS-Weight-Loss-Option-17.pdf
PCOS Weight Loss,1800,Vegetarian,18,1799,75,66,04-PCOS-Weight-Loss/1800-kcal/1800-kcal-Vegetarian-PCOS-Weight-Loss-Option-18.pdf
PCOS Weight Loss,1800,Vegetarian,19,1805,74,67,04-PCOS-Weight-Loss/1800-kcal/1800-kcal-Vegetarian-PCOS-Weight-Loss-Option-19.pdf
PCOS Weight Loss,1800,Vegetarian,20,1805,82,71,04-PCOS-Weight-Loss/1800-kcal/1800-kcal-Vegetarian-PCOS-Weight-Loss-Option-20.pdf
PCOS Weight Loss,1800,Vegetarian,21,1793,72,69,04-PCOS-Weight-Loss/1800-kcal/1800-kcal-Vegetarian-PCOS-Weight-Loss-Option-21.pdf
PCOS Weight Loss,1800,Vegetarian,22,1791,77,69,04-PCOS-Weight-Loss/1800-kcal/1800-kcal-Vegetarian-PCOS-Weight-Loss-Option-22.pdf
PCOS Weight Loss,1800,Vegetarian,23,1812,78,70,04-PCOS-Weight-Loss/1800-kcal/1800-kcal-Vegetarian-PCOS-Weight-Loss-Option-23.pdf
PCOS Weight Loss,1800,Vegetarian,24,1802,75,66,04-PCOS-Weight-Loss/1800-kcal/1800-kcal-Vegetarian-PCOS-Weight-Loss-Option-24.pdf
PCOS Weight Loss,1800,Vegetarian,25,1801,76,63,04-PCOS-Weight-Loss/1800-kcal/1800-kcal-Vegetarian-PCOS-Weight-Loss-Option-25.pdf
PCOS Weight Loss,1800,Vegetarian,26,1797,77,70,04-PCOS-Weight-Loss/1800-kcal/1800-kcal-Vegetarian-PCOS-Weight-Loss-Option-26.pdf
PCOS Weight Loss,1800,Vegetarian,27,1801,77,73,04-PCOS-Weight-Loss/1800-kcal/1800-kcal-Vegetarian-PCOS-Weight-Loss-Option-27.pdf
PCOS Weight Loss,1800,Vegetarian,28,1779,75,67,04-PCOS-Weight-Loss/1800-kcal/1800-kcal-Vegetarian-PCOS-Weight-Loss-Option-28.pdf
PCOS Weight Loss,1800,Vegetarian,29,1785,74,68,04-PCOS-Weight-Loss/1800-kcal/1800-kcal-Vegetarian-PCOS-Weight-Loss-Option-29.pdf
PCOS Weight Loss,1800,Vegetarian,30,1806,77,67,04-PCOS-Weight-Loss/1800-kcal/1800-kcal-Vegetarian-PCOS-Weight-Loss-Option-30.pdf
PCOS Weight Loss,1800,Vegan,1,1790,75,68,04-PCOS-Weight-Loss/1800-kcal/1800-kcal-Vegan-PCOS-Weight-Loss-Option-01.pdf
PCOS Weight Loss,1800,Vegan,2,1800,77,69,04-PCOS-Weight-Loss/1800-kcal/1800-kcal-Vegan-PCOS-Weight-Loss-Option-02.pdf
PCOS Weight Loss,1800,Vegan,3,1790,79,71,04-PCOS-Weight-Loss/1800-kcal/1800-kcal-Vegan-PCOS-Weight-Loss-Option-03.pdf
PCOS Weight Loss,1800,Vegan,4,1788,75,68,04-PCOS-Weight-Loss/1800-kcal/1800-kcal-Vegan-PCOS-Weight-Loss-Option-04.pdf
PCOS Weight Loss,1800,Vegan,5,1787,74,65,04-PCOS-Weight-Loss/1800-kcal/1800-kcal-Vegan-PCOS-Weight-Loss-Option-05.pdf
PCOS Weight Loss,1800,Vegan,6,1793,76,68,04-PCOS-Weight-Loss/1800-kcal/1800-kcal-Vegan-PCOS-Weight-Loss-Option-06.pdf
PCOS Weight Loss,1800,Vegan,7,1788,72,65,04-PCOS-Weight-Loss/1800-kcal/1800-kcal-Vegan-PCOS-Weight-Loss-Option-07.pdf
PCOS Weight Loss,1800,Vegan,8,1784,75,66,04-PCOS-Weight-Loss/1800-kcal/1800-kcal-Vegan-PCOS-Weight-Loss-Option-08.pdf
PCOS Weight Loss,1800,Vegan,9,1802,79,68,04-PCOS-Weight-Loss/1800-kcal/1800-kcal-Vegan-PCOS-Weight-Loss-Option-09.pdf
PCOS Weight Loss,1800,Vegan,10,1823,79,65,04-PCOS-Weight-Loss/1800-kcal/1800-kcal-Vegan-PCOS-Weight-Loss-Option-10.pdf
PCOS Weight Loss,1800,Vegan,11,1781,77,70,04-PCOS-Weight-Loss/1800-kcal/1800-kcal-Vegan-PCOS-Weight-Loss-Option-11.pdf
PCOS Weight Loss,1800,Vegan,12,1792,75,66,04-PCOS-Weight-Loss/1800-kcal/1800-kcal-Vegan-PCOS-Weight-Loss-Option-12.pdf
PCOS Weight Loss,1800,Vegan,13,1797,73,67,04-PCOS-Weight-Loss/1800-kcal/1800-kcal-Vegan-PCOS-Weight-Loss-Option-13.pdf
PCOS Weight Loss,1800,Vegan,14,1785,77,71,04-PCOS-Weight-Loss/1800-kcal/1800-kcal-Vegan-PCOS-Weight-Loss-Option-14.pdf
PCOS Weight Loss,1800,Vegan,15,1798,75,62,04-PCOS-Weight-Loss/1800-kcal/1800-kcal-Vegan-PCOS-Weight-Loss-Option-15.pdf
PCOS Weight Loss,1800,Vegan,16,1797,77,75,04-PCOS-Weight-Loss/1800-kcal/1800-kcal-Vegan-PCOS-Weight-Loss-Option-16.pdf
PCOS Weight Loss,1800,Vegan,17,1802,79,72,04-PCOS-Weight-Loss/1800-kcal/1800-kcal-Vegan-PCOS-Weight-Loss-Option-17.pdf
PCOS Weight Loss,1800,Vegan,18,1791,77,67,04-PCOS-Weight-Loss/1800-kcal/1800-kcal-Vegan-PCOS-Weight-Loss-Option-18.pdf
PCOS Weight Loss,1800,Vegan,19,1787,76,69,04-PCOS-Weight-Loss/1800-kcal/1800-kcal-Vegan-PCOS-Weight-Loss-Option-19.pdf
PCOS Weight Loss,1800,Vegan,20,1806,75,67,04-PCOS-Weight-Loss/1800-kcal/1800-kcal-Vegan-PCOS-Weight-Loss-Option-20.pdf
PCOS Weight Loss,1800,Vegan,21,1787,75,68,04-PCOS-Weight-Loss/1800-kcal/1800-kcal-Vegan-PCOS-Weight-Loss-Option-21.pdf
PCOS Weight Loss,1800,Vegan,22,1780,72,65,04-PCOS-Weight-Loss/1800-kcal/1800-kcal-Vegan-PCOS-Weight-Loss-Option-22.pdf
PCOS Weight Loss,1800,Vegan,23,1793,73,63,04-PCOS-Weight-Loss/1800-kcal/1800-kcal-Vegan-PCOS-Weight-Loss-Option-23.pdf
PCOS Weight Loss,1800,Vegan,24,1798,75,70,04-PCOS-Weight-Loss/1800-kcal/1800-kcal-Vegan-PCOS-Weight-Loss-Option-24.pdf
PCOS Weight Loss,1800,Vegan,25,1788,77,70,04-PCOS-Weight-Loss/1800-kcal/1800-kcal-Vegan-PCOS-Weight-Loss-Option-25.pdf
PCOS Weight Loss,1800,Vegan,26,1804,75,70,04-PCOS-Weight-Loss/1800-kcal/1800-kcal-Vegan-PCOS-Weight-Loss-Option-26.pdf
PCOS Weight Loss,1800,Vegan,27,1786,71,60,04-PCOS-Weight-Loss/1800-kcal/1800-kcal-Vegan-PCOS-Weight-Loss-Option-27.pdf
PCOS Weight Loss,1800,Vegan,28,1815,78,73,04-PCOS-Weight-Loss/1800-kcal/1800-kcal-Vegan-PCOS-Weight-Loss-Option-28.pdf
PCOS Weight Loss,1800,Vegan,29,1790,71,63,04-PCOS-Weight-Loss/1800-kcal/1800-kcal-Vegan-PCOS-Weight-Loss-Option-29.pdf
PCOS Weight Loss,1800,Vegan,30,1789,76,69,04-PCOS-Weight-Loss/1800-kcal/1800-kcal-Vegan-PCOS-Weight-Loss-Option-30.pdf
PCOS Weight Loss,1800,Eggetarian,1,1783,82,69,04-PCOS-Weight-Loss/1800-kcal/1800-kcal-Eggetarian-PCOS-Weight-Loss-Option-01.pdf
PCOS Weight Loss,1800,Eggetarian,2,1791,82,68,04-PCOS-Weight-Loss/1800-kcal/1800-kcal-Eggetarian-PCOS-Weight-Loss-Option-02.pdf
PCOS Weight Loss,1800,Eggetarian,3,1798,79,66,04-PCOS-Weight-Loss/1800-kcal/1800-kcal-Eggetarian-PCOS-Weight-Loss-Option-03.pdf
PCOS Weight Loss,1800,Eggetarian,4,1803,80,71,04-PCOS-Weight-Loss/1800-kcal/1800-kcal-Eggetarian-PCOS-Weight-Loss-Option-04.pdf
PCOS Weight Loss,1800,Eggetarian,5,1784,82,67,04-PCOS-Weight-Loss/1800-kcal/1800-kcal-Eggetarian-PCOS-Weight-Loss-Option-05.pdf
PCOS Weight Loss,1800,Eggetarian,6,1784,85,72,04-PCOS-Weight-Loss/1800-kcal/1800-kcal-Eggetarian-PCOS-Weight-Loss-Option-06.pdf
PCOS Weight Loss,1800,Eggetarian,7,1798,83,66,04-PCOS-Weight-Loss/1800-kcal/1800-kcal-Eggetarian-PCOS-Weight-Loss-Option-07.pdf
PCOS Weight Loss,1800,Eggetarian,8,1800,84,74,04-PCOS-Weight-Loss/1800-kcal/1800-kcal-Eggetarian-PCOS-Weight-Loss-Option-08.pdf
PCOS Weight Loss,1800,Eggetarian,9,1791,85,72,04-PCOS-Weight-Loss/1800-kcal/1800-kcal-Eggetarian-PCOS-Weight-Loss-Option-09.pdf
PCOS Weight Loss,1800,Eggetarian,10,1798,82,70,04-PCOS-Weight-Loss/1800-kcal/1800-kcal-Eggetarian-PCOS-Weight-Loss-Option-10.pdf
PCOS Weight Loss,1800,Eggetarian,11,1791,82,68,04-PCOS-Weight-Loss/1800-kcal/1800-kcal-Eggetarian-PCOS-Weight-Loss-Option-11.pdf
PCOS Weight Loss,1800,Eggetarian,12,1789,83,75,04-PCOS-Weight-Loss/1800-kcal/1800-kcal-Eggetarian-PCOS-Weight-Loss-Option-12.pdf
PCOS Weight Loss,1800,Eggetarian,13,1805,80,70,04-PCOS-Weight-Loss/1800-kcal/1800-kcal-Eggetarian-PCOS-Weight-Loss-Option-13.pdf
PCOS Weight Loss,1800,Eggetarian,14,1780,83,73,04-PCOS-Weight-Loss/1800-kcal/1800-kcal-Eggetarian-PCOS-Weight-Loss-Option-14.pdf
PCOS Weight Loss,1800,Eggetarian,15,1797,85,75,04-PCOS-Weight-Loss/1800-kcal/1800-kcal-Eggetarian-PCOS-Weight-Loss-Option-15.pdf
PCOS Weight Loss,1800,Eggetarian,16,1784,83,70,04-PCOS-Weight-Loss/1800-kcal/1800-kcal-Eggetarian-PCOS-Weight-Loss-Option-16.pdf
PCOS Weight Loss,1800,Eggetarian,17,1796,83,79,04-PCOS-Weight-Loss/1800-kcal/1800-kcal-Eggetarian-PCOS-Weight-Loss-Option-17.pdf
PCOS Weight Loss,1800,Eggetarian,18,1804,80,69,04-PCOS-Weight-Loss/1800-kcal/1800-kcal-Eggetarian-PCOS-Weight-Loss-Option-18.pdf
PCOS Weight Loss,1800,Eggetarian,19,1797,81,71,04-PCOS-Weight-Loss/1800-kcal/1800-kcal-Eggetarian-PCOS-Weight-Loss-Option-19.pdf
PCOS Weight Loss,1800,Eggetarian,20,1798,81,72,04-PCOS-Weight-Loss/1800-kcal/1800-kcal-Eggetarian-PCOS-Weight-Loss-Option-20.pdf
PCOS Weight Loss,1800,Eggetarian,21,1790,85,67,04-PCOS-Weight-Loss/1800-kcal/1800-kcal-Eggetarian-PCOS-Weight-Loss-Option-21.pdf
PCOS Weight Loss,1800,Eggetarian,22,1796,80,68,04-PCOS-Weight-Loss/1800-kcal/1800-kcal-Eggetarian-PCOS-Weight-Loss-Option-22.pdf
PCOS Weight Loss,1800,Eggetarian,23,1805,85,70,04-PCOS-Weight-Loss/1800-kcal/1800-kcal-Eggetarian-PCOS-Weight-Loss-Option-23.pdf
PCOS Weight Loss,1800,Eggetarian,24,1805,85,69,04-PCOS-Weight-Loss/1800-kcal/1800-kcal-Eggetarian-PCOS-Weight-Loss-Option-24.pdf
PCOS Weight Loss,1800,Eggetarian,25,1785,81,70,04-PCOS-Weight-Loss/1800-kcal/1800-kcal-Eggetarian-PCOS-Weight-Loss-Option-25.pdf
PCOS Weight Loss,1800,Eggetarian,26,1793,83,68,04-PCOS-Weight-Loss/1800-kcal/1800-kcal-Eggetarian-PCOS-Weight-Loss-Option-26.pdf
PCOS Weight Loss,1800,Eggetarian,27,1781,79,68,04-PCOS-Weight-Loss/1800-kcal/1800-kcal-Eggetarian-PCOS-Weight-Loss-Option-27.pdf
PCOS Weight Loss,1800,Eggetarian,28,1801,78,76,04-PCOS-Weight-Loss/1800-kcal/1800-kcal-Eggetarian-PCOS-Weight-Loss-Option-28.pdf
PCOS Weight Loss,1800,Eggetarian,29,1780,83,78,04-PCOS-Weight-Loss/1800-kcal/1800-kcal-Eggetarian-PCOS-Weight-Loss-Option-29.pdf
PCOS Weight Loss,1800,Eggetarian,30,1805,81,63,04-PCOS-Weight-Loss/1800-kcal/1800-kcal-Eggetarian-PCOS-Weight-Loss-Option-30.pdf
PCOS Weight Loss,1800,Non-Vegetarian,1,1793,97,78,04-PCOS-Weight-Loss/1800-kcal/1800-kcal-Non-Vegetarian-PCOS-Weight-Loss-Option-01.pdf
PCOS Weight Loss,1800,Non-Vegetarian,2,1792,98,81,04-PCOS-Weight-Loss/1800-kcal/1800-kcal-Non-Vegetarian-PCOS-Weight-Loss-Option-02.pdf
PCOS Weight Loss,1800,Non-Vegetarian,3,1789,99,81,04-PCOS-Weight-Loss/1800-kcal/1800-kcal-Non-Vegetarian-PCOS-Weight-Loss-Option-03.pdf
PCOS Weight Loss,1800,Non-Vegetarian,4,1815,97,85,04-PCOS-Weight-Loss/1800-kcal/1800-kcal-Non-Vegetarian-PCOS-Weight-Loss-Option-04.pdf
PCOS Weight Loss,1800,Non-Vegetarian,5,1783,94,85,04-PCOS-Weight-Loss/1800-kcal/1800-kcal-Non-Vegetarian-PCOS-Weight-Loss-Option-05.pdf
PCOS Weight Loss,1800,Non-Vegetarian,6,1789,97,84,04-PCOS-Weight-Loss/1800-kcal/1800-kcal-Non-Vegetarian-PCOS-Weight-Loss-Option-06.pdf
PCOS Weight Loss,1800,Non-Vegetarian,7,1770,101,83,04-PCOS-Weight-Loss/1800-kcal/1800-kcal-Non-Vegetarian-PCOS-Weight-Loss-Option-07.pdf
PCOS Weight Loss,1800,Non-Vegetarian,8,1805,89,80,04-PCOS-Weight-Loss/1800-kcal/1800-kcal-Non-Vegetarian-PCOS-Weight-Loss-Option-08.pdf
PCOS Weight Loss,1800,Non-Vegetarian,9,1788,95,75,04-PCOS-Weight-Loss/1800-kcal/1800-kcal-Non-Vegetarian-PCOS-Weight-Loss-Option-09.pdf
PCOS Weight Loss,1800,Non-Vegetarian,10,1790,97,81,04-PCOS-Weight-Loss/1800-kcal/1800-kcal-Non-Vegetarian-PCOS-Weight-Loss-Option-10.pdf
PCOS Weight Loss,1800,Non-Vegetarian,11,1788,91,82,04-PCOS-Weight-Loss/1800-kcal/1800-kcal-Non-Vegetarian-PCOS-Weight-Loss-Option-11.pdf
PCOS Weight Loss,1800,Non-Vegetarian,12,1790,91,70,04-PCOS-Weight-Loss/1800-kcal/1800-kcal-Non-Vegetarian-PCOS-Weight-Loss-Option-12.pdf
PCOS Weight Loss,1800,Non-Vegetarian,13,1792,96,83,04-PCOS-Weight-Loss/1800-kcal/1800-kcal-Non-Vegetarian-PCOS-Weight-Loss-Option-13.pdf
PCOS Weight Loss,1800,Non-Vegetarian,14,1802,93,76,04-PCOS-Weight-Loss/1800-kcal/1800-kcal-Non-Vegetarian-PCOS-Weight-Loss-Option-14.pdf
PCOS Weight Loss,1800,Non-Vegetarian,15,1797,98,85,04-PCOS-Weight-Loss/1800-kcal/1800-kcal-Non-Vegetarian-PCOS-Weight-Loss-Option-15.pdf
PCOS Weight Loss,1800,Non-Vegetarian,16,1791,93,76,04-PCOS-Weight-Loss/1800-kcal/1800-kcal-Non-Vegetarian-PCOS-Weight-Loss-Option-16.pdf
PCOS Weight Loss,1800,Non-Vegetarian,17,1787,94,74,04-PCOS-Weight-Loss/1800-kcal/1800-kcal-Non-Vegetarian-PCOS-Weight-Loss-Option-17.pdf
PCOS Weight Loss,1800,Non-Vegetarian,18,1789,100,84,04-PCOS-Weight-Loss/1800-kcal/1800-kcal-Non-Vegetarian-PCOS-Weight-Loss-Option-18.pdf
PCOS Weight Loss,1800,Non-Vegetarian,19,1784,98,78,04-PCOS-Weight-Loss/1800-kcal/1800-kcal-Non-Vegetarian-PCOS-Weight-Loss-Option-19.pdf
PCOS Weight Loss,1800,Non-Vegetarian,20,1813,93,72,04-PCOS-Weight-Loss/1800-kcal/1800-kcal-Non-Vegetarian-PCOS-Weight-Loss-Option-20.pdf
PCOS Weight Loss,1800,Non-Vegetarian,21,1796,93,82,04-PCOS-Weight-Loss/1800-kcal/1800-kcal-Non-Vegetarian-PCOS-Weight-Loss-Option-21.pdf
PCOS Weight Loss,1800,Non-Vegetarian,22,1786,94,78,04-PCOS-Weight-Loss/1800-kcal/1800-kcal-Non-Vegetarian-PCOS-Weight-Loss-Option-22.pdf
PCOS Weight Loss,1800,Non-Vegetarian,23,1782,90,79,04-PCOS-Weight-Loss/1800-kcal/1800-kcal-Non-Vegetarian-PCOS-Weight-Loss-Option-23.pdf
PCOS Weight Loss,1800,Non-Vegetarian,24,1786,90,74,04-PCOS-Weight-Loss/1800-kcal/1800-kcal-Non-Vegetarian-PCOS-Weight-Loss-Option-24.pdf
PCOS Weight Loss,1800,Non-Vegetarian,25,1791,94,84,04-PCOS-Weight-Loss/1800-kcal/1800-kcal-Non-Vegetarian-PCOS-Weight-Loss-Option-25.pdf
PCOS Weight Loss,1800,Non-Vegetarian,26,1793,97,81,04-PCOS-Weight-Loss/1800-kcal/1800-kcal-Non-Vegetarian-PCOS-Weight-Loss-Option-26.pdf
PCOS Weight Loss,1800,Non-Vegetarian,27,1790,96,79,04-PCOS-Weight-Loss/1800-kcal/1800-kcal-Non-Vegetarian-PCOS-Weight-Loss-Option-27.pdf
PCOS Weight Loss,1800,Non-Vegetarian,28,1785,95,84,04-PCOS-Weight-Loss/1800-kcal/1800-kcal-Non-Vegetarian-PCOS-Weight-Loss-Option-28.pdf
PCOS Weight Loss,1800,Non-Vegetarian,29,1796,95,83,04-PCOS-Weight-Loss/1800-kcal/1800-kcal-Non-Vegetarian-PCOS-Weight-Loss-Option-29.pdf
PCOS Weight Loss,1800,Non-Vegetarian,30,1795,99,77,04-PCOS-Weight-Loss/1800-kcal/1800-kcal-Non-Vegetarian-PCOS-Weight-Loss-Option-30.pdf
Thyroid-Friendly Weight Loss,1200,Vegetarian,1,1210,46,39,05-Thyroid-Friendly-Weight-Loss/1200-kcal/1200-kcal-Vegetarian-Thyroid-Friendly-Weight-Loss-Option-01.pdf
Thyroid-Friendly Weight Loss,1200,Vegetarian,2,1204,45,41,05-Thyroid-Friendly-Weight-Loss/1200-kcal/1200-kcal-Vegetarian-Thyroid-Friendly-Weight-Loss-Option-02.pdf
Thyroid-Friendly Weight Loss,1200,Vegetarian,3,1202,45,39,05-Thyroid-Friendly-Weight-Loss/1200-kcal/1200-kcal-Vegetarian-Thyroid-Friendly-Weight-Loss-Option-03.pdf
Thyroid-Friendly Weight Loss,1200,Vegetarian,4,1201,44,35,05-Thyroid-Friendly-Weight-Loss/1200-kcal/1200-kcal-Vegetarian-Thyroid-Friendly-Weight-Loss-Option-04.pdf
Thyroid-Friendly Weight Loss,1200,Vegetarian,5,1192,43,38,05-Thyroid-Friendly-Weight-Loss/1200-kcal/1200-kcal-Vegetarian-Thyroid-Friendly-Weight-Loss-Option-05.pdf
Thyroid-Friendly Weight Loss,1200,Vegetarian,6,1207,46,37,05-Thyroid-Friendly-Weight-Loss/1200-kcal/1200-kcal-Vegetarian-Thyroid-Friendly-Weight-Loss-Option-06.pdf
Thyroid-Friendly Weight Loss,1200,Vegetarian,7,1209,43,40,05-Thyroid-Friendly-Weight-Loss/1200-kcal/1200-kcal-Vegetarian-Thyroid-Friendly-Weight-Loss-Option-07.pdf
Thyroid-Friendly Weight Loss,1200,Vegetarian,8,1202,45,42,05-Thyroid-Friendly-Weight-Loss/1200-kcal/1200-kcal-Vegetarian-Thyroid-Friendly-Weight-Loss-Option-08.pdf
Thyroid-Friendly Weight Loss,1200,Vegetarian,9,1200,44,41,05-Thyroid-Friendly-Weight-Loss/1200-kcal/1200-kcal-Vegetarian-Thyroid-Friendly-Weight-Loss-Option-09.pdf
Thyroid-Friendly Weight Loss,1200,Vegetarian,10,1205,44,36,05-Thyroid-Friendly-Weight-Loss/1200-kcal/1200-kcal-Vegetarian-Thyroid-Friendly-Weight-Loss-Option-10.pdf
Thyroid-Friendly Weight Loss,1200,Vegetarian,11,1197,43,37,05-Thyroid-Friendly-Weight-Loss/1200-kcal/1200-kcal-Vegetarian-Thyroid-Friendly-Weight-Loss-Option-11.pdf
Thyroid-Friendly Weight Loss,1200,Vegetarian,12,1201,45,42,05-Thyroid-Friendly-Weight-Loss/1200-kcal/1200-kcal-Vegetarian-Thyroid-Friendly-Weight-Loss-Option-12.pdf
Thyroid-Friendly Weight Loss,1200,Vegetarian,13,1214,46,38,05-Thyroid-Friendly-Weight-Loss/1200-kcal/1200-kcal-Vegetarian-Thyroid-Friendly-Weight-Loss-Option-13.pdf
Thyroid-Friendly Weight Loss,1200,Vegetarian,14,1195,44,38,05-Thyroid-Friendly-Weight-Loss/1200-kcal/1200-kcal-Vegetarian-Thyroid-Friendly-Weight-Loss-Option-14.pdf
Thyroid-Friendly Weight Loss,1200,Vegetarian,15,1196,45,41,05-Thyroid-Friendly-Weight-Loss/1200-kcal/1200-kcal-Vegetarian-Thyroid-Friendly-Weight-Loss-Option-15.pdf
Thyroid-Friendly Weight Loss,1200,Vegetarian,16,1202,44,38,05-Thyroid-Friendly-Weight-Loss/1200-kcal/1200-kcal-Vegetarian-Thyroid-Friendly-Weight-Loss-Option-16.pdf
Thyroid-Friendly Weight Loss,1200,Vegetarian,17,1195,44,37,05-Thyroid-Friendly-Weight-Loss/1200-kcal/1200-kcal-Vegetarian-Thyroid-Friendly-Weight-Loss-Option-17.pdf
Thyroid-Friendly Weight Loss,1200,Vegetarian,18,1211,46,41,05-Thyroid-Friendly-Weight-Loss/1200-kcal/1200-kcal-Vegetarian-Thyroid-Friendly-Weight-Loss-Option-18.pdf
Thyroid-Friendly Weight Loss,1200,Vegetarian,19,1201,42,39,05-Thyroid-Friendly-Weight-Loss/1200-kcal/1200-kcal-Vegetarian-Thyroid-Friendly-Weight-Loss-Option-19.pdf
Thyroid-Friendly Weight Loss,1200,Vegetarian,20,1207,45,40,05-Thyroid-Friendly-Weight-Loss/1200-kcal/1200-kcal-Vegetarian-Thyroid-Friendly-Weight-Loss-Option-20.pdf
Thyroid-Friendly Weight Loss,1200,Vegetarian,21,1202,44,36,05-Thyroid-Friendly-Weight-Loss/1200-kcal/1200-kcal-Vegetarian-Thyroid-Friendly-Weight-Loss-Option-21.pdf
Thyroid-Friendly Weight Loss,1200,Vegetarian,22,1198,44,39,05-Thyroid-Friendly-Weight-Loss/1200-kcal/1200-kcal-Vegetarian-Thyroid-Friendly-Weight-Loss-Option-22.pdf
Thyroid-Friendly Weight Loss,1200,Vegetarian,23,1209,44,37,05-Thyroid-Friendly-Weight-Loss/1200-kcal/1200-kcal-Vegetarian-Thyroid-Friendly-Weight-Loss-Option-23.pdf
Thyroid-Friendly Weight Loss,1200,Vegetarian,24,1208,42,34,05-Thyroid-Friendly-Weight-Loss/1200-kcal/1200-kcal-Vegetarian-Thyroid-Friendly-Weight-Loss-Option-24.pdf
Thyroid-Friendly Weight Loss,1200,Vegetarian,25,1211,45,39,05-Thyroid-Friendly-Weight-Loss/1200-kcal/1200-kcal-Vegetarian-Thyroid-Friendly-Weight-Loss-Option-25.pdf
Thyroid-Friendly Weight Loss,1200,Vegetarian,26,1202,43,38,05-Thyroid-Friendly-Weight-Loss/1200-kcal/1200-kcal-Vegetarian-Thyroid-Friendly-Weight-Loss-Option-26.pdf
Thyroid-Friendly Weight Loss,1200,Vegetarian,27,1206,48,38,05-Thyroid-Friendly-Weight-Loss/1200-kcal/1200-kcal-Vegetarian-Thyroid-Friendly-Weight-Loss-Option-27.pdf
Thyroid-Friendly Weight Loss,1200,Vegetarian,28,1209,43,37,05-Thyroid-Friendly-Weight-Loss/1200-kcal/1200-kcal-Vegetarian-Thyroid-Friendly-Weight-Loss-Option-28.pdf
Thyroid-Friendly Weight Loss,1200,Vegetarian,29,1208,44,38,05-Thyroid-Friendly-Weight-Loss/1200-kcal/1200-kcal-Vegetarian-Thyroid-Friendly-Weight-Loss-Option-29.pdf
Thyroid-Friendly Weight Loss,1200,Vegetarian,30,1217,43,37,05-Thyroid-Friendly-Weight-Loss/1200-kcal/1200-kcal-Vegetarian-Thyroid-Friendly-Weight-Loss-Option-30.pdf
Thyroid-Friendly Weight Loss,1200,Vegan,1,1201,42,36,05-Thyroid-Friendly-Weight-Loss/1200-kcal/1200-kcal-Vegan-Thyroid-Friendly-Weight-Loss-Option-01.pdf
Thyroid-Friendly Weight Loss,1200,Vegan,2,1203,40,37,05-Thyroid-Friendly-Weight-Loss/1200-kcal/1200-kcal-Vegan-Thyroid-Friendly-Weight-Loss-Option-02.pdf
Thyroid-Friendly Weight Loss,1200,Vegan,3,1204,43,38,05-Thyroid-Friendly-Weight-Loss/1200-kcal/1200-kcal-Vegan-Thyroid-Friendly-Weight-Loss-Option-03.pdf
Thyroid-Friendly Weight Loss,1200,Vegan,4,1201,41,36,05-Thyroid-Friendly-Weight-Loss/1200-kcal/1200-kcal-Vegan-Thyroid-Friendly-Weight-Loss-Option-04.pdf
Thyroid-Friendly Weight Loss,1200,Vegan,5,1200,44,37,05-Thyroid-Friendly-Weight-Loss/1200-kcal/1200-kcal-Vegan-Thyroid-Friendly-Weight-Loss-Option-05.pdf
Thyroid-Friendly Weight Loss,1200,Vegan,6,1191,44,38,05-Thyroid-Friendly-Weight-Loss/1200-kcal/1200-kcal-Vegan-Thyroid-Friendly-Weight-Loss-Option-06.pdf
Thyroid-Friendly Weight Loss,1200,Vegan,7,1207,40,35,05-Thyroid-Friendly-Weight-Loss/1200-kcal/1200-kcal-Vegan-Thyroid-Friendly-Weight-Loss-Option-07.pdf
Thyroid-Friendly Weight Loss,1200,Vegan,8,1207,43,37,05-Thyroid-Friendly-Weight-Loss/1200-kcal/1200-kcal-Vegan-Thyroid-Friendly-Weight-Loss-Option-08.pdf
Thyroid-Friendly Weight Loss,1200,Vegan,9,1192,45,41,05-Thyroid-Friendly-Weight-Loss/1200-kcal/1200-kcal-Vegan-Thyroid-Friendly-Weight-Loss-Option-09.pdf
Thyroid-Friendly Weight Loss,1200,Vegan,10,1199,41,36,05-Thyroid-Friendly-Weight-Loss/1200-kcal/1200-kcal-Vegan-Thyroid-Friendly-Weight-Loss-Option-10.pdf
Thyroid-Friendly Weight Loss,1200,Vegan,11,1206,42,37,05-Thyroid-Friendly-Weight-Loss/1200-kcal/1200-kcal-Vegan-Thyroid-Friendly-Weight-Loss-Option-11.pdf
Thyroid-Friendly Weight Loss,1200,Vegan,12,1204,39,33,05-Thyroid-Friendly-Weight-Loss/1200-kcal/1200-kcal-Vegan-Thyroid-Friendly-Weight-Loss-Option-12.pdf
Thyroid-Friendly Weight Loss,1200,Vegan,13,1189,46,39,05-Thyroid-Friendly-Weight-Loss/1200-kcal/1200-kcal-Vegan-Thyroid-Friendly-Weight-Loss-Option-13.pdf
Thyroid-Friendly Weight Loss,1200,Vegan,14,1200,41,37,05-Thyroid-Friendly-Weight-Loss/1200-kcal/1200-kcal-Vegan-Thyroid-Friendly-Weight-Loss-Option-14.pdf
Thyroid-Friendly Weight Loss,1200,Vegan,15,1193,44,39,05-Thyroid-Friendly-Weight-Loss/1200-kcal/1200-kcal-Vegan-Thyroid-Friendly-Weight-Loss-Option-15.pdf
Thyroid-Friendly Weight Loss,1200,Vegan,16,1199,42,38,05-Thyroid-Friendly-Weight-Loss/1200-kcal/1200-kcal-Vegan-Thyroid-Friendly-Weight-Loss-Option-16.pdf
Thyroid-Friendly Weight Loss,1200,Vegan,17,1199,46,38,05-Thyroid-Friendly-Weight-Loss/1200-kcal/1200-kcal-Vegan-Thyroid-Friendly-Weight-Loss-Option-17.pdf
Thyroid-Friendly Weight Loss,1200,Vegan,18,1199,42,36,05-Thyroid-Friendly-Weight-Loss/1200-kcal/1200-kcal-Vegan-Thyroid-Friendly-Weight-Loss-Option-18.pdf
Thyroid-Friendly Weight Loss,1200,Vegan,19,1200,43,37,05-Thyroid-Friendly-Weight-Loss/1200-kcal/1200-kcal-Vegan-Thyroid-Friendly-Weight-Loss-Option-19.pdf
Thyroid-Friendly Weight Loss,1200,Vegan,20,1210,45,42,05-Thyroid-Friendly-Weight-Loss/1200-kcal/1200-kcal-Vegan-Thyroid-Friendly-Weight-Loss-Option-20.pdf
Thyroid-Friendly Weight Loss,1200,Vegan,21,1208,41,35,05-Thyroid-Friendly-Weight-Loss/1200-kcal/1200-kcal-Vegan-Thyroid-Friendly-Weight-Loss-Option-21.pdf
Thyroid-Friendly Weight Loss,1200,Vegan,22,1200,43,37,05-Thyroid-Friendly-Weight-Loss/1200-kcal/1200-kcal-Vegan-Thyroid-Friendly-Weight-Loss-Option-22.pdf
Thyroid-Friendly Weight Loss,1200,Vegan,23,1205,43,38,05-Thyroid-Friendly-Weight-Loss/1200-kcal/1200-kcal-Vegan-Thyroid-Friendly-Weight-Loss-Option-23.pdf
Thyroid-Friendly Weight Loss,1200,Vegan,24,1203,41,35,05-Thyroid-Friendly-Weight-Loss/1200-kcal/1200-kcal-Vegan-Thyroid-Friendly-Weight-Loss-Option-24.pdf
Thyroid-Friendly Weight Loss,1200,Vegan,25,1199,45,38,05-Thyroid-Friendly-Weight-Loss/1200-kcal/1200-kcal-Vegan-Thyroid-Friendly-Weight-Loss-Option-25.pdf
Thyroid-Friendly Weight Loss,1200,Vegan,26,1196,42,38,05-Thyroid-Friendly-Weight-Loss/1200-kcal/1200-kcal-Vegan-Thyroid-Friendly-Weight-Loss-Option-26.pdf
Thyroid-Friendly Weight Loss,1200,Vegan,27,1196,43,38,05-Thyroid-Friendly-Weight-Loss/1200-kcal/1200-kcal-Vegan-Thyroid-Friendly-Weight-Loss-Option-27.pdf
Thyroid-Friendly Weight Loss,1200,Vegan,28,1207,44,37,05-Thyroid-Friendly-Weight-Loss/1200-kcal/1200-kcal-Vegan-Thyroid-Friendly-Weight-Loss-Option-28.pdf
Thyroid-Friendly Weight Loss,1200,Vegan,29,1202,42,36,05-Thyroid-Friendly-Weight-Loss/1200-kcal/1200-kcal-Vegan-Thyroid-Friendly-Weight-Loss-Option-29.pdf
Thyroid-Friendly Weight Loss,1200,Vegan,30,1206,44,36,05-Thyroid-Friendly-Weight-Loss/1200-kcal/1200-kcal-Vegan-Thyroid-Friendly-Weight-Loss-Option-30.pdf
Thyroid-Friendly Weight Loss,1200,Eggetarian,1,1204,52,45,05-Thyroid-Friendly-Weight-Loss/1200-kcal/1200-kcal-Eggetarian-Thyroid-Friendly-Weight-Loss-Option-01.pdf
Thyroid-Friendly Weight Loss,1200,Eggetarian,2,1208,49,38,05-Thyroid-Friendly-Weight-Loss/1200-kcal/1200-kcal-Eggetarian-Thyroid-Friendly-Weight-Loss-Option-02.pdf
Thyroid-Friendly Weight Loss,1200,Eggetarian,3,1201,50,37,05-Thyroid-Friendly-Weight-Loss/1200-kcal/1200-kcal-Eggetarian-Thyroid-Friendly-Weight-Loss-Option-03.pdf
Thyroid-Friendly Weight Loss,1200,Eggetarian,4,1203,49,39,05-Thyroid-Friendly-Weight-Loss/1200-kcal/1200-kcal-Eggetarian-Thyroid-Friendly-Weight-Loss-Option-04.pdf
Thyroid-Friendly Weight Loss,1200,Eggetarian,5,1200,52,41,05-Thyroid-Friendly-Weight-Loss/1200-kcal/1200-kcal-Eggetarian-Thyroid-Friendly-Weight-Loss-Option-05.pdf
Thyroid-Friendly Weight Loss,1200,Eggetarian,6,1197,52,41,05-Thyroid-Friendly-Weight-Loss/1200-kcal/1200-kcal-Eggetarian-Thyroid-Friendly-Weight-Loss-Option-06.pdf
Thyroid-Friendly Weight Loss,1200,Eggetarian,7,1212,49,40,05-Thyroid-Friendly-Weight-Loss/1200-kcal/1200-kcal-Eggetarian-Thyroid-Friendly-Weight-Loss-Option-07.pdf
Thyroid-Friendly Weight Loss,1200,Eggetarian,8,1194,49,35,05-Thyroid-Friendly-Weight-Loss/1200-kcal/1200-kcal-Eggetarian-Thyroid-Friendly-Weight-Loss-Option-08.pdf
Thyroid-Friendly Weight Loss,1200,Eggetarian,9,1207,49,41,05-Thyroid-Friendly-Weight-Loss/1200-kcal/1200-kcal-Eggetarian-Thyroid-Friendly-Weight-Loss-Option-09.pdf
Thyroid-Friendly Weight Loss,1200,Eggetarian,10,1199,49,44,05-Thyroid-Friendly-Weight-Loss/1200-kcal/1200-kcal-Eggetarian-Thyroid-Friendly-Weight-Loss-Option-10.pdf
Thyroid-Friendly Weight Loss,1200,Eggetarian,11,1210,48,38,05-Thyroid-Friendly-Weight-Loss/1200-kcal/1200-kcal-Eggetarian-Thyroid-Friendly-Weight-Loss-Option-11.pdf
Thyroid-Friendly Weight Loss,1200,Eggetarian,12,1208,50,40,05-Thyroid-Friendly-Weight-Loss/1200-kcal/1200-kcal-Eggetarian-Thyroid-Friendly-Weight-Loss-Option-12.pdf
Thyroid-Friendly Weight Loss,1200,Eggetarian,13,1204,47,39,05-Thyroid-Friendly-Weight-Loss/1200-kcal/1200-kcal-Eggetarian-Thyroid-Friendly-Weight-Loss-Option-13.pdf
Thyroid-Friendly Weight Loss,1200,Eggetarian,14,1207,48,40,05-Thyroid-Friendly-Weight-Loss/1200-kcal/1200-kcal-Eggetarian-Thyroid-Friendly-Weight-Loss-Option-14.pdf
Thyroid-Friendly Weight Loss,1200,Eggetarian,15,1201,52,41,05-Thyroid-Friendly-Weight-Loss/1200-kcal/1200-kcal-Eggetarian-Thyroid-Friendly-Weight-Loss-Option-15.pdf
Thyroid-Friendly Weight Loss,1200,Eggetarian,16,1205,50,39,05-Thyroid-Friendly-Weight-Loss/1200-kcal/1200-kcal-Eggetarian-Thyroid-Friendly-Weight-Loss-Option-16.pdf
Thyroid-Friendly Weight Loss,1200,Eggetarian,17,1197,48,40,05-Thyroid-Friendly-Weight-Loss/1200-kcal/1200-kcal-Eggetarian-Thyroid-Friendly-Weight-Loss-Option-17.pdf
Thyroid-Friendly Weight Loss,1200,Eggetarian,18,1194,53,44,05-Thyroid-Friendly-Weight-Loss/1200-kcal/1200-kcal-Eggetarian-Thyroid-Friendly-Weight-Loss-Option-18.pdf
Thyroid-Friendly Weight Loss,1200,Eggetarian,19,1209,48,39,05-Thyroid-Friendly-Weight-Loss/1200-kcal/1200-kcal-Eggetarian-Thyroid-Friendly-Weight-Loss-Option-19.pdf
Thyroid-Friendly Weight Loss,1200,Eggetarian,20,1186,53,41,05-Thyroid-Friendly-Weight-Loss/1200-kcal/1200-kcal-Eggetarian-Thyroid-Friendly-Weight-Loss-Option-20.pdf
Thyroid-Friendly Weight Loss,1200,Eggetarian,21,1190,50,43,05-Thyroid-Friendly-Weight-Loss/1200-kcal/1200-kcal-Eggetarian-Thyroid-Friendly-Weight-Loss-Option-21.pdf
Thyroid-Friendly Weight Loss,1200,Eggetarian,22,1197,49,40,05-Thyroid-Friendly-Weight-Loss/1200-kcal/1200-kcal-Eggetarian-Thyroid-Friendly-Weight-Loss-Option-22.pdf
Thyroid-Friendly Weight Loss,1200,Eggetarian,23,1199,53,44,05-Thyroid-Friendly-Weight-Loss/1200-kcal/1200-kcal-Eggetarian-Thyroid-Friendly-Weight-Loss-Option-23.pdf
Thyroid-Friendly Weight Loss,1200,Eggetarian,24,1213,50,42,05-Thyroid-Friendly-Weight-Loss/1200-kcal/1200-kcal-Eggetarian-Thyroid-Friendly-Weight-Loss-Option-24.pdf
Thyroid-Friendly Weight Loss,1200,Eggetarian,25,1209,50,38,05-Thyroid-Friendly-Weight-Loss/1200-kcal/1200-kcal-Eggetarian-Thyroid-Friendly-Weight-Loss-Option-25.pdf
Thyroid-Friendly Weight Loss,1200,Eggetarian,26,1209,50,36,05-Thyroid-Friendly-Weight-Loss/1200-kcal/1200-kcal-Eggetarian-Thyroid-Friendly-Weight-Loss-Option-26.pdf
Thyroid-Friendly Weight Loss,1200,Eggetarian,27,1203,50,37,05-Thyroid-Friendly-Weight-Loss/1200-kcal/1200-kcal-Eggetarian-Thyroid-Friendly-Weight-Loss-Option-27.pdf
Thyroid-Friendly Weight Loss,1200,Eggetarian,28,1209,54,46,05-Thyroid-Friendly-Weight-Loss/1200-kcal/1200-kcal-Eggetarian-Thyroid-Friendly-Weight-Loss-Option-28.pdf
Thyroid-Friendly Weight Loss,1200,Eggetarian,29,1199,52,37,05-Thyroid-Friendly-Weight-Loss/1200-kcal/1200-kcal-Eggetarian-Thyroid-Friendly-Weight-Loss-Option-29.pdf
Thyroid-Friendly Weight Loss,1200,Eggetarian,30,1198,48,39,05-Thyroid-Friendly-Weight-Loss/1200-kcal/1200-kcal-Eggetarian-Thyroid-Friendly-Weight-Loss-Option-30.pdf
Thyroid-Friendly Weight Loss,1200,Non-Vegetarian,1,1204,56,50,05-Thyroid-Friendly-Weight-Loss/1200-kcal/1200-kcal-Non-Vegetarian-Thyroid-Friendly-Weight-Loss-Option-01.pdf
Thyroid-Friendly Weight Loss,1200,Non-Vegetarian,2,1213,59,47,05-Thyroid-Friendly-Weight-Loss/1200-kcal/1200-kcal-Non-Vegetarian-Thyroid-Friendly-Weight-Loss-Option-02.pdf
Thyroid-Friendly Weight Loss,1200,Non-Vegetarian,3,1211,55,46,05-Thyroid-Friendly-Weight-Loss/1200-kcal/1200-kcal-Non-Vegetarian-Thyroid-Friendly-Weight-Loss-Option-03.pdf
Thyroid-Friendly Weight Loss,1200,Non-Vegetarian,4,1216,54,46,05-Thyroid-Friendly-Weight-Loss/1200-kcal/1200-kcal-Non-Vegetarian-Thyroid-Friendly-Weight-Loss-Option-04.pdf
Thyroid-Friendly Weight Loss,1200,Non-Vegetarian,5,1213,55,44,05-Thyroid-Friendly-Weight-Loss/1200-kcal/1200-kcal-Non-Vegetarian-Thyroid-Friendly-Weight-Loss-Option-05.pdf
Thyroid-Friendly Weight Loss,1200,Non-Vegetarian,6,1213,55,46,05-Thyroid-Friendly-Weight-Loss/1200-kcal/1200-kcal-Non-Vegetarian-Thyroid-Friendly-Weight-Loss-Option-06.pdf
Thyroid-Friendly Weight Loss,1200,Non-Vegetarian,7,1203,57,41,05-Thyroid-Friendly-Weight-Loss/1200-kcal/1200-kcal-Non-Vegetarian-Thyroid-Friendly-Weight-Loss-Option-07.pdf
Thyroid-Friendly Weight Loss,1200,Non-Vegetarian,8,1212,56,46,05-Thyroid-Friendly-Weight-Loss/1200-kcal/1200-kcal-Non-Vegetarian-Thyroid-Friendly-Weight-Loss-Option-08.pdf
Thyroid-Friendly Weight Loss,1200,Non-Vegetarian,9,1205,58,43,05-Thyroid-Friendly-Weight-Loss/1200-kcal/1200-kcal-Non-Vegetarian-Thyroid-Friendly-Weight-Loss-Option-09.pdf
Thyroid-Friendly Weight Loss,1200,Non-Vegetarian,10,1212,65,43,05-Thyroid-Friendly-Weight-Loss/1200-kcal/1200-kcal-Non-Vegetarian-Thyroid-Friendly-Weight-Loss-Option-10.pdf
Thyroid-Friendly Weight Loss,1200,Non-Vegetarian,11,1201,55,41,05-Thyroid-Friendly-Weight-Loss/1200-kcal/1200-kcal-Non-Vegetarian-Thyroid-Friendly-Weight-Loss-Option-11.pdf
Thyroid-Friendly Weight Loss,1200,Non-Vegetarian,12,1212,57,48,05-Thyroid-Friendly-Weight-Loss/1200-kcal/1200-kcal-Non-Vegetarian-Thyroid-Friendly-Weight-Loss-Option-12.pdf
Thyroid-Friendly Weight Loss,1200,Non-Vegetarian,13,1202,56,49,05-Thyroid-Friendly-Weight-Loss/1200-kcal/1200-kcal-Non-Vegetarian-Thyroid-Friendly-Weight-Loss-Option-13.pdf
Thyroid-Friendly Weight Loss,1200,Non-Vegetarian,14,1211,54,48,05-Thyroid-Friendly-Weight-Loss/1200-kcal/1200-kcal-Non-Vegetarian-Thyroid-Friendly-Weight-Loss-Option-14.pdf
Thyroid-Friendly Weight Loss,1200,Non-Vegetarian,15,1202,59,49,05-Thyroid-Friendly-Weight-Loss/1200-kcal/1200-kcal-Non-Vegetarian-Thyroid-Friendly-Weight-Loss-Option-15.pdf
Thyroid-Friendly Weight Loss,1200,Non-Vegetarian,16,1202,58,40,05-Thyroid-Friendly-Weight-Loss/1200-kcal/1200-kcal-Non-Vegetarian-Thyroid-Friendly-Weight-Loss-Option-16.pdf
Thyroid-Friendly Weight Loss,1200,Non-Vegetarian,17,1205,54,45,05-Thyroid-Friendly-Weight-Loss/1200-kcal/1200-kcal-Non-Vegetarian-Thyroid-Friendly-Weight-Loss-Option-17.pdf
Thyroid-Friendly Weight Loss,1200,Non-Vegetarian,18,1207,59,49,05-Thyroid-Friendly-Weight-Loss/1200-kcal/1200-kcal-Non-Vegetarian-Thyroid-Friendly-Weight-Loss-Option-18.pdf
Thyroid-Friendly Weight Loss,1200,Non-Vegetarian,19,1206,60,50,05-Thyroid-Friendly-Weight-Loss/1200-kcal/1200-kcal-Non-Vegetarian-Thyroid-Friendly-Weight-Loss-Option-19.pdf
Thyroid-Friendly Weight Loss,1200,Non-Vegetarian,20,1199,57,48,05-Thyroid-Friendly-Weight-Loss/1200-kcal/1200-kcal-Non-Vegetarian-Thyroid-Friendly-Weight-Loss-Option-20.pdf
Thyroid-Friendly Weight Loss,1200,Non-Vegetarian,21,1207,64,51,05-Thyroid-Friendly-Weight-Loss/1200-kcal/1200-kcal-Non-Vegetarian-Thyroid-Friendly-Weight-Loss-Option-21.pdf
Thyroid-Friendly Weight Loss,1200,Non-Vegetarian,22,1198,59,50,05-Thyroid-Friendly-Weight-Loss/1200-kcal/1200-kcal-Non-Vegetarian-Thyroid-Friendly-Weight-Loss-Option-22.pdf
Thyroid-Friendly Weight Loss,1200,Non-Vegetarian,23,1216,57,40,05-Thyroid-Friendly-Weight-Loss/1200-kcal/1200-kcal-Non-Vegetarian-Thyroid-Friendly-Weight-Loss-Option-23.pdf
Thyroid-Friendly Weight Loss,1200,Non-Vegetarian,24,1206,58,46,05-Thyroid-Friendly-Weight-Loss/1200-kcal/1200-kcal-Non-Vegetarian-Thyroid-Friendly-Weight-Loss-Option-24.pdf
Thyroid-Friendly Weight Loss,1200,Non-Vegetarian,25,1205,58,52,05-Thyroid-Friendly-Weight-Loss/1200-kcal/1200-kcal-Non-Vegetarian-Thyroid-Friendly-Weight-Loss-Option-25.pdf
Thyroid-Friendly Weight Loss,1200,Non-Vegetarian,26,1211,58,46,05-Thyroid-Friendly-Weight-Loss/1200-kcal/1200-kcal-Non-Vegetarian-Thyroid-Friendly-Weight-Loss-Option-26.pdf
Thyroid-Friendly Weight Loss,1200,Non-Vegetarian,27,1207,62,55,05-Thyroid-Friendly-Weight-Loss/1200-kcal/1200-kcal-Non-Vegetarian-Thyroid-Friendly-Weight-Loss-Option-27.pdf
Thyroid-Friendly Weight Loss,1200,Non-Vegetarian,28,1201,59,48,05-Thyroid-Friendly-Weight-Loss/1200-kcal/1200-kcal-Non-Vegetarian-Thyroid-Friendly-Weight-Loss-Option-28.pdf
Thyroid-Friendly Weight Loss,1200,Non-Vegetarian,29,1205,59,48,05-Thyroid-Friendly-Weight-Loss/1200-kcal/1200-kcal-Non-Vegetarian-Thyroid-Friendly-Weight-Loss-Option-29.pdf
Thyroid-Friendly Weight Loss,1200,Non-Vegetarian,30,1211,60,50,05-Thyroid-Friendly-Weight-Loss/1200-kcal/1200-kcal-Non-Vegetarian-Thyroid-Friendly-Weight-Loss-Option-30.pdf
Thyroid-Friendly Weight Loss,1300,Vegetarian,1,1300,47,41,05-Thyroid-Friendly-Weight-Loss/1300-kcal/1300-kcal-Vegetarian-Thyroid-Friendly-Weight-Loss-Option-01.pdf
Thyroid-Friendly Weight Loss,1300,Vegetarian,2,1294,49,45,05-Thyroid-Friendly-Weight-Loss/1300-kcal/1300-kcal-Vegetarian-Thyroid-Friendly-Weight-Loss-Option-02.pdf
Thyroid-Friendly Weight Loss,1300,Vegetarian,3,1309,48,42,05-Thyroid-Friendly-Weight-Loss/1300-kcal/1300-kcal-Vegetarian-Thyroid-Friendly-Weight-Loss-Option-03.pdf
Thyroid-Friendly Weight Loss,1300,Vegetarian,4,1297,50,41,05-Thyroid-Friendly-Weight-Loss/1300-kcal/1300-kcal-Vegetarian-Thyroid-Friendly-Weight-Loss-Option-04.pdf
Thyroid-Friendly Weight Loss,1300,Vegetarian,5,1303,49,44,05-Thyroid-Friendly-Weight-Loss/1300-kcal/1300-kcal-Vegetarian-Thyroid-Friendly-Weight-Loss-Option-05.pdf
Thyroid-Friendly Weight Loss,1300,Vegetarian,6,1301,46,37,05-Thyroid-Friendly-Weight-Loss/1300-kcal/1300-kcal-Vegetarian-Thyroid-Friendly-Weight-Loss-Option-06.pdf
Thyroid-Friendly Weight Loss,1300,Vegetarian,7,1310,50,44,05-Thyroid-Friendly-Weight-Loss/1300-kcal/1300-kcal-Vegetarian-Thyroid-Friendly-Weight-Loss-Option-07.pdf
Thyroid-Friendly Weight Loss,1300,Vegetarian,8,1298,45,40,05-Thyroid-Friendly-Weight-Loss/1300-kcal/1300-kcal-Vegetarian-Thyroid-Friendly-Weight-Loss-Option-08.pdf
Thyroid-Friendly Weight Loss,1300,Vegetarian,9,1317,45,38,05-Thyroid-Friendly-Weight-Loss/1300-kcal/1300-kcal-Vegetarian-Thyroid-Friendly-Weight-Loss-Option-09.pdf
Thyroid-Friendly Weight Loss,1300,Vegetarian,10,1306,46,41,05-Thyroid-Friendly-Weight-Loss/1300-kcal/1300-kcal-Vegetarian-Thyroid-Friendly-Weight-Loss-Option-10.pdf
Thyroid-Friendly Weight Loss,1300,Vegetarian,11,1304,48,45,05-Thyroid-Friendly-Weight-Loss/1300-kcal/1300-kcal-Vegetarian-Thyroid-Friendly-Weight-Loss-Option-11.pdf
Thyroid-Friendly Weight Loss,1300,Vegetarian,12,1302,47,44,05-Thyroid-Friendly-Weight-Loss/1300-kcal/1300-kcal-Vegetarian-Thyroid-Friendly-Weight-Loss-Option-12.pdf
Thyroid-Friendly Weight Loss,1300,Vegetarian,13,1301,52,45,05-Thyroid-Friendly-Weight-Loss/1300-kcal/1300-kcal-Vegetarian-Thyroid-Friendly-Weight-Loss-Option-13.pdf
Thyroid-Friendly Weight Loss,1300,Vegetarian,14,1298,48,44,05-Thyroid-Friendly-Weight-Loss/1300-kcal/1300-kcal-Vegetarian-Thyroid-Friendly-Weight-Loss-Option-14.pdf
Thyroid-Friendly Weight Loss,1300,Vegetarian,15,1297,49,42,05-Thyroid-Friendly-Weight-Loss/1300-kcal/1300-kcal-Vegetarian-Thyroid-Friendly-Weight-Loss-Option-15.pdf
Thyroid-Friendly Weight Loss,1300,Vegetarian,16,1297,48,41,05-Thyroid-Friendly-Weight-Loss/1300-kcal/1300-kcal-Vegetarian-Thyroid-Friendly-Weight-Loss-Option-16.pdf
Thyroid-Friendly Weight Loss,1300,Vegetarian,17,1288,46,40,05-Thyroid-Friendly-Weight-Loss/1300-kcal/1300-kcal-Vegetarian-Thyroid-Friendly-Weight-Loss-Option-17.pdf
Thyroid-Friendly Weight Loss,1300,Vegetarian,18,1307,50,43,05-Thyroid-Friendly-Weight-Loss/1300-kcal/1300-kcal-Vegetarian-Thyroid-Friendly-Weight-Loss-Option-18.pdf
Thyroid-Friendly Weight Loss,1300,Vegetarian,19,1298,50,47,05-Thyroid-Friendly-Weight-Loss/1300-kcal/1300-kcal-Vegetarian-Thyroid-Friendly-Weight-Loss-Option-19.pdf
Thyroid-Friendly Weight Loss,1300,Vegetarian,20,1304,46,41,05-Thyroid-Friendly-Weight-Loss/1300-kcal/1300-kcal-Vegetarian-Thyroid-Friendly-Weight-Loss-Option-20.pdf
Thyroid-Friendly Weight Loss,1300,Vegetarian,21,1302,46,38,05-Thyroid-Friendly-Weight-Loss/1300-kcal/1300-kcal-Vegetarian-Thyroid-Friendly-Weight-Loss-Option-21.pdf
Thyroid-Friendly Weight Loss,1300,Vegetarian,22,1301,48,40,05-Thyroid-Friendly-Weight-Loss/1300-kcal/1300-kcal-Vegetarian-Thyroid-Friendly-Weight-Loss-Option-22.pdf
Thyroid-Friendly Weight Loss,1300,Vegetarian,23,1297,49,42,05-Thyroid-Friendly-Weight-Loss/1300-kcal/1300-kcal-Vegetarian-Thyroid-Friendly-Weight-Loss-Option-23.pdf
Thyroid-Friendly Weight Loss,1300,Vegetarian,24,1300,49,44,05-Thyroid-Friendly-Weight-Loss/1300-kcal/1300-kcal-Vegetarian-Thyroid-Friendly-Weight-Loss-Option-24.pdf
Thyroid-Friendly Weight Loss,1300,Vegetarian,25,1304,47,41,05-Thyroid-Friendly-Weight-Loss/1300-kcal/1300-kcal-Vegetarian-Thyroid-Friendly-Weight-Loss-Option-25.pdf
Thyroid-Friendly Weight Loss,1300,Vegetarian,26,1281,48,37,05-Thyroid-Friendly-Weight-Loss/1300-kcal/1300-kcal-Vegetarian-Thyroid-Friendly-Weight-Loss-Option-26.pdf
Thyroid-Friendly Weight Loss,1300,Vegetarian,27,1306,50,42,05-Thyroid-Friendly-Weight-Loss/1300-kcal/1300-kcal-Vegetarian-Thyroid-Friendly-Weight-Loss-Option-27.pdf
Thyroid-Friendly Weight Loss,1300,Vegetarian,28,1299,49,42,05-Thyroid-Friendly-Weight-Loss/1300-kcal/1300-kcal-Vegetarian-Thyroid-Friendly-Weight-Loss-Option-28.pdf
Thyroid-Friendly Weight Loss,1300,Vegetarian,29,1303,48,41,05-Thyroid-Friendly-Weight-Loss/1300-kcal/1300-kcal-Vegetarian-Thyroid-Friendly-Weight-Loss-Option-29.pdf
Thyroid-Friendly Weight Loss,1300,Vegetarian,30,1311,49,40,05-Thyroid-Friendly-Weight-Loss/1300-kcal/1300-kcal-Vegetarian-Thyroid-Friendly-Weight-Loss-Option-30.pdf
Thyroid-Friendly Weight Loss,1300,Vegan,1,1290,48,41,05-Thyroid-Friendly-Weight-Loss/1300-kcal/1300-kcal-Vegan-Thyroid-Friendly-Weight-Loss-Option-01.pdf
Thyroid-Friendly Weight Loss,1300,Vegan,2,1279,47,40,05-Thyroid-Friendly-Weight-Loss/1300-kcal/1300-kcal-Vegan-Thyroid-Friendly-Weight-Loss-Option-02.pdf
Thyroid-Friendly Weight Loss,1300,Vegan,3,1294,47,39,05-Thyroid-Friendly-Weight-Loss/1300-kcal/1300-kcal-Vegan-Thyroid-Friendly-Weight-Loss-Option-03.pdf
Thyroid-Friendly Weight Loss,1300,Vegan,4,1295,49,41,05-Thyroid-Friendly-Weight-Loss/1300-kcal/1300-kcal-Vegan-Thyroid-Friendly-Weight-Loss-Option-04.pdf
Thyroid-Friendly Weight Loss,1300,Vegan,5,1313,44,37,05-Thyroid-Friendly-Weight-Loss/1300-kcal/1300-kcal-Vegan-Thyroid-Friendly-Weight-Loss-Option-05.pdf
Thyroid-Friendly Weight Loss,1300,Vegan,6,1306,46,42,05-Thyroid-Friendly-Weight-Loss/1300-kcal/1300-kcal-Vegan-Thyroid-Friendly-Weight-Loss-Option-06.pdf
Thyroid-Friendly Weight Loss,1300,Vegan,7,1291,43,39,05-Thyroid-Friendly-Weight-Loss/1300-kcal/1300-kcal-Vegan-Thyroid-Friendly-Weight-Loss-Option-07.pdf
Thyroid-Friendly Weight Loss,1300,Vegan,8,1295,44,33,05-Thyroid-Friendly-Weight-Loss/1300-kcal/1300-kcal-Vegan-Thyroid-Friendly-Weight-Loss-Option-08.pdf
Thyroid-Friendly Weight Loss,1300,Vegan,9,1305,48,41,05-Thyroid-Friendly-Weight-Loss/1300-kcal/1300-kcal-Vegan-Thyroid-Friendly-Weight-Loss-Option-09.pdf
Thyroid-Friendly Weight Loss,1300,Vegan,10,1303,45,38,05-Thyroid-Friendly-Weight-Loss/1300-kcal/1300-kcal-Vegan-Thyroid-Friendly-Weight-Loss-Option-10.pdf
Thyroid-Friendly Weight Loss,1300,Vegan,11,1299,49,42,05-Thyroid-Friendly-Weight-Loss/1300-kcal/1300-kcal-Vegan-Thyroid-Friendly-Weight-Loss-Option-11.pdf
Thyroid-Friendly Weight Loss,1300,Vegan,12,1300,45,41,05-Thyroid-Friendly-Weight-Loss/1300-kcal/1300-kcal-Vegan-Thyroid-Friendly-Weight-Loss-Option-12.pdf
Thyroid-Friendly Weight Loss,1300,Vegan,13,1299,47,43,05-Thyroid-Friendly-Weight-Loss/1300-kcal/1300-kcal-Vegan-Thyroid-Friendly-Weight-Loss-Option-13.pdf
Thyroid-Friendly Weight Loss,1300,Vegan,14,1302,43,39,05-Thyroid-Friendly-Weight-Loss/1300-kcal/1300-kcal-Vegan-Thyroid-Friendly-Weight-Loss-Option-14.pdf
Thyroid-Friendly Weight Loss,1300,Vegan,15,1293,43,35,05-Thyroid-Friendly-Weight-Loss/1300-kcal/1300-kcal-Vegan-Thyroid-Friendly-Weight-Loss-Option-15.pdf
Thyroid-Friendly Weight Loss,1300,Vegan,16,1301,45,39,05-Thyroid-Friendly-Weight-Loss/1300-kcal/1300-kcal-Vegan-Thyroid-Friendly-Weight-Loss-Option-16.pdf
Thyroid-Friendly Weight Loss,1300,Vegan,17,1298,45,37,05-Thyroid-Friendly-Weight-Loss/1300-kcal/1300-kcal-Vegan-Thyroid-Friendly-Weight-Loss-Option-17.pdf
Thyroid-Friendly Weight Loss,1300,Vegan,18,1293,46,44,05-Thyroid-Friendly-Weight-Loss/1300-kcal/1300-kcal-Vegan-Thyroid-Friendly-Weight-Loss-Option-18.pdf
Thyroid-Friendly Weight Loss,1300,Vegan,19,1298,47,41,05-Thyroid-Friendly-Weight-Loss/1300-kcal/1300-kcal-Vegan-Thyroid-Friendly-Weight-Loss-Option-19.pdf
Thyroid-Friendly Weight Loss,1300,Vegan,20,1305,46,42,05-Thyroid-Friendly-Weight-Loss/1300-kcal/1300-kcal-Vegan-Thyroid-Friendly-Weight-Loss-Option-20.pdf
Thyroid-Friendly Weight Loss,1300,Vegan,21,1306,45,37,05-Thyroid-Friendly-Weight-Loss/1300-kcal/1300-kcal-Vegan-Thyroid-Friendly-Weight-Loss-Option-21.pdf
Thyroid-Friendly Weight Loss,1300,Vegan,22,1300,49,43,05-Thyroid-Friendly-Weight-Loss/1300-kcal/1300-kcal-Vegan-Thyroid-Friendly-Weight-Loss-Option-22.pdf
Thyroid-Friendly Weight Loss,1300,Vegan,23,1310,44,36,05-Thyroid-Friendly-Weight-Loss/1300-kcal/1300-kcal-Vegan-Thyroid-Friendly-Weight-Loss-Option-23.pdf
Thyroid-Friendly Weight Loss,1300,Vegan,24,1302,46,39,05-Thyroid-Friendly-Weight-Loss/1300-kcal/1300-kcal-Vegan-Thyroid-Friendly-Weight-Loss-Option-24.pdf
Thyroid-Friendly Weight Loss,1300,Vegan,25,1293,46,38,05-Thyroid-Friendly-Weight-Loss/1300-kcal/1300-kcal-Vegan-Thyroid-Friendly-Weight-Loss-Option-25.pdf
Thyroid-Friendly Weight Loss,1300,Vegan,26,1289,47,37,05-Thyroid-Friendly-Weight-Loss/1300-kcal/1300-kcal-Vegan-Thyroid-Friendly-Weight-Loss-Option-26.pdf
Thyroid-Friendly Weight Loss,1300,Vegan,27,1307,48,39,05-Thyroid-Friendly-Weight-Loss/1300-kcal/1300-kcal-Vegan-Thyroid-Friendly-Weight-Loss-Option-27.pdf
Thyroid-Friendly Weight Loss,1300,Vegan,28,1304,48,40,05-Thyroid-Friendly-Weight-Loss/1300-kcal/1300-kcal-Vegan-Thyroid-Friendly-Weight-Loss-Option-28.pdf
Thyroid-Friendly Weight Loss,1300,Vegan,29,1293,46,42,05-Thyroid-Friendly-Weight-Loss/1300-kcal/1300-kcal-Vegan-Thyroid-Friendly-Weight-Loss-Option-29.pdf
Thyroid-Friendly Weight Loss,1300,Vegan,30,1307,48,43,05-Thyroid-Friendly-Weight-Loss/1300-kcal/1300-kcal-Vegan-Thyroid-Friendly-Weight-Loss-Option-30.pdf
Thyroid-Friendly Weight Loss,1300,Eggetarian,1,1304,56,40,05-Thyroid-Friendly-Weight-Loss/1300-kcal/1300-kcal-Eggetarian-Thyroid-Friendly-Weight-Loss-Option-01.pdf
Thyroid-Friendly Weight Loss,1300,Eggetarian,2,1301,52,39,05-Thyroid-Friendly-Weight-Loss/1300-kcal/1300-kcal-Eggetarian-Thyroid-Friendly-Weight-Loss-Option-02.pdf
Thyroid-Friendly Weight Loss,1300,Eggetarian,3,1297,54,42,05-Thyroid-Friendly-Weight-Loss/1300-kcal/1300-kcal-Eggetarian-Thyroid-Friendly-Weight-Loss-Option-03.pdf
Thyroid-Friendly Weight Loss,1300,Eggetarian,4,1284,52,45,05-Thyroid-Friendly-Weight-Loss/1300-kcal/1300-kcal-Eggetarian-Thyroid-Friendly-Weight-Loss-Option-04.pdf
Thyroid-Friendly Weight Loss,1300,Eggetarian,5,1294,52,43,05-Thyroid-Friendly-Weight-Loss/1300-kcal/1300-kcal-Eggetarian-Thyroid-Friendly-Weight-Loss-Option-05.pdf
Thyroid-Friendly Weight Loss,1300,Eggetarian,6,1309,55,45,05-Thyroid-Friendly-Weight-Loss/1300-kcal/1300-kcal-Eggetarian-Thyroid-Friendly-Weight-Loss-Option-06.pdf
Thyroid-Friendly Weight Loss,1300,Eggetarian,7,1301,54,43,05-Thyroid-Friendly-Weight-Loss/1300-kcal/1300-kcal-Eggetarian-Thyroid-Friendly-Weight-Loss-Option-07.pdf
Thyroid-Friendly Weight Loss,1300,Eggetarian,8,1305,56,49,05-Thyroid-Friendly-Weight-Loss/1300-kcal/1300-kcal-Eggetarian-Thyroid-Friendly-Weight-Loss-Option-08.pdf
Thyroid-Friendly Weight Loss,1300,Eggetarian,9,1291,48,40,05-Thyroid-Friendly-Weight-Loss/1300-kcal/1300-kcal-Eggetarian-Thyroid-Friendly-Weight-Loss-Option-09.pdf
Thyroid-Friendly Weight Loss,1300,Eggetarian,10,1301,53,43,05-Thyroid-Friendly-Weight-Loss/1300-kcal/1300-kcal-Eggetarian-Thyroid-Friendly-Weight-Loss-Option-10.pdf
Thyroid-Friendly Weight Loss,1300,Eggetarian,11,1295,53,49,05-Thyroid-Friendly-Weight-Loss/1300-kcal/1300-kcal-Eggetarian-Thyroid-Friendly-Weight-Loss-Option-11.pdf
Thyroid-Friendly Weight Loss,1300,Eggetarian,12,1307,55,48,05-Thyroid-Friendly-Weight-Loss/1300-kcal/1300-kcal-Eggetarian-Thyroid-Friendly-Weight-Loss-Option-12.pdf
Thyroid-Friendly Weight Loss,1300,Eggetarian,13,1287,55,41,05-Thyroid-Friendly-Weight-Loss/1300-kcal/1300-kcal-Eggetarian-Thyroid-Friendly-Weight-Loss-Option-13.pdf
Thyroid-Friendly Weight Loss,1300,Eggetarian,14,1302,55,45,05-Thyroid-Friendly-Weight-Loss/1300-kcal/1300-kcal-Eggetarian-Thyroid-Friendly-Weight-Loss-Option-14.pdf
Thyroid-Friendly Weight Loss,1300,Eggetarian,15,1300,55,42,05-Thyroid-Friendly-Weight-Loss/1300-kcal/1300-kcal-Eggetarian-Thyroid-Friendly-Weight-Loss-Option-15.pdf
Thyroid-Friendly Weight Loss,1300,Eggetarian,16,1302,57,49,05-Thyroid-Friendly-Weight-Loss/1300-kcal/1300-kcal-Eggetarian-Thyroid-Friendly-Weight-Loss-Option-16.pdf
Thyroid-Friendly Weight Loss,1300,Eggetarian,17,1297,57,43,05-Thyroid-Friendly-Weight-Loss/1300-kcal/1300-kcal-Eggetarian-Thyroid-Friendly-Weight-Loss-Option-17.pdf
Thyroid-Friendly Weight Loss,1300,Eggetarian,18,1306,59,45,05-Thyroid-Friendly-Weight-Loss/1300-kcal/1300-kcal-Eggetarian-Thyroid-Friendly-Weight-Loss-Option-18.pdf
Thyroid-Friendly Weight Loss,1300,Eggetarian,19,1290,55,44,05-Thyroid-Friendly-Weight-Loss/1300-kcal/1300-kcal-Eggetarian-Thyroid-Friendly-Weight-Loss-Option-19.pdf
Thyroid-Friendly Weight Loss,1300,Eggetarian,20,1305,56,46,05-Thyroid-Friendly-Weight-Loss/1300-kcal/1300-kcal-Eggetarian-Thyroid-Friendly-Weight-Loss-Option-20.pdf
Thyroid-Friendly Weight Loss,1300,Eggetarian,21,1297,54,38,05-Thyroid-Friendly-Weight-Loss/1300-kcal/1300-kcal-Eggetarian-Thyroid-Friendly-Weight-Loss-Option-21.pdf
Thyroid-Friendly Weight Loss,1300,Eggetarian,22,1305,54,40,05-Thyroid-Friendly-Weight-Loss/1300-kcal/1300-kcal-Eggetarian-Thyroid-Friendly-Weight-Loss-Option-22.pdf
Thyroid-Friendly Weight Loss,1300,Eggetarian,23,1304,56,47,05-Thyroid-Friendly-Weight-Loss/1300-kcal/1300-kcal-Eggetarian-Thyroid-Friendly-Weight-Loss-Option-23.pdf
Thyroid-Friendly Weight Loss,1300,Eggetarian,24,1293,53,42,05-Thyroid-Friendly-Weight-Loss/1300-kcal/1300-kcal-Eggetarian-Thyroid-Friendly-Weight-Loss-Option-24.pdf
Thyroid-Friendly Weight Loss,1300,Eggetarian,25,1305,52,43,05-Thyroid-Friendly-Weight-Loss/1300-kcal/1300-kcal-Eggetarian-Thyroid-Friendly-Weight-Loss-Option-25.pdf
Thyroid-Friendly Weight Loss,1300,Eggetarian,26,1298,53,42,05-Thyroid-Friendly-Weight-Loss/1300-kcal/1300-kcal-Eggetarian-Thyroid-Friendly-Weight-Loss-Option-26.pdf
Thyroid-Friendly Weight Loss,1300,Eggetarian,27,1306,53,44,05-Thyroid-Friendly-Weight-Loss/1300-kcal/1300-kcal-Eggetarian-Thyroid-Friendly-Weight-Loss-Option-27.pdf
Thyroid-Friendly Weight Loss,1300,Eggetarian,28,1314,55,46,05-Thyroid-Friendly-Weight-Loss/1300-kcal/1300-kcal-Eggetarian-Thyroid-Friendly-Weight-Loss-Option-28.pdf
Thyroid-Friendly Weight Loss,1300,Eggetarian,29,1297,52,42,05-Thyroid-Friendly-Weight-Loss/1300-kcal/1300-kcal-Eggetarian-Thyroid-Friendly-Weight-Loss-Option-29.pdf
Thyroid-Friendly Weight Loss,1300,Eggetarian,30,1303,53,41,05-Thyroid-Friendly-Weight-Loss/1300-kcal/1300-kcal-Eggetarian-Thyroid-Friendly-Weight-Loss-Option-30.pdf
Thyroid-Friendly Weight Loss,1300,Non-Vegetarian,1,1299,59,54,05-Thyroid-Friendly-Weight-Loss/1300-kcal/1300-kcal-Non-Vegetarian-Thyroid-Friendly-Weight-Loss-Option-01.pdf
Thyroid-Friendly Weight Loss,1300,Non-Vegetarian,2,1300,61,53,05-Thyroid-Friendly-Weight-Loss/1300-kcal/1300-kcal-Non-Vegetarian-Thyroid-Friendly-Weight-Loss-Option-02.pdf
Thyroid-Friendly Weight Loss,1300,Non-Vegetarian,3,1306,61,52,05-Thyroid-Friendly-Weight-Loss/1300-kcal/1300-kcal-Non-Vegetarian-Thyroid-Friendly-Weight-Loss-Option-03.pdf
Thyroid-Friendly Weight Loss,1300,Non-Vegetarian,4,1307,60,52,05-Thyroid-Friendly-Weight-Loss/1300-kcal/1300-kcal-Non-Vegetarian-Thyroid-Friendly-Weight-Loss-Option-04.pdf
Thyroid-Friendly Weight Loss,1300,Non-Vegetarian,5,1301,58,50,05-Thyroid-Friendly-Weight-Loss/1300-kcal/1300-kcal-Non-Vegetarian-Thyroid-Friendly-Weight-Loss-Option-05.pdf
Thyroid-Friendly Weight Loss,1300,Non-Vegetarian,6,1311,61,47,05-Thyroid-Friendly-Weight-Loss/1300-kcal/1300-kcal-Non-Vegetarian-Thyroid-Friendly-Weight-Loss-Option-06.pdf
Thyroid-Friendly Weight Loss,1300,Non-Vegetarian,7,1309,61,48,05-Thyroid-Friendly-Weight-Loss/1300-kcal/1300-kcal-Non-Vegetarian-Thyroid-Friendly-Weight-Loss-Option-07.pdf
Thyroid-Friendly Weight Loss,1300,Non-Vegetarian,8,1299,62,47,05-Thyroid-Friendly-Weight-Loss/1300-kcal/1300-kcal-Non-Vegetarian-Thyroid-Friendly-Weight-Loss-Option-08.pdf
Thyroid-Friendly Weight Loss,1300,Non-Vegetarian,9,1306,65,46,05-Thyroid-Friendly-Weight-Loss/1300-kcal/1300-kcal-Non-Vegetarian-Thyroid-Friendly-Weight-Loss-Option-09.pdf
Thyroid-Friendly Weight Loss,1300,Non-Vegetarian,10,1297,66,55,05-Thyroid-Friendly-Weight-Loss/1300-kcal/1300-kcal-Non-Vegetarian-Thyroid-Friendly-Weight-Loss-Option-10.pdf
Thyroid-Friendly Weight Loss,1300,Non-Vegetarian,11,1298,63,51,05-Thyroid-Friendly-Weight-Loss/1300-kcal/1300-kcal-Non-Vegetarian-Thyroid-Friendly-Weight-Loss-Option-11.pdf
Thyroid-Friendly Weight Loss,1300,Non-Vegetarian,12,1297,60,53,05-Thyroid-Friendly-Weight-Loss/1300-kcal/1300-kcal-Non-Vegetarian-Thyroid-Friendly-Weight-Loss-Option-12.pdf
Thyroid-Friendly Weight Loss,1300,Non-Vegetarian,13,1303,63,48,05-Thyroid-Friendly-Weight-Loss/1300-kcal/1300-kcal-Non-Vegetarian-Thyroid-Friendly-Weight-Loss-Option-13.pdf
Thyroid-Friendly Weight Loss,1300,Non-Vegetarian,14,1315,60,58,05-Thyroid-Friendly-Weight-Loss/1300-kcal/1300-kcal-Non-Vegetarian-Thyroid-Friendly-Weight-Loss-Option-14.pdf
Thyroid-Friendly Weight Loss,1300,Non-Vegetarian,15,1298,63,52,05-Thyroid-Friendly-Weight-Loss/1300-kcal/1300-kcal-Non-Vegetarian-Thyroid-Friendly-Weight-Loss-Option-15.pdf
Thyroid-Friendly Weight Loss,1300,Non-Vegetarian,16,1298,60,47,05-Thyroid-Friendly-Weight-Loss/1300-kcal/1300-kcal-Non-Vegetarian-Thyroid-Friendly-Weight-Loss-Option-16.pdf
Thyroid-Friendly Weight Loss,1300,Non-Vegetarian,17,1311,59,46,05-Thyroid-Friendly-Weight-Loss/1300-kcal/1300-kcal-Non-Vegetarian-Thyroid-Friendly-Weight-Loss-Option-17.pdf
Thyroid-Friendly Weight Loss,1300,Non-Vegetarian,18,1321,65,54,05-Thyroid-Friendly-Weight-Loss/1300-kcal/1300-kcal-Non-Vegetarian-Thyroid-Friendly-Weight-Loss-Option-18.pdf
Thyroid-Friendly Weight Loss,1300,Non-Vegetarian,19,1315,62,53,05-Thyroid-Friendly-Weight-Loss/1300-kcal/1300-kcal-Non-Vegetarian-Thyroid-Friendly-Weight-Loss-Option-19.pdf
Thyroid-Friendly Weight Loss,1300,Non-Vegetarian,20,1298,59,45,05-Thyroid-Friendly-Weight-Loss/1300-kcal/1300-kcal-Non-Vegetarian-Thyroid-Friendly-Weight-Loss-Option-20.pdf
Thyroid-Friendly Weight Loss,1300,Non-Vegetarian,21,1305,62,47,05-Thyroid-Friendly-Weight-Loss/1300-kcal/1300-kcal-Non-Vegetarian-Thyroid-Friendly-Weight-Loss-Option-21.pdf
Thyroid-Friendly Weight Loss,1300,Non-Vegetarian,22,1311,61,49,05-Thyroid-Friendly-Weight-Loss/1300-kcal/1300-kcal-Non-Vegetarian-Thyroid-Friendly-Weight-Loss-Option-22.pdf
Thyroid-Friendly Weight Loss,1300,Non-Vegetarian,23,1308,65,43,05-Thyroid-Friendly-Weight-Loss/1300-kcal/1300-kcal-Non-Vegetarian-Thyroid-Friendly-Weight-Loss-Option-23.pdf
Thyroid-Friendly Weight Loss,1300,Non-Vegetarian,24,1309,65,51,05-Thyroid-Friendly-Weight-Loss/1300-kcal/1300-kcal-Non-Vegetarian-Thyroid-Friendly-Weight-Loss-Option-24.pdf
Thyroid-Friendly Weight Loss,1300,Non-Vegetarian,25,1305,65,47,05-Thyroid-Friendly-Weight-Loss/1300-kcal/1300-kcal-Non-Vegetarian-Thyroid-Friendly-Weight-Loss-Option-25.pdf
Thyroid-Friendly Weight Loss,1300,Non-Vegetarian,26,1304,62,53,05-Thyroid-Friendly-Weight-Loss/1300-kcal/1300-kcal-Non-Vegetarian-Thyroid-Friendly-Weight-Loss-Option-26.pdf
Thyroid-Friendly Weight Loss,1300,Non-Vegetarian,27,1300,62,50,05-Thyroid-Friendly-Weight-Loss/1300-kcal/1300-kcal-Non-Vegetarian-Thyroid-Friendly-Weight-Loss-Option-27.pdf
Thyroid-Friendly Weight Loss,1300,Non-Vegetarian,28,1296,64,52,05-Thyroid-Friendly-Weight-Loss/1300-kcal/1300-kcal-Non-Vegetarian-Thyroid-Friendly-Weight-Loss-Option-28.pdf
Thyroid-Friendly Weight Loss,1300,Non-Vegetarian,29,1315,66,56,05-Thyroid-Friendly-Weight-Loss/1300-kcal/1300-kcal-Non-Vegetarian-Thyroid-Friendly-Weight-Loss-Option-29.pdf
Thyroid-Friendly Weight Loss,1300,Non-Vegetarian,30,1300,58,51,05-Thyroid-Friendly-Weight-Loss/1300-kcal/1300-kcal-Non-Vegetarian-Thyroid-Friendly-Weight-Loss-Option-30.pdf
Thyroid-Friendly Weight Loss,1400,Vegetarian,1,1415,52,49,05-Thyroid-Friendly-Weight-Loss/1400-kcal/1400-kcal-Vegetarian-Thyroid-Friendly-Weight-Loss-Option-01.pdf
Thyroid-Friendly Weight Loss,1400,Vegetarian,2,1399,52,45,05-Thyroid-Friendly-Weight-Loss/1400-kcal/1400-kcal-Vegetarian-Thyroid-Friendly-Weight-Loss-Option-02.pdf
Thyroid-Friendly Weight Loss,1400,Vegetarian,3,1406,50,48,05-Thyroid-Friendly-Weight-Loss/1400-kcal/1400-kcal-Vegetarian-Thyroid-Friendly-Weight-Loss-Option-03.pdf
Thyroid-Friendly Weight Loss,1400,Vegetarian,4,1399,53,48,05-Thyroid-Friendly-Weight-Loss/1400-kcal/1400-kcal-Vegetarian-Thyroid-Friendly-Weight-Loss-Option-04.pdf
Thyroid-Friendly Weight Loss,1400,Vegetarian,5,1399,53,48,05-Thyroid-Friendly-Weight-Loss/1400-kcal/1400-kcal-Vegetarian-Thyroid-Friendly-Weight-Loss-Option-05.pdf
Thyroid-Friendly Weight Loss,1400,Vegetarian,6,1395,48,44,05-Thyroid-Friendly-Weight-Loss/1400-kcal/1400-kcal-Vegetarian-Thyroid-Friendly-Weight-Loss-Option-06.pdf
Thyroid-Friendly Weight Loss,1400,Vegetarian,7,1391,54,49,05-Thyroid-Friendly-Weight-Loss/1400-kcal/1400-kcal-Vegetarian-Thyroid-Friendly-Weight-Loss-Option-07.pdf
Thyroid-Friendly Weight Loss,1400,Vegetarian,8,1403,51,45,05-Thyroid-Friendly-Weight-Loss/1400-kcal/1400-kcal-Vegetarian-Thyroid-Friendly-Weight-Loss-Option-08.pdf
Thyroid-Friendly Weight Loss,1400,Vegetarian,9,1403,53,46,05-Thyroid-Friendly-Weight-Loss/1400-kcal/1400-kcal-Vegetarian-Thyroid-Friendly-Weight-Loss-Option-09.pdf
Thyroid-Friendly Weight Loss,1400,Vegetarian,10,1401,52,45,05-Thyroid-Friendly-Weight-Loss/1400-kcal/1400-kcal-Vegetarian-Thyroid-Friendly-Weight-Loss-Option-10.pdf
Thyroid-Friendly Weight Loss,1400,Vegetarian,11,1416,52,45,05-Thyroid-Friendly-Weight-Loss/1400-kcal/1400-kcal-Vegetarian-Thyroid-Friendly-Weight-Loss-Option-11.pdf
Thyroid-Friendly Weight Loss,1400,Vegetarian,12,1394,53,49,05-Thyroid-Friendly-Weight-Loss/1400-kcal/1400-kcal-Vegetarian-Thyroid-Friendly-Weight-Loss-Option-12.pdf
Thyroid-Friendly Weight Loss,1400,Vegetarian,13,1405,54,49,05-Thyroid-Friendly-Weight-Loss/1400-kcal/1400-kcal-Vegetarian-Thyroid-Friendly-Weight-Loss-Option-13.pdf
Thyroid-Friendly Weight Loss,1400,Vegetarian,14,1412,53,45,05-Thyroid-Friendly-Weight-Loss/1400-kcal/1400-kcal-Vegetarian-Thyroid-Friendly-Weight-Loss-Option-14.pdf
Thyroid-Friendly Weight Loss,1400,Vegetarian,15,1394,50,41,05-Thyroid-Friendly-Weight-Loss/1400-kcal/1400-kcal-Vegetarian-Thyroid-Friendly-Weight-Loss-Option-15.pdf
Thyroid-Friendly Weight Loss,1400,Vegetarian,16,1409,51,46,05-Thyroid-Friendly-Weight-Loss/1400-kcal/1400-kcal-Vegetarian-Thyroid-Friendly-Weight-Loss-Option-16.pdf
Thyroid-Friendly Weight Loss,1400,Vegetarian,17,1405,50,41,05-Thyroid-Friendly-Weight-Loss/1400-kcal/1400-kcal-Vegetarian-Thyroid-Friendly-Weight-Loss-Option-17.pdf
Thyroid-Friendly Weight Loss,1400,Vegetarian,18,1401,52,41,05-Thyroid-Friendly-Weight-Loss/1400-kcal/1400-kcal-Vegetarian-Thyroid-Friendly-Weight-Loss-Option-18.pdf
Thyroid-Friendly Weight Loss,1400,Vegetarian,19,1409,53,48,05-Thyroid-Friendly-Weight-Loss/1400-kcal/1400-kcal-Vegetarian-Thyroid-Friendly-Weight-Loss-Option-19.pdf
Thyroid-Friendly Weight Loss,1400,Vegetarian,20,1411,54,49,05-Thyroid-Friendly-Weight-Loss/1400-kcal/1400-kcal-Vegetarian-Thyroid-Friendly-Weight-Loss-Option-20.pdf
Thyroid-Friendly Weight Loss,1400,Vegetarian,21,1393,50,47,05-Thyroid-Friendly-Weight-Loss/1400-kcal/1400-kcal-Vegetarian-Thyroid-Friendly-Weight-Loss-Option-21.pdf
Thyroid-Friendly Weight Loss,1400,Vegetarian,22,1406,52,45,05-Thyroid-Friendly-Weight-Loss/1400-kcal/1400-kcal-Vegetarian-Thyroid-Friendly-Weight-Loss-Option-22.pdf
Thyroid-Friendly Weight Loss,1400,Vegetarian,23,1417,49,44,05-Thyroid-Friendly-Weight-Loss/1400-kcal/1400-kcal-Vegetarian-Thyroid-Friendly-Weight-Loss-Option-23.pdf
Thyroid-Friendly Weight Loss,1400,Vegetarian,24,1392,51,48,05-Thyroid-Friendly-Weight-Loss/1400-kcal/1400-kcal-Vegetarian-Thyroid-Friendly-Weight-Loss-Option-24.pdf
Thyroid-Friendly Weight Loss,1400,Vegetarian,25,1410,53,45,05-Thyroid-Friendly-Weight-Loss/1400-kcal/1400-kcal-Vegetarian-Thyroid-Friendly-Weight-Loss-Option-25.pdf
Thyroid-Friendly Weight Loss,1400,Vegetarian,26,1386,48,37,05-Thyroid-Friendly-Weight-Loss/1400-kcal/1400-kcal-Vegetarian-Thyroid-Friendly-Weight-Loss-Option-26.pdf
Thyroid-Friendly Weight Loss,1400,Vegetarian,27,1403,50,45,05-Thyroid-Friendly-Weight-Loss/1400-kcal/1400-kcal-Vegetarian-Thyroid-Friendly-Weight-Loss-Option-27.pdf
Thyroid-Friendly Weight Loss,1400,Vegetarian,28,1399,53,47,05-Thyroid-Friendly-Weight-Loss/1400-kcal/1400-kcal-Vegetarian-Thyroid-Friendly-Weight-Loss-Option-28.pdf
Thyroid-Friendly Weight Loss,1400,Vegetarian,29,1407,52,45,05-Thyroid-Friendly-Weight-Loss/1400-kcal/1400-kcal-Vegetarian-Thyroid-Friendly-Weight-Loss-Option-29.pdf
Thyroid-Friendly Weight Loss,1400,Vegetarian,30,1400,53,47,05-Thyroid-Friendly-Weight-Loss/1400-kcal/1400-kcal-Vegetarian-Thyroid-Friendly-Weight-Loss-Option-30.pdf
Thyroid-Friendly Weight Loss,1400,Vegan,1,1381,50,44,05-Thyroid-Friendly-Weight-Loss/1400-kcal/1400-kcal-Vegan-Thyroid-Friendly-Weight-Loss-Option-01.pdf
Thyroid-Friendly Weight Loss,1400,Vegan,2,1393,50,42,05-Thyroid-Friendly-Weight-Loss/1400-kcal/1400-kcal-Vegan-Thyroid-Friendly-Weight-Loss-Option-02.pdf
Thyroid-Friendly Weight Loss,1400,Vegan,3,1394,52,46,05-Thyroid-Friendly-Weight-Loss/1400-kcal/1400-kcal-Vegan-Thyroid-Friendly-Weight-Loss-Option-03.pdf
Thyroid-Friendly Weight Loss,1400,Vegan,4,1394,48,40,05-Thyroid-Friendly-Weight-Loss/1400-kcal/1400-kcal-Vegan-Thyroid-Friendly-Weight-Loss-Option-04.pdf
Thyroid-Friendly Weight Loss,1400,Vegan,5,1394,51,43,05-Thyroid-Friendly-Weight-Loss/1400-kcal/1400-kcal-Vegan-Thyroid-Friendly-Weight-Loss-Option-05.pdf
Thyroid-Friendly Weight Loss,1400,Vegan,6,1393,47,43,05-Thyroid-Friendly-Weight-Loss/1400-kcal/1400-kcal-Vegan-Thyroid-Friendly-Weight-Loss-Option-06.pdf
Thyroid-Friendly Weight Loss,1400,Vegan,7,1394,49,44,05-Thyroid-Friendly-Weight-Loss/1400-kcal/1400-kcal-Vegan-Thyroid-Friendly-Weight-Loss-Option-07.pdf
Thyroid-Friendly Weight Loss,1400,Vegan,8,1398,50,38,05-Thyroid-Friendly-Weight-Loss/1400-kcal/1400-kcal-Vegan-Thyroid-Friendly-Weight-Loss-Option-08.pdf
Thyroid-Friendly Weight Loss,1400,Vegan,9,1386,48,45,05-Thyroid-Friendly-Weight-Loss/1400-kcal/1400-kcal-Vegan-Thyroid-Friendly-Weight-Loss-Option-09.pdf
Thyroid-Friendly Weight Loss,1400,Vegan,10,1395,49,43,05-Thyroid-Friendly-Weight-Loss/1400-kcal/1400-kcal-Vegan-Thyroid-Friendly-Weight-Loss-Option-10.pdf
Thyroid-Friendly Weight Loss,1400,Vegan,11,1394,50,41,05-Thyroid-Friendly-Weight-Loss/1400-kcal/1400-kcal-Vegan-Thyroid-Friendly-Weight-Loss-Option-11.pdf
Thyroid-Friendly Weight Loss,1400,Vegan,12,1397,48,44,05-Thyroid-Friendly-Weight-Loss/1400-kcal/1400-kcal-Vegan-Thyroid-Friendly-Weight-Loss-Option-12.pdf
Thyroid-Friendly Weight Loss,1400,Vegan,13,1406,51,42,05-Thyroid-Friendly-Weight-Loss/1400-kcal/1400-kcal-Vegan-Thyroid-Friendly-Weight-Loss-Option-13.pdf
Thyroid-Friendly Weight Loss,1400,Vegan,14,1385,50,47,05-Thyroid-Friendly-Weight-Loss/1400-kcal/1400-kcal-Vegan-Thyroid-Friendly-Weight-Loss-Option-14.pdf
Thyroid-Friendly Weight Loss,1400,Vegan,15,1389,48,43,05-Thyroid-Friendly-Weight-Loss/1400-kcal/1400-kcal-Vegan-Thyroid-Friendly-Weight-Loss-Option-15.pdf
Thyroid-Friendly Weight Loss,1400,Vegan,16,1404,49,43,05-Thyroid-Friendly-Weight-Loss/1400-kcal/1400-kcal-Vegan-Thyroid-Friendly-Weight-Loss-Option-16.pdf
Thyroid-Friendly Weight Loss,1400,Vegan,17,1390,50,43,05-Thyroid-Friendly-Weight-Loss/1400-kcal/1400-kcal-Vegan-Thyroid-Friendly-Weight-Loss-Option-17.pdf
Thyroid-Friendly Weight Loss,1400,Vegan,18,1391,49,44,05-Thyroid-Friendly-Weight-Loss/1400-kcal/1400-kcal-Vegan-Thyroid-Friendly-Weight-Loss-Option-18.pdf
Thyroid-Friendly Weight Loss,1400,Vegan,19,1398,53,46,05-Thyroid-Friendly-Weight-Loss/1400-kcal/1400-kcal-Vegan-Thyroid-Friendly-Weight-Loss-Option-19.pdf
Thyroid-Friendly Weight Loss,1400,Vegan,20,1397,47,42,05-Thyroid-Friendly-Weight-Loss/1400-kcal/1400-kcal-Vegan-Thyroid-Friendly-Weight-Loss-Option-20.pdf
Thyroid-Friendly Weight Loss,1400,Vegan,21,1385,49,40,05-Thyroid-Friendly-Weight-Loss/1400-kcal/1400-kcal-Vegan-Thyroid-Friendly-Weight-Loss-Option-21.pdf
Thyroid-Friendly Weight Loss,1400,Vegan,22,1403,52,48,05-Thyroid-Friendly-Weight-Loss/1400-kcal/1400-kcal-Vegan-Thyroid-Friendly-Weight-Loss-Option-22.pdf
Thyroid-Friendly Weight Loss,1400,Vegan,23,1403,51,43,05-Thyroid-Friendly-Weight-Loss/1400-kcal/1400-kcal-Vegan-Thyroid-Friendly-Weight-Loss-Option-23.pdf
Thyroid-Friendly Weight Loss,1400,Vegan,24,1399,50,46,05-Thyroid-Friendly-Weight-Loss/1400-kcal/1400-kcal-Vegan-Thyroid-Friendly-Weight-Loss-Option-24.pdf
Thyroid-Friendly Weight Loss,1400,Vegan,25,1395,50,43,05-Thyroid-Friendly-Weight-Loss/1400-kcal/1400-kcal-Vegan-Thyroid-Friendly-Weight-Loss-Option-25.pdf
Thyroid-Friendly Weight Loss,1400,Vegan,26,1390,53,45,05-Thyroid-Friendly-Weight-Loss/1400-kcal/1400-kcal-Vegan-Thyroid-Friendly-Weight-Loss-Option-26.pdf
Thyroid-Friendly Weight Loss,1400,Vegan,27,1404,47,43,05-Thyroid-Friendly-Weight-Loss/1400-kcal/1400-kcal-Vegan-Thyroid-Friendly-Weight-Loss-Option-27.pdf
Thyroid-Friendly Weight Loss,1400,Vegan,28,1396,53,40,05-Thyroid-Friendly-Weight-Loss/1400-kcal/1400-kcal-Vegan-Thyroid-Friendly-Weight-Loss-Option-28.pdf
Thyroid-Friendly Weight Loss,1400,Vegan,29,1394,47,42,05-Thyroid-Friendly-Weight-Loss/1400-kcal/1400-kcal-Vegan-Thyroid-Friendly-Weight-Loss-Option-29.pdf
Thyroid-Friendly Weight Loss,1400,Vegan,30,1401,51,44,05-Thyroid-Friendly-Weight-Loss/1400-kcal/1400-kcal-Vegan-Thyroid-Friendly-Weight-Loss-Option-30.pdf
Thyroid-Friendly Weight Loss,1400,Eggetarian,1,1412,59,47,05-Thyroid-Friendly-Weight-Loss/1400-kcal/1400-kcal-Eggetarian-Thyroid-Friendly-Weight-Loss-Option-01.pdf
Thyroid-Friendly Weight Loss,1400,Eggetarian,2,1406,57,51,05-Thyroid-Friendly-Weight-Loss/1400-kcal/1400-kcal-Eggetarian-Thyroid-Friendly-Weight-Loss-Option-02.pdf
Thyroid-Friendly Weight Loss,1400,Eggetarian,3,1385,58,48,05-Thyroid-Friendly-Weight-Loss/1400-kcal/1400-kcal-Eggetarian-Thyroid-Friendly-Weight-Loss-Option-03.pdf
Thyroid-Friendly Weight Loss,1400,Eggetarian,4,1401,59,45,05-Thyroid-Friendly-Weight-Loss/1400-kcal/1400-kcal-Eggetarian-Thyroid-Friendly-Weight-Loss-Option-04.pdf
Thyroid-Friendly Weight Loss,1400,Eggetarian,5,1397,59,44,05-Thyroid-Friendly-Weight-Loss/1400-kcal/1400-kcal-Eggetarian-Thyroid-Friendly-Weight-Loss-Option-05.pdf
Thyroid-Friendly Weight Loss,1400,Eggetarian,6,1414,57,41,05-Thyroid-Friendly-Weight-Loss/1400-kcal/1400-kcal-Eggetarian-Thyroid-Friendly-Weight-Loss-Option-06.pdf
Thyroid-Friendly Weight Loss,1400,Eggetarian,7,1388,56,47,05-Thyroid-Friendly-Weight-Loss/1400-kcal/1400-kcal-Eggetarian-Thyroid-Friendly-Weight-Loss-Option-07.pdf
Thyroid-Friendly Weight Loss,1400,Eggetarian,8,1404,60,46,05-Thyroid-Friendly-Weight-Loss/1400-kcal/1400-kcal-Eggetarian-Thyroid-Friendly-Weight-Loss-Option-08.pdf
Thyroid-Friendly Weight Loss,1400,Eggetarian,9,1399,60,43,05-Thyroid-Friendly-Weight-Loss/1400-kcal/1400-kcal-Eggetarian-Thyroid-Friendly-Weight-Loss-Option-09.pdf
Thyroid-Friendly Weight Loss,1400,Eggetarian,10,1402,57,43,05-Thyroid-Friendly-Weight-Loss/1400-kcal/1400-kcal-Eggetarian-Thyroid-Friendly-Weight-Loss-Option-10.pdf
Thyroid-Friendly Weight Loss,1400,Eggetarian,11,1405,58,50,05-Thyroid-Friendly-Weight-Loss/1400-kcal/1400-kcal-Eggetarian-Thyroid-Friendly-Weight-Loss-Option-11.pdf
Thyroid-Friendly Weight Loss,1400,Eggetarian,12,1398,57,50,05-Thyroid-Friendly-Weight-Loss/1400-kcal/1400-kcal-Eggetarian-Thyroid-Friendly-Weight-Loss-Option-12.pdf
Thyroid-Friendly Weight Loss,1400,Eggetarian,13,1403,57,47,05-Thyroid-Friendly-Weight-Loss/1400-kcal/1400-kcal-Eggetarian-Thyroid-Friendly-Weight-Loss-Option-13.pdf
Thyroid-Friendly Weight Loss,1400,Eggetarian,14,1392,59,46,05-Thyroid-Friendly-Weight-Loss/1400-kcal/1400-kcal-Eggetarian-Thyroid-Friendly-Weight-Loss-Option-14.pdf
Thyroid-Friendly Weight Loss,1400,Eggetarian,15,1396,59,45,05-Thyroid-Friendly-Weight-Loss/1400-kcal/1400-kcal-Eggetarian-Thyroid-Friendly-Weight-Loss-Option-15.pdf
Thyroid-Friendly Weight Loss,1400,Eggetarian,16,1404,57,48,05-Thyroid-Friendly-Weight-Loss/1400-kcal/1400-kcal-Eggetarian-Thyroid-Friendly-Weight-Loss-Option-16.pdf
Thyroid-Friendly Weight Loss,1400,Eggetarian,17,1396,57,51,05-Thyroid-Friendly-Weight-Loss/1400-kcal/1400-kcal-Eggetarian-Thyroid-Friendly-Weight-Loss-Option-17.pdf
Thyroid-Friendly Weight Loss,1400,Eggetarian,18,1405,60,48,05-Thyroid-Friendly-Weight-Loss/1400-kcal/1400-kcal-Eggetarian-Thyroid-Friendly-Weight-Loss-Option-18.pdf
Thyroid-Friendly Weight Loss,1400,Eggetarian,19,1412,57,49,05-Thyroid-Friendly-Weight-Loss/1400-kcal/1400-kcal-Eggetarian-Thyroid-Friendly-Weight-Loss-Option-19.pdf
Thyroid-Friendly Weight Loss,1400,Eggetarian,20,1403,57,48,05-Thyroid-Friendly-Weight-Loss/1400-kcal/1400-kcal-Eggetarian-Thyroid-Friendly-Weight-Loss-Option-20.pdf
Thyroid-Friendly Weight Loss,1400,Eggetarian,21,1404,57,45,05-Thyroid-Friendly-Weight-Loss/1400-kcal/1400-kcal-Eggetarian-Thyroid-Friendly-Weight-Loss-Option-21.pdf
Thyroid-Friendly Weight Loss,1400,Eggetarian,22,1404,62,43,05-Thyroid-Friendly-Weight-Loss/1400-kcal/1400-kcal-Eggetarian-Thyroid-Friendly-Weight-Loss-Option-22.pdf
Thyroid-Friendly Weight Loss,1400,Eggetarian,23,1394,62,46,05-Thyroid-Friendly-Weight-Loss/1400-kcal/1400-kcal-Eggetarian-Thyroid-Friendly-Weight-Loss-Option-23.pdf
Thyroid-Friendly Weight Loss,1400,Eggetarian,24,1394,57,47,05-Thyroid-Friendly-Weight-Loss/1400-kcal/1400-kcal-Eggetarian-Thyroid-Friendly-Weight-Loss-Option-24.pdf
Thyroid-Friendly Weight Loss,1400,Eggetarian,25,1412,62,44,05-Thyroid-Friendly-Weight-Loss/1400-kcal/1400-kcal-Eggetarian-Thyroid-Friendly-Weight-Loss-Option-25.pdf
Thyroid-Friendly Weight Loss,1400,Eggetarian,26,1407,59,48,05-Thyroid-Friendly-Weight-Loss/1400-kcal/1400-kcal-Eggetarian-Thyroid-Friendly-Weight-Loss-Option-26.pdf
Thyroid-Friendly Weight Loss,1400,Eggetarian,27,1397,58,46,05-Thyroid-Friendly-Weight-Loss/1400-kcal/1400-kcal-Eggetarian-Thyroid-Friendly-Weight-Loss-Option-27.pdf
Thyroid-Friendly Weight Loss,1400,Eggetarian,28,1410,59,48,05-Thyroid-Friendly-Weight-Loss/1400-kcal/1400-kcal-Eggetarian-Thyroid-Friendly-Weight-Loss-Option-28.pdf
Thyroid-Friendly Weight Loss,1400,Eggetarian,29,1410,59,45,05-Thyroid-Friendly-Weight-Loss/1400-kcal/1400-kcal-Eggetarian-Thyroid-Friendly-Weight-Loss-Option-29.pdf
Thyroid-Friendly Weight Loss,1400,Eggetarian,30,1384,58,49,05-Thyroid-Friendly-Weight-Loss/1400-kcal/1400-kcal-Eggetarian-Thyroid-Friendly-Weight-Loss-Option-30.pdf
Thyroid-Friendly Weight Loss,1400,Non-Vegetarian,1,1400,66,57,05-Thyroid-Friendly-Weight-Loss/1400-kcal/1400-kcal-Non-Vegetarian-Thyroid-Friendly-Weight-Loss-Option-01.pdf
Thyroid-Friendly Weight Loss,1400,Non-Vegetarian,2,1402,66,53,05-Thyroid-Friendly-Weight-Loss/1400-kcal/1400-kcal-Non-Vegetarian-Thyroid-Friendly-Weight-Loss-Option-02.pdf
Thyroid-Friendly Weight Loss,1400,Non-Vegetarian,3,1395,65,47,05-Thyroid-Friendly-Weight-Loss/1400-kcal/1400-kcal-Non-Vegetarian-Thyroid-Friendly-Weight-Loss-Option-03.pdf
Thyroid-Friendly Weight Loss,1400,Non-Vegetarian,4,1408,67,55,05-Thyroid-Friendly-Weight-Loss/1400-kcal/1400-kcal-Non-Vegetarian-Thyroid-Friendly-Weight-Loss-Option-04.pdf
Thyroid-Friendly Weight Loss,1400,Non-Vegetarian,5,1392,68,61,05-Thyroid-Friendly-Weight-Loss/1400-kcal/1400-kcal-Non-Vegetarian-Thyroid-Friendly-Weight-Loss-Option-05.pdf
Thyroid-Friendly Weight Loss,1400,Non-Vegetarian,6,1400,69,45,05-Thyroid-Friendly-Weight-Loss/1400-kcal/1400-kcal-Non-Vegetarian-Thyroid-Friendly-Weight-Loss-Option-06.pdf
Thyroid-Friendly Weight Loss,1400,Non-Vegetarian,7,1408,69,49,05-Thyroid-Friendly-Weight-Loss/1400-kcal/1400-kcal-Non-Vegetarian-Thyroid-Friendly-Weight-Loss-Option-07.pdf
Thyroid-Friendly Weight Loss,1400,Non-Vegetarian,8,1394,63,57,05-Thyroid-Friendly-Weight-Loss/1400-kcal/1400-kcal-Non-Vegetarian-Thyroid-Friendly-Weight-Loss-Option-08.pdf
Thyroid-Friendly Weight Loss,1400,Non-Vegetarian,9,1392,70,61,05-Thyroid-Friendly-Weight-Loss/1400-kcal/1400-kcal-Non-Vegetarian-Thyroid-Friendly-Weight-Loss-Option-09.pdf
Thyroid-Friendly Weight Loss,1400,Non-Vegetarian,10,1390,67,56,05-Thyroid-Friendly-Weight-Loss/1400-kcal/1400-kcal-Non-Vegetarian-Thyroid-Friendly-Weight-Loss-Option-10.pdf
Thyroid-Friendly Weight Loss,1400,Non-Vegetarian,11,1399,69,59,05-Thyroid-Friendly-Weight-Loss/1400-kcal/1400-kcal-Non-Vegetarian-Thyroid-Friendly-Weight-Loss-Option-11.pdf
Thyroid-Friendly Weight Loss,1400,Non-Vegetarian,12,1401,62,56,05-Thyroid-Friendly-Weight-Loss/1400-kcal/1400-kcal-Non-Vegetarian-Thyroid-Friendly-Weight-Loss-Option-12.pdf
Thyroid-Friendly Weight Loss,1400,Non-Vegetarian,13,1395,68,53,05-Thyroid-Friendly-Weight-Loss/1400-kcal/1400-kcal-Non-Vegetarian-Thyroid-Friendly-Weight-Loss-Option-13.pdf
Thyroid-Friendly Weight Loss,1400,Non-Vegetarian,14,1404,70,54,05-Thyroid-Friendly-Weight-Loss/1400-kcal/1400-kcal-Non-Vegetarian-Thyroid-Friendly-Weight-Loss-Option-14.pdf
Thyroid-Friendly Weight Loss,1400,Non-Vegetarian,15,1410,64,54,05-Thyroid-Friendly-Weight-Loss/1400-kcal/1400-kcal-Non-Vegetarian-Thyroid-Friendly-Weight-Loss-Option-15.pdf
Thyroid-Friendly Weight Loss,1400,Non-Vegetarian,16,1395,65,59,05-Thyroid-Friendly-Weight-Loss/1400-kcal/1400-kcal-Non-Vegetarian-Thyroid-Friendly-Weight-Loss-Option-16.pdf
Thyroid-Friendly Weight Loss,1400,Non-Vegetarian,17,1404,63,51,05-Thyroid-Friendly-Weight-Loss/1400-kcal/1400-kcal-Non-Vegetarian-Thyroid-Friendly-Weight-Loss-Option-17.pdf
Thyroid-Friendly Weight Loss,1400,Non-Vegetarian,18,1406,66,55,05-Thyroid-Friendly-Weight-Loss/1400-kcal/1400-kcal-Non-Vegetarian-Thyroid-Friendly-Weight-Loss-Option-18.pdf
Thyroid-Friendly Weight Loss,1400,Non-Vegetarian,19,1404,70,53,05-Thyroid-Friendly-Weight-Loss/1400-kcal/1400-kcal-Non-Vegetarian-Thyroid-Friendly-Weight-Loss-Option-19.pdf
Thyroid-Friendly Weight Loss,1400,Non-Vegetarian,20,1395,67,60,05-Thyroid-Friendly-Weight-Loss/1400-kcal/1400-kcal-Non-Vegetarian-Thyroid-Friendly-Weight-Loss-Option-20.pdf
Thyroid-Friendly Weight Loss,1400,Non-Vegetarian,21,1400,66,53,05-Thyroid-Friendly-Weight-Loss/1400-kcal/1400-kcal-Non-Vegetarian-Thyroid-Friendly-Weight-Loss-Option-21.pdf
Thyroid-Friendly Weight Loss,1400,Non-Vegetarian,22,1396,70,62,05-Thyroid-Friendly-Weight-Loss/1400-kcal/1400-kcal-Non-Vegetarian-Thyroid-Friendly-Weight-Loss-Option-22.pdf
Thyroid-Friendly Weight Loss,1400,Non-Vegetarian,23,1399,72,61,05-Thyroid-Friendly-Weight-Loss/1400-kcal/1400-kcal-Non-Vegetarian-Thyroid-Friendly-Weight-Loss-Option-23.pdf
Thyroid-Friendly Weight Loss,1400,Non-Vegetarian,24,1394,67,54,05-Thyroid-Friendly-Weight-Loss/1400-kcal/1400-kcal-Non-Vegetarian-Thyroid-Friendly-Weight-Loss-Option-24.pdf
Thyroid-Friendly Weight Loss,1400,Non-Vegetarian,25,1407,67,60,05-Thyroid-Friendly-Weight-Loss/1400-kcal/1400-kcal-Non-Vegetarian-Thyroid-Friendly-Weight-Loss-Option-25.pdf
Thyroid-Friendly Weight Loss,1400,Non-Vegetarian,26,1398,71,58,05-Thyroid-Friendly-Weight-Loss/1400-kcal/1400-kcal-Non-Vegetarian-Thyroid-Friendly-Weight-Loss-Option-26.pdf
Thyroid-Friendly Weight Loss,1400,Non-Vegetarian,27,1403,73,58,05-Thyroid-Friendly-Weight-Loss/1400-kcal/1400-kcal-Non-Vegetarian-Thyroid-Friendly-Weight-Loss-Option-27.pdf
Thyroid-Friendly Weight Loss,1400,Non-Vegetarian,28,1394,64,48,05-Thyroid-Friendly-Weight-Loss/1400-kcal/1400-kcal-Non-Vegetarian-Thyroid-Friendly-Weight-Loss-Option-28.pdf
Thyroid-Friendly Weight Loss,1400,Non-Vegetarian,29,1397,69,55,05-Thyroid-Friendly-Weight-Loss/1400-kcal/1400-kcal-Non-Vegetarian-Thyroid-Friendly-Weight-Loss-Option-29.pdf
Thyroid-Friendly Weight Loss,1400,Non-Vegetarian,30,1414,68,57,05-Thyroid-Friendly-Weight-Loss/1400-kcal/1400-kcal-Non-Vegetarian-Thyroid-Friendly-Weight-Loss-Option-30.pdf
Thyroid-Friendly Weight Loss,1500,Vegetarian,1,1505,54,49,05-Thyroid-Friendly-Weight-Loss/1500-kcal/1500-kcal-Vegetarian-Thyroid-Friendly-Weight-Loss-Option-01.pdf
Thyroid-Friendly Weight Loss,1500,Vegetarian,2,1490,54,50,05-Thyroid-Friendly-Weight-Loss/1500-kcal/1500-kcal-Vegetarian-Thyroid-Friendly-Weight-Loss-Option-02.pdf
Thyroid-Friendly Weight Loss,1500,Vegetarian,3,1501,55,50,05-Thyroid-Friendly-Weight-Loss/1500-kcal/1500-kcal-Vegetarian-Thyroid-Friendly-Weight-Loss-Option-03.pdf
Thyroid-Friendly Weight Loss,1500,Vegetarian,4,1521,55,50,05-Thyroid-Friendly-Weight-Loss/1500-kcal/1500-kcal-Vegetarian-Thyroid-Friendly-Weight-Loss-Option-04.pdf
Thyroid-Friendly Weight Loss,1500,Vegetarian,5,1497,53,43,05-Thyroid-Friendly-Weight-Loss/1500-kcal/1500-kcal-Vegetarian-Thyroid-Friendly-Weight-Loss-Option-05.pdf
Thyroid-Friendly Weight Loss,1500,Vegetarian,6,1491,55,45,05-Thyroid-Friendly-Weight-Loss/1500-kcal/1500-kcal-Vegetarian-Thyroid-Friendly-Weight-Loss-Option-06.pdf
Thyroid-Friendly Weight Loss,1500,Vegetarian,7,1492,56,49,05-Thyroid-Friendly-Weight-Loss/1500-kcal/1500-kcal-Vegetarian-Thyroid-Friendly-Weight-Loss-Option-07.pdf
Thyroid-Friendly Weight Loss,1500,Vegetarian,8,1495,57,52,05-Thyroid-Friendly-Weight-Loss/1500-kcal/1500-kcal-Vegetarian-Thyroid-Friendly-Weight-Loss-Option-08.pdf
Thyroid-Friendly Weight Loss,1500,Vegetarian,9,1498,57,47,05-Thyroid-Friendly-Weight-Loss/1500-kcal/1500-kcal-Vegetarian-Thyroid-Friendly-Weight-Loss-Option-09.pdf
Thyroid-Friendly Weight Loss,1500,Vegetarian,10,1508,57,46,05-Thyroid-Friendly-Weight-Loss/1500-kcal/1500-kcal-Vegetarian-Thyroid-Friendly-Weight-Loss-Option-10.pdf
Thyroid-Friendly Weight Loss,1500,Vegetarian,11,1499,55,49,05-Thyroid-Friendly-Weight-Loss/1500-kcal/1500-kcal-Vegetarian-Thyroid-Friendly-Weight-Loss-Option-11.pdf
Thyroid-Friendly Weight Loss,1500,Vegetarian,12,1500,53,46,05-Thyroid-Friendly-Weight-Loss/1500-kcal/1500-kcal-Vegetarian-Thyroid-Friendly-Weight-Loss-Option-12.pdf
Thyroid-Friendly Weight Loss,1500,Vegetarian,13,1498,53,47,05-Thyroid-Friendly-Weight-Loss/1500-kcal/1500-kcal-Vegetarian-Thyroid-Friendly-Weight-Loss-Option-13.pdf
Thyroid-Friendly Weight Loss,1500,Vegetarian,14,1498,59,53,05-Thyroid-Friendly-Weight-Loss/1500-kcal/1500-kcal-Vegetarian-Thyroid-Friendly-Weight-Loss-Option-14.pdf
Thyroid-Friendly Weight Loss,1500,Vegetarian,15,1493,55,46,05-Thyroid-Friendly-Weight-Loss/1500-kcal/1500-kcal-Vegetarian-Thyroid-Friendly-Weight-Loss-Option-15.pdf
Thyroid-Friendly Weight Loss,1500,Vegetarian,16,1502,55,48,05-Thyroid-Friendly-Weight-Loss/1500-kcal/1500-kcal-Vegetarian-Thyroid-Friendly-Weight-Loss-Option-16.pdf
Thyroid-Friendly Weight Loss,1500,Vegetarian,17,1514,59,54,05-Thyroid-Friendly-Weight-Loss/1500-kcal/1500-kcal-Vegetarian-Thyroid-Friendly-Weight-Loss-Option-17.pdf
Thyroid-Friendly Weight Loss,1500,Vegetarian,18,1480,54,49,05-Thyroid-Friendly-Weight-Loss/1500-kcal/1500-kcal-Vegetarian-Thyroid-Friendly-Weight-Loss-Option-18.pdf
Thyroid-Friendly Weight Loss,1500,Vegetarian,19,1497,57,51,05-Thyroid-Friendly-Weight-Loss/1500-kcal/1500-kcal-Vegetarian-Thyroid-Friendly-Weight-Loss-Option-19.pdf
Thyroid-Friendly Weight Loss,1500,Vegetarian,20,1503,55,46,05-Thyroid-Friendly-Weight-Loss/1500-kcal/1500-kcal-Vegetarian-Thyroid-Friendly-Weight-Loss-Option-20.pdf
Thyroid-Friendly Weight Loss,1500,Vegetarian,21,1504,57,53,05-Thyroid-Friendly-Weight-Loss/1500-kcal/1500-kcal-Vegetarian-Thyroid-Friendly-Weight-Loss-Option-21.pdf
Thyroid-Friendly Weight Loss,1500,Vegetarian,22,1498,55,45,05-Thyroid-Friendly-Weight-Loss/1500-kcal/1500-kcal-Vegetarian-Thyroid-Friendly-Weight-Loss-Option-22.pdf
Thyroid-Friendly Weight Loss,1500,Vegetarian,23,1496,54,45,05-Thyroid-Friendly-Weight-Loss/1500-kcal/1500-kcal-Vegetarian-Thyroid-Friendly-Weight-Loss-Option-23.pdf
Thyroid-Friendly Weight Loss,1500,Vegetarian,24,1492,56,52,05-Thyroid-Friendly-Weight-Loss/1500-kcal/1500-kcal-Vegetarian-Thyroid-Friendly-Weight-Loss-Option-24.pdf
Thyroid-Friendly Weight Loss,1500,Vegetarian,25,1505,56,49,05-Thyroid-Friendly-Weight-Loss/1500-kcal/1500-kcal-Vegetarian-Thyroid-Friendly-Weight-Loss-Option-25.pdf
Thyroid-Friendly Weight Loss,1500,Vegetarian,26,1493,57,50,05-Thyroid-Friendly-Weight-Loss/1500-kcal/1500-kcal-Vegetarian-Thyroid-Friendly-Weight-Loss-Option-26.pdf
Thyroid-Friendly Weight Loss,1500,Vegetarian,27,1492,54,46,05-Thyroid-Friendly-Weight-Loss/1500-kcal/1500-kcal-Vegetarian-Thyroid-Friendly-Weight-Loss-Option-27.pdf
Thyroid-Friendly Weight Loss,1500,Vegetarian,28,1481,54,47,05-Thyroid-Friendly-Weight-Loss/1500-kcal/1500-kcal-Vegetarian-Thyroid-Friendly-Weight-Loss-Option-28.pdf
Thyroid-Friendly Weight Loss,1500,Vegetarian,29,1509,56,48,05-Thyroid-Friendly-Weight-Loss/1500-kcal/1500-kcal-Vegetarian-Thyroid-Friendly-Weight-Loss-Option-29.pdf
Thyroid-Friendly Weight Loss,1500,Vegetarian,30,1494,58,51,05-Thyroid-Friendly-Weight-Loss/1500-kcal/1500-kcal-Vegetarian-Thyroid-Friendly-Weight-Loss-Option-30.pdf
Thyroid-Friendly Weight Loss,1500,Vegan,1,1493,54,45,05-Thyroid-Friendly-Weight-Loss/1500-kcal/1500-kcal-Vegan-Thyroid-Friendly-Weight-Loss-Option-01.pdf
Thyroid-Friendly Weight Loss,1500,Vegan,2,1502,55,48,05-Thyroid-Friendly-Weight-Loss/1500-kcal/1500-kcal-Vegan-Thyroid-Friendly-Weight-Loss-Option-02.pdf
Thyroid-Friendly Weight Loss,1500,Vegan,3,1487,53,46,05-Thyroid-Friendly-Weight-Loss/1500-kcal/1500-kcal-Vegan-Thyroid-Friendly-Weight-Loss-Option-03.pdf
Thyroid-Friendly Weight Loss,1500,Vegan,4,1499,56,51,05-Thyroid-Friendly-Weight-Loss/1500-kcal/1500-kcal-Vegan-Thyroid-Friendly-Weight-Loss-Option-04.pdf
Thyroid-Friendly Weight Loss,1500,Vegan,5,1504,55,44,05-Thyroid-Friendly-Weight-Loss/1500-kcal/1500-kcal-Vegan-Thyroid-Friendly-Weight-Loss-Option-05.pdf
Thyroid-Friendly Weight Loss,1500,Vegan,6,1492,54,48,05-Thyroid-Friendly-Weight-Loss/1500-kcal/1500-kcal-Vegan-Thyroid-Friendly-Weight-Loss-Option-06.pdf
Thyroid-Friendly Weight Loss,1500,Vegan,7,1501,53,46,05-Thyroid-Friendly-Weight-Loss/1500-kcal/1500-kcal-Vegan-Thyroid-Friendly-Weight-Loss-Option-07.pdf
Thyroid-Friendly Weight Loss,1500,Vegan,8,1497,53,49,05-Thyroid-Friendly-Weight-Loss/1500-kcal/1500-kcal-Vegan-Thyroid-Friendly-Weight-Loss-Option-08.pdf
Thyroid-Friendly Weight Loss,1500,Vegan,9,1491,48,44,05-Thyroid-Friendly-Weight-Loss/1500-kcal/1500-kcal-Vegan-Thyroid-Friendly-Weight-Loss-Option-09.pdf
Thyroid-Friendly Weight Loss,1500,Vegan,10,1495,54,49,05-Thyroid-Friendly-Weight-Loss/1500-kcal/1500-kcal-Vegan-Thyroid-Friendly-Weight-Loss-Option-10.pdf
Thyroid-Friendly Weight Loss,1500,Vegan,11,1486,52,48,05-Thyroid-Friendly-Weight-Loss/1500-kcal/1500-kcal-Vegan-Thyroid-Friendly-Weight-Loss-Option-11.pdf
Thyroid-Friendly Weight Loss,1500,Vegan,12,1496,54,48,05-Thyroid-Friendly-Weight-Loss/1500-kcal/1500-kcal-Vegan-Thyroid-Friendly-Weight-Loss-Option-12.pdf
Thyroid-Friendly Weight Loss,1500,Vegan,13,1499,50,43,05-Thyroid-Friendly-Weight-Loss/1500-kcal/1500-kcal-Vegan-Thyroid-Friendly-Weight-Loss-Option-13.pdf
Thyroid-Friendly Weight Loss,1500,Vegan,14,1490,52,45,05-Thyroid-Friendly-Weight-Loss/1500-kcal/1500-kcal-Vegan-Thyroid-Friendly-Weight-Loss-Option-14.pdf
Thyroid-Friendly Weight Loss,1500,Vegan,15,1493,49,39,05-Thyroid-Friendly-Weight-Loss/1500-kcal/1500-kcal-Vegan-Thyroid-Friendly-Weight-Loss-Option-15.pdf
Thyroid-Friendly Weight Loss,1500,Vegan,16,1487,51,44,05-Thyroid-Friendly-Weight-Loss/1500-kcal/1500-kcal-Vegan-Thyroid-Friendly-Weight-Loss-Option-16.pdf
Thyroid-Friendly Weight Loss,1500,Vegan,17,1495,52,42,05-Thyroid-Friendly-Weight-Loss/1500-kcal/1500-kcal-Vegan-Thyroid-Friendly-Weight-Loss-Option-17.pdf
Thyroid-Friendly Weight Loss,1500,Vegan,18,1494,55,47,05-Thyroid-Friendly-Weight-Loss/1500-kcal/1500-kcal-Vegan-Thyroid-Friendly-Weight-Loss-Option-18.pdf
Thyroid-Friendly Weight Loss,1500,Vegan,19,1486,53,49,05-Thyroid-Friendly-Weight-Loss/1500-kcal/1500-kcal-Vegan-Thyroid-Friendly-Weight-Loss-Option-19.pdf
Thyroid-Friendly Weight Loss,1500,Vegan,20,1494,53,47,05-Thyroid-Friendly-Weight-Loss/1500-kcal/1500-kcal-Vegan-Thyroid-Friendly-Weight-Loss-Option-20.pdf
Thyroid-Friendly Weight Loss,1500,Vegan,21,1498,56,49,05-Thyroid-Friendly-Weight-Loss/1500-kcal/1500-kcal-Vegan-Thyroid-Friendly-Weight-Loss-Option-21.pdf
Thyroid-Friendly Weight Loss,1500,Vegan,22,1500,50,46,05-Thyroid-Friendly-Weight-Loss/1500-kcal/1500-kcal-Vegan-Thyroid-Friendly-Weight-Loss-Option-22.pdf
Thyroid-Friendly Weight Loss,1500,Vegan,23,1485,55,45,05-Thyroid-Friendly-Weight-Loss/1500-kcal/1500-kcal-Vegan-Thyroid-Friendly-Weight-Loss-Option-23.pdf
Thyroid-Friendly Weight Loss,1500,Vegan,24,1483,51,45,05-Thyroid-Friendly-Weight-Loss/1500-kcal/1500-kcal-Vegan-Thyroid-Friendly-Weight-Loss-Option-24.pdf
Thyroid-Friendly Weight Loss,1500,Vegan,25,1489,55,51,05-Thyroid-Friendly-Weight-Loss/1500-kcal/1500-kcal-Vegan-Thyroid-Friendly-Weight-Loss-Option-25.pdf
Thyroid-Friendly Weight Loss,1500,Vegan,26,1509,53,44,05-Thyroid-Friendly-Weight-Loss/1500-kcal/1500-kcal-Vegan-Thyroid-Friendly-Weight-Loss-Option-26.pdf
Thyroid-Friendly Weight Loss,1500,Vegan,27,1507,51,42,05-Thyroid-Friendly-Weight-Loss/1500-kcal/1500-kcal-Vegan-Thyroid-Friendly-Weight-Loss-Option-27.pdf
Thyroid-Friendly Weight Loss,1500,Vegan,28,1483,51,46,05-Thyroid-Friendly-Weight-Loss/1500-kcal/1500-kcal-Vegan-Thyroid-Friendly-Weight-Loss-Option-28.pdf
Thyroid-Friendly Weight Loss,1500,Vegan,29,1498,52,47,05-Thyroid-Friendly-Weight-Loss/1500-kcal/1500-kcal-Vegan-Thyroid-Friendly-Weight-Loss-Option-29.pdf
Thyroid-Friendly Weight Loss,1500,Vegan,30,1492,55,48,05-Thyroid-Friendly-Weight-Loss/1500-kcal/1500-kcal-Vegan-Thyroid-Friendly-Weight-Loss-Option-30.pdf
Thyroid-Friendly Weight Loss,1500,Eggetarian,1,1504,64,50,05-Thyroid-Friendly-Weight-Loss/1500-kcal/1500-kcal-Eggetarian-Thyroid-Friendly-Weight-Loss-Option-01.pdf
Thyroid-Friendly Weight Loss,1500,Eggetarian,2,1491,67,53,05-Thyroid-Friendly-Weight-Loss/1500-kcal/1500-kcal-Eggetarian-Thyroid-Friendly-Weight-Loss-Option-02.pdf
Thyroid-Friendly Weight Loss,1500,Eggetarian,3,1494,58,52,05-Thyroid-Friendly-Weight-Loss/1500-kcal/1500-kcal-Eggetarian-Thyroid-Friendly-Weight-Loss-Option-03.pdf
Thyroid-Friendly Weight Loss,1500,Eggetarian,4,1497,63,52,05-Thyroid-Friendly-Weight-Loss/1500-kcal/1500-kcal-Eggetarian-Thyroid-Friendly-Weight-Loss-Option-04.pdf
Thyroid-Friendly Weight Loss,1500,Eggetarian,5,1509,64,50,05-Thyroid-Friendly-Weight-Loss/1500-kcal/1500-kcal-Eggetarian-Thyroid-Friendly-Weight-Loss-Option-05.pdf
Thyroid-Friendly Weight Loss,1500,Eggetarian,6,1494,64,54,05-Thyroid-Friendly-Weight-Loss/1500-kcal/1500-kcal-Eggetarian-Thyroid-Friendly-Weight-Loss-Option-06.pdf
Thyroid-Friendly Weight Loss,1500,Eggetarian,7,1493,61,53,05-Thyroid-Friendly-Weight-Loss/1500-kcal/1500-kcal-Eggetarian-Thyroid-Friendly-Weight-Loss-Option-07.pdf
Thyroid-Friendly Weight Loss,1500,Eggetarian,8,1488,62,47,05-Thyroid-Friendly-Weight-Loss/1500-kcal/1500-kcal-Eggetarian-Thyroid-Friendly-Weight-Loss-Option-08.pdf
Thyroid-Friendly Weight Loss,1500,Eggetarian,9,1510,63,49,05-Thyroid-Friendly-Weight-Loss/1500-kcal/1500-kcal-Eggetarian-Thyroid-Friendly-Weight-Loss-Option-09.pdf
Thyroid-Friendly Weight Loss,1500,Eggetarian,10,1493,60,48,05-Thyroid-Friendly-Weight-Loss/1500-kcal/1500-kcal-Eggetarian-Thyroid-Friendly-Weight-Loss-Option-10.pdf
Thyroid-Friendly Weight Loss,1500,Eggetarian,11,1494,61,51,05-Thyroid-Friendly-Weight-Loss/1500-kcal/1500-kcal-Eggetarian-Thyroid-Friendly-Weight-Loss-Option-11.pdf
Thyroid-Friendly Weight Loss,1500,Eggetarian,12,1505,65,46,05-Thyroid-Friendly-Weight-Loss/1500-kcal/1500-kcal-Eggetarian-Thyroid-Friendly-Weight-Loss-Option-12.pdf
Thyroid-Friendly Weight Loss,1500,Eggetarian,13,1492,61,50,05-Thyroid-Friendly-Weight-Loss/1500-kcal/1500-kcal-Eggetarian-Thyroid-Friendly-Weight-Loss-Option-13.pdf
Thyroid-Friendly Weight Loss,1500,Eggetarian,14,1502,62,50,05-Thyroid-Friendly-Weight-Loss/1500-kcal/1500-kcal-Eggetarian-Thyroid-Friendly-Weight-Loss-Option-14.pdf
Thyroid-Friendly Weight Loss,1500,Eggetarian,15,1494,61,49,05-Thyroid-Friendly-Weight-Loss/1500-kcal/1500-kcal-Eggetarian-Thyroid-Friendly-Weight-Loss-Option-15.pdf
Thyroid-Friendly Weight Loss,1500,Eggetarian,16,1498,58,47,05-Thyroid-Friendly-Weight-Loss/1500-kcal/1500-kcal-Eggetarian-Thyroid-Friendly-Weight-Loss-Option-16.pdf
Thyroid-Friendly Weight Loss,1500,Eggetarian,17,1485,60,48,05-Thyroid-Friendly-Weight-Loss/1500-kcal/1500-kcal-Eggetarian-Thyroid-Friendly-Weight-Loss-Option-17.pdf
Thyroid-Friendly Weight Loss,1500,Eggetarian,18,1504,64,45,05-Thyroid-Friendly-Weight-Loss/1500-kcal/1500-kcal-Eggetarian-Thyroid-Friendly-Weight-Loss-Option-18.pdf
Thyroid-Friendly Weight Loss,1500,Eggetarian,19,1493,67,50,05-Thyroid-Friendly-Weight-Loss/1500-kcal/1500-kcal-Eggetarian-Thyroid-Friendly-Weight-Loss-Option-19.pdf
Thyroid-Friendly Weight Loss,1500,Eggetarian,20,1501,65,49,05-Thyroid-Friendly-Weight-Loss/1500-kcal/1500-kcal-Eggetarian-Thyroid-Friendly-Weight-Loss-Option-20.pdf
Thyroid-Friendly Weight Loss,1500,Eggetarian,21,1503,62,48,05-Thyroid-Friendly-Weight-Loss/1500-kcal/1500-kcal-Eggetarian-Thyroid-Friendly-Weight-Loss-Option-21.pdf
Thyroid-Friendly Weight Loss,1500,Eggetarian,22,1509,63,49,05-Thyroid-Friendly-Weight-Loss/1500-kcal/1500-kcal-Eggetarian-Thyroid-Friendly-Weight-Loss-Option-22.pdf
Thyroid-Friendly Weight Loss,1500,Eggetarian,23,1510,65,53,05-Thyroid-Friendly-Weight-Loss/1500-kcal/1500-kcal-Eggetarian-Thyroid-Friendly-Weight-Loss-Option-23.pdf
Thyroid-Friendly Weight Loss,1500,Eggetarian,24,1504,59,47,05-Thyroid-Friendly-Weight-Loss/1500-kcal/1500-kcal-Eggetarian-Thyroid-Friendly-Weight-Loss-Option-24.pdf
Thyroid-Friendly Weight Loss,1500,Eggetarian,25,1497,64,55,05-Thyroid-Friendly-Weight-Loss/1500-kcal/1500-kcal-Eggetarian-Thyroid-Friendly-Weight-Loss-Option-25.pdf
Thyroid-Friendly Weight Loss,1500,Eggetarian,26,1500,62,50,05-Thyroid-Friendly-Weight-Loss/1500-kcal/1500-kcal-Eggetarian-Thyroid-Friendly-Weight-Loss-Option-26.pdf
Thyroid-Friendly Weight Loss,1500,Eggetarian,27,1493,63,51,05-Thyroid-Friendly-Weight-Loss/1500-kcal/1500-kcal-Eggetarian-Thyroid-Friendly-Weight-Loss-Option-27.pdf
Thyroid-Friendly Weight Loss,1500,Eggetarian,28,1497,62,51,05-Thyroid-Friendly-Weight-Loss/1500-kcal/1500-kcal-Eggetarian-Thyroid-Friendly-Weight-Loss-Option-28.pdf
Thyroid-Friendly Weight Loss,1500,Eggetarian,29,1517,63,52,05-Thyroid-Friendly-Weight-Loss/1500-kcal/1500-kcal-Eggetarian-Thyroid-Friendly-Weight-Loss-Option-29.pdf
Thyroid-Friendly Weight Loss,1500,Eggetarian,30,1497,63,53,05-Thyroid-Friendly-Weight-Loss/1500-kcal/1500-kcal-Eggetarian-Thyroid-Friendly-Weight-Loss-Option-30.pdf
Thyroid-Friendly Weight Loss,1500,Non-Vegetarian,1,1488,75,61,05-Thyroid-Friendly-Weight-Loss/1500-kcal/1500-kcal-Non-Vegetarian-Thyroid-Friendly-Weight-Loss-Option-01.pdf
Thyroid-Friendly Weight Loss,1500,Non-Vegetarian,2,1494,74,66,05-Thyroid-Friendly-Weight-Loss/1500-kcal/1500-kcal-Non-Vegetarian-Thyroid-Friendly-Weight-Loss-Option-02.pdf
Thyroid-Friendly Weight Loss,1500,Non-Vegetarian,3,1495,70,59,05-Thyroid-Friendly-Weight-Loss/1500-kcal/1500-kcal-Non-Vegetarian-Thyroid-Friendly-Weight-Loss-Option-03.pdf
Thyroid-Friendly Weight Loss,1500,Non-Vegetarian,4,1491,70,60,05-Thyroid-Friendly-Weight-Loss/1500-kcal/1500-kcal-Non-Vegetarian-Thyroid-Friendly-Weight-Loss-Option-04.pdf
Thyroid-Friendly Weight Loss,1500,Non-Vegetarian,5,1511,78,64,05-Thyroid-Friendly-Weight-Loss/1500-kcal/1500-kcal-Non-Vegetarian-Thyroid-Friendly-Weight-Loss-Option-05.pdf
Thyroid-Friendly Weight Loss,1500,Non-Vegetarian,6,1499,77,62,05-Thyroid-Friendly-Weight-Loss/1500-kcal/1500-kcal-Non-Vegetarian-Thyroid-Friendly-Weight-Loss-Option-06.pdf
Thyroid-Friendly Weight Loss,1500,Non-Vegetarian,7,1491,68,54,05-Thyroid-Friendly-Weight-Loss/1500-kcal/1500-kcal-Non-Vegetarian-Thyroid-Friendly-Weight-Loss-Option-07.pdf
Thyroid-Friendly Weight Loss,1500,Non-Vegetarian,8,1509,73,66,05-Thyroid-Friendly-Weight-Loss/1500-kcal/1500-kcal-Non-Vegetarian-Thyroid-Friendly-Weight-Loss-Option-08.pdf
Thyroid-Friendly Weight Loss,1500,Non-Vegetarian,9,1496,75,64,05-Thyroid-Friendly-Weight-Loss/1500-kcal/1500-kcal-Non-Vegetarian-Thyroid-Friendly-Weight-Loss-Option-09.pdf
Thyroid-Friendly Weight Loss,1500,Non-Vegetarian,10,1498,67,50,05-Thyroid-Friendly-Weight-Loss/1500-kcal/1500-kcal-Non-Vegetarian-Thyroid-Friendly-Weight-Loss-Option-10.pdf
Thyroid-Friendly Weight Loss,1500,Non-Vegetarian,11,1504,72,62,05-Thyroid-Friendly-Weight-Loss/1500-kcal/1500-kcal-Non-Vegetarian-Thyroid-Friendly-Weight-Loss-Option-11.pdf
Thyroid-Friendly Weight Loss,1500,Non-Vegetarian,12,1500,71,57,05-Thyroid-Friendly-Weight-Loss/1500-kcal/1500-kcal-Non-Vegetarian-Thyroid-Friendly-Weight-Loss-Option-12.pdf
Thyroid-Friendly Weight Loss,1500,Non-Vegetarian,13,1502,70,61,05-Thyroid-Friendly-Weight-Loss/1500-kcal/1500-kcal-Non-Vegetarian-Thyroid-Friendly-Weight-Loss-Option-13.pdf
Thyroid-Friendly Weight Loss,1500,Non-Vegetarian,14,1497,73,55,05-Thyroid-Friendly-Weight-Loss/1500-kcal/1500-kcal-Non-Vegetarian-Thyroid-Friendly-Weight-Loss-Option-14.pdf
Thyroid-Friendly Weight Loss,1500,Non-Vegetarian,15,1482,69,52,05-Thyroid-Friendly-Weight-Loss/1500-kcal/1500-kcal-Non-Vegetarian-Thyroid-Friendly-Weight-Loss-Option-15.pdf
Thyroid-Friendly Weight Loss,1500,Non-Vegetarian,16,1483,75,51,05-Thyroid-Friendly-Weight-Loss/1500-kcal/1500-kcal-Non-Vegetarian-Thyroid-Friendly-Weight-Loss-Option-16.pdf
Thyroid-Friendly Weight Loss,1500,Non-Vegetarian,17,1499,72,59,05-Thyroid-Friendly-Weight-Loss/1500-kcal/1500-kcal-Non-Vegetarian-Thyroid-Friendly-Weight-Loss-Option-17.pdf
Thyroid-Friendly Weight Loss,1500,Non-Vegetarian,18,1503,75,69,05-Thyroid-Friendly-Weight-Loss/1500-kcal/1500-kcal-Non-Vegetarian-Thyroid-Friendly-Weight-Loss-Option-18.pdf
Thyroid-Friendly Weight Loss,1500,Non-Vegetarian,19,1495,78,61,05-Thyroid-Friendly-Weight-Loss/1500-kcal/1500-kcal-Non-Vegetarian-Thyroid-Friendly-Weight-Loss-Option-19.pdf
Thyroid-Friendly Weight Loss,1500,Non-Vegetarian,20,1503,72,58,05-Thyroid-Friendly-Weight-Loss/1500-kcal/1500-kcal-Non-Vegetarian-Thyroid-Friendly-Weight-Loss-Option-20.pdf
Thyroid-Friendly Weight Loss,1500,Non-Vegetarian,21,1498,75,57,05-Thyroid-Friendly-Weight-Loss/1500-kcal/1500-kcal-Non-Vegetarian-Thyroid-Friendly-Weight-Loss-Option-21.pdf
Thyroid-Friendly Weight Loss,1500,Non-Vegetarian,22,1498,72,56,05-Thyroid-Friendly-Weight-Loss/1500-kcal/1500-kcal-Non-Vegetarian-Thyroid-Friendly-Weight-Loss-Option-22.pdf
Thyroid-Friendly Weight Loss,1500,Non-Vegetarian,23,1503,74,61,05-Thyroid-Friendly-Weight-Loss/1500-kcal/1500-kcal-Non-Vegetarian-Thyroid-Friendly-Weight-Loss-Option-23.pdf
Thyroid-Friendly Weight Loss,1500,Non-Vegetarian,24,1486,69,58,05-Thyroid-Friendly-Weight-Loss/1500-kcal/1500-kcal-Non-Vegetarian-Thyroid-Friendly-Weight-Loss-Option-24.pdf
Thyroid-Friendly Weight Loss,1500,Non-Vegetarian,25,1490,67,52,05-Thyroid-Friendly-Weight-Loss/1500-kcal/1500-kcal-Non-Vegetarian-Thyroid-Friendly-Weight-Loss-Option-25.pdf
Thyroid-Friendly Weight Loss,1500,Non-Vegetarian,26,1500,72,58,05-Thyroid-Friendly-Weight-Loss/1500-kcal/1500-kcal-Non-Vegetarian-Thyroid-Friendly-Weight-Loss-Option-26.pdf
Thyroid-Friendly Weight Loss,1500,Non-Vegetarian,27,1499,76,62,05-Thyroid-Friendly-Weight-Loss/1500-kcal/1500-kcal-Non-Vegetarian-Thyroid-Friendly-Weight-Loss-Option-27.pdf
Thyroid-Friendly Weight Loss,1500,Non-Vegetarian,28,1498,75,67,05-Thyroid-Friendly-Weight-Loss/1500-kcal/1500-kcal-Non-Vegetarian-Thyroid-Friendly-Weight-Loss-Option-28.pdf
Thyroid-Friendly Weight Loss,1500,Non-Vegetarian,29,1516,73,62,05-Thyroid-Friendly-Weight-Loss/1500-kcal/1500-kcal-Non-Vegetarian-Thyroid-Friendly-Weight-Loss-Option-29.pdf
Thyroid-Friendly Weight Loss,1500,Non-Vegetarian,30,1494,74,67,05-Thyroid-Friendly-Weight-Loss/1500-kcal/1500-kcal-Non-Vegetarian-Thyroid-Friendly-Weight-Loss-Option-30.pdf
Thyroid-Friendly Weight Loss,1600,Vegetarian,1,1600,61,56,05-Thyroid-Friendly-Weight-Loss/1600-kcal/1600-kcal-Vegetarian-Thyroid-Friendly-Weight-Loss-Option-01.pdf
Thyroid-Friendly Weight Loss,1600,Vegetarian,2,1589,60,49,05-Thyroid-Friendly-Weight-Loss/1600-kcal/1600-kcal-Vegetarian-Thyroid-Friendly-Weight-Loss-Option-02.pdf
Thyroid-Friendly Weight Loss,1600,Vegetarian,3,1605,62,55,05-Thyroid-Friendly-Weight-Loss/1600-kcal/1600-kcal-Vegetarian-Thyroid-Friendly-Weight-Loss-Option-03.pdf
Thyroid-Friendly Weight Loss,1600,Vegetarian,4,1600,59,56,05-Thyroid-Friendly-Weight-Loss/1600-kcal/1600-kcal-Vegetarian-Thyroid-Friendly-Weight-Loss-Option-04.pdf
Thyroid-Friendly Weight Loss,1600,Vegetarian,5,1595,58,47,05-Thyroid-Friendly-Weight-Loss/1600-kcal/1600-kcal-Vegetarian-Thyroid-Friendly-Weight-Loss-Option-05.pdf
Thyroid-Friendly Weight Loss,1600,Vegetarian,6,1605,60,55,05-Thyroid-Friendly-Weight-Loss/1600-kcal/1600-kcal-Vegetarian-Thyroid-Friendly-Weight-Loss-Option-06.pdf
Thyroid-Friendly Weight Loss,1600,Vegetarian,7,1600,60,52,05-Thyroid-Friendly-Weight-Loss/1600-kcal/1600-kcal-Vegetarian-Thyroid-Friendly-Weight-Loss-Option-07.pdf
Thyroid-Friendly Weight Loss,1600,Vegetarian,8,1593,57,48,05-Thyroid-Friendly-Weight-Loss/1600-kcal/1600-kcal-Vegetarian-Thyroid-Friendly-Weight-Loss-Option-08.pdf
Thyroid-Friendly Weight Loss,1600,Vegetarian,9,1589,58,53,05-Thyroid-Friendly-Weight-Loss/1600-kcal/1600-kcal-Vegetarian-Thyroid-Friendly-Weight-Loss-Option-09.pdf
Thyroid-Friendly Weight Loss,1600,Vegetarian,10,1590,59,54,05-Thyroid-Friendly-Weight-Loss/1600-kcal/1600-kcal-Vegetarian-Thyroid-Friendly-Weight-Loss-Option-10.pdf
Thyroid-Friendly Weight Loss,1600,Vegetarian,11,1613,62,49,05-Thyroid-Friendly-Weight-Loss/1600-kcal/1600-kcal-Vegetarian-Thyroid-Friendly-Weight-Loss-Option-11.pdf
Thyroid-Friendly Weight Loss,1600,Vegetarian,12,1593,55,49,05-Thyroid-Friendly-Weight-Loss/1600-kcal/1600-kcal-Vegetarian-Thyroid-Friendly-Weight-Loss-Option-12.pdf
Thyroid-Friendly Weight Loss,1600,Vegetarian,13,1605,59,53,05-Thyroid-Friendly-Weight-Loss/1600-kcal/1600-kcal-Vegetarian-Thyroid-Friendly-Weight-Loss-Option-13.pdf
Thyroid-Friendly Weight Loss,1600,Vegetarian,14,1591,57,49,05-Thyroid-Friendly-Weight-Loss/1600-kcal/1600-kcal-Vegetarian-Thyroid-Friendly-Weight-Loss-Option-14.pdf
Thyroid-Friendly Weight Loss,1600,Vegetarian,15,1600,59,54,05-Thyroid-Friendly-Weight-Loss/1600-kcal/1600-kcal-Vegetarian-Thyroid-Friendly-Weight-Loss-Option-15.pdf
Thyroid-Friendly Weight Loss,1600,Vegetarian,16,1601,57,47,05-Thyroid-Friendly-Weight-Loss/1600-kcal/1600-kcal-Vegetarian-Thyroid-Friendly-Weight-Loss-Option-16.pdf
Thyroid-Friendly Weight Loss,1600,Vegetarian,17,1615,59,56,05-Thyroid-Friendly-Weight-Loss/1600-kcal/1600-kcal-Vegetarian-Thyroid-Friendly-Weight-Loss-Option-17.pdf
Thyroid-Friendly Weight Loss,1600,Vegetarian,18,1598,61,55,05-Thyroid-Friendly-Weight-Loss/1600-kcal/1600-kcal-Vegetarian-Thyroid-Friendly-Weight-Loss-Option-18.pdf
Thyroid-Friendly Weight Loss,1600,Vegetarian,19,1587,56,46,05-Thyroid-Friendly-Weight-Loss/1600-kcal/1600-kcal-Vegetarian-Thyroid-Friendly-Weight-Loss-Option-19.pdf
Thyroid-Friendly Weight Loss,1600,Vegetarian,20,1602,61,47,05-Thyroid-Friendly-Weight-Loss/1600-kcal/1600-kcal-Vegetarian-Thyroid-Friendly-Weight-Loss-Option-20.pdf
Thyroid-Friendly Weight Loss,1600,Vegetarian,21,1606,58,51,05-Thyroid-Friendly-Weight-Loss/1600-kcal/1600-kcal-Vegetarian-Thyroid-Friendly-Weight-Loss-Option-21.pdf
Thyroid-Friendly Weight Loss,1600,Vegetarian,22,1590,55,48,05-Thyroid-Friendly-Weight-Loss/1600-kcal/1600-kcal-Vegetarian-Thyroid-Friendly-Weight-Loss-Option-22.pdf
Thyroid-Friendly Weight Loss,1600,Vegetarian,23,1585,58,52,05-Thyroid-Friendly-Weight-Loss/1600-kcal/1600-kcal-Vegetarian-Thyroid-Friendly-Weight-Loss-Option-23.pdf
Thyroid-Friendly Weight Loss,1600,Vegetarian,24,1599,62,57,05-Thyroid-Friendly-Weight-Loss/1600-kcal/1600-kcal-Vegetarian-Thyroid-Friendly-Weight-Loss-Option-24.pdf
Thyroid-Friendly Weight Loss,1600,Vegetarian,25,1590,59,47,05-Thyroid-Friendly-Weight-Loss/1600-kcal/1600-kcal-Vegetarian-Thyroid-Friendly-Weight-Loss-Option-25.pdf
Thyroid-Friendly Weight Loss,1600,Vegetarian,26,1601,55,52,05-Thyroid-Friendly-Weight-Loss/1600-kcal/1600-kcal-Vegetarian-Thyroid-Friendly-Weight-Loss-Option-26.pdf
Thyroid-Friendly Weight Loss,1600,Vegetarian,27,1596,58,51,05-Thyroid-Friendly-Weight-Loss/1600-kcal/1600-kcal-Vegetarian-Thyroid-Friendly-Weight-Loss-Option-27.pdf
Thyroid-Friendly Weight Loss,1600,Vegetarian,28,1597,62,55,05-Thyroid-Friendly-Weight-Loss/1600-kcal/1600-kcal-Vegetarian-Thyroid-Friendly-Weight-Loss-Option-28.pdf
Thyroid-Friendly Weight Loss,1600,Vegetarian,29,1594,58,45,05-Thyroid-Friendly-Weight-Loss/1600-kcal/1600-kcal-Vegetarian-Thyroid-Friendly-Weight-Loss-Option-29.pdf
Thyroid-Friendly Weight Loss,1600,Vegetarian,30,1592,61,51,05-Thyroid-Friendly-Weight-Loss/1600-kcal/1600-kcal-Vegetarian-Thyroid-Friendly-Weight-Loss-Option-30.pdf
Thyroid-Friendly Weight Loss,1600,Vegan,1,1593,60,46,05-Thyroid-Friendly-Weight-Loss/1600-kcal/1600-kcal-Vegan-Thyroid-Friendly-Weight-Loss-Option-01.pdf
Thyroid-Friendly Weight Loss,1600,Vegan,2,1603,60,51,05-Thyroid-Friendly-Weight-Loss/1600-kcal/1600-kcal-Vegan-Thyroid-Friendly-Weight-Loss-Option-02.pdf
Thyroid-Friendly Weight Loss,1600,Vegan,3,1590,60,49,05-Thyroid-Friendly-Weight-Loss/1600-kcal/1600-kcal-Vegan-Thyroid-Friendly-Weight-Loss-Option-03.pdf
Thyroid-Friendly Weight Loss,1600,Vegan,4,1598,56,48,05-Thyroid-Friendly-Weight-Loss/1600-kcal/1600-kcal-Vegan-Thyroid-Friendly-Weight-Loss-Option-04.pdf
Thyroid-Friendly Weight Loss,1600,Vegan,5,1587,55,45,05-Thyroid-Friendly-Weight-Loss/1600-kcal/1600-kcal-Vegan-Thyroid-Friendly-Weight-Loss-Option-05.pdf
Thyroid-Friendly Weight Loss,1600,Vegan,6,1594,55,50,05-Thyroid-Friendly-Weight-Loss/1600-kcal/1600-kcal-Vegan-Thyroid-Friendly-Weight-Loss-Option-06.pdf
Thyroid-Friendly Weight Loss,1600,Vegan,7,1599,57,51,05-Thyroid-Friendly-Weight-Loss/1600-kcal/1600-kcal-Vegan-Thyroid-Friendly-Weight-Loss-Option-07.pdf
Thyroid-Friendly Weight Loss,1600,Vegan,8,1590,56,50,05-Thyroid-Friendly-Weight-Loss/1600-kcal/1600-kcal-Vegan-Thyroid-Friendly-Weight-Loss-Option-08.pdf
Thyroid-Friendly Weight Loss,1600,Vegan,9,1598,57,49,05-Thyroid-Friendly-Weight-Loss/1600-kcal/1600-kcal-Vegan-Thyroid-Friendly-Weight-Loss-Option-09.pdf
Thyroid-Friendly Weight Loss,1600,Vegan,10,1589,53,49,05-Thyroid-Friendly-Weight-Loss/1600-kcal/1600-kcal-Vegan-Thyroid-Friendly-Weight-Loss-Option-10.pdf
Thyroid-Friendly Weight Loss,1600,Vegan,11,1577,56,51,05-Thyroid-Friendly-Weight-Loss/1600-kcal/1600-kcal-Vegan-Thyroid-Friendly-Weight-Loss-Option-11.pdf
Thyroid-Friendly Weight Loss,1600,Vegan,12,1598,59,49,05-Thyroid-Friendly-Weight-Loss/1600-kcal/1600-kcal-Vegan-Thyroid-Friendly-Weight-Loss-Option-12.pdf
Thyroid-Friendly Weight Loss,1600,Vegan,13,1602,60,51,05-Thyroid-Friendly-Weight-Loss/1600-kcal/1600-kcal-Vegan-Thyroid-Friendly-Weight-Loss-Option-13.pdf
Thyroid-Friendly Weight Loss,1600,Vegan,14,1581,57,49,05-Thyroid-Friendly-Weight-Loss/1600-kcal/1600-kcal-Vegan-Thyroid-Friendly-Weight-Loss-Option-14.pdf
Thyroid-Friendly Weight Loss,1600,Vegan,15,1597,57,53,05-Thyroid-Friendly-Weight-Loss/1600-kcal/1600-kcal-Vegan-Thyroid-Friendly-Weight-Loss-Option-15.pdf
Thyroid-Friendly Weight Loss,1600,Vegan,16,1586,56,44,05-Thyroid-Friendly-Weight-Loss/1600-kcal/1600-kcal-Vegan-Thyroid-Friendly-Weight-Loss-Option-16.pdf
Thyroid-Friendly Weight Loss,1600,Vegan,17,1603,56,50,05-Thyroid-Friendly-Weight-Loss/1600-kcal/1600-kcal-Vegan-Thyroid-Friendly-Weight-Loss-Option-17.pdf
Thyroid-Friendly Weight Loss,1600,Vegan,18,1594,56,49,05-Thyroid-Friendly-Weight-Loss/1600-kcal/1600-kcal-Vegan-Thyroid-Friendly-Weight-Loss-Option-18.pdf
Thyroid-Friendly Weight Loss,1600,Vegan,19,1587,52,46,05-Thyroid-Friendly-Weight-Loss/1600-kcal/1600-kcal-Vegan-Thyroid-Friendly-Weight-Loss-Option-19.pdf
Thyroid-Friendly Weight Loss,1600,Vegan,20,1587,58,53,05-Thyroid-Friendly-Weight-Loss/1600-kcal/1600-kcal-Vegan-Thyroid-Friendly-Weight-Loss-Option-20.pdf
Thyroid-Friendly Weight Loss,1600,Vegan,21,1590,62,55,05-Thyroid-Friendly-Weight-Loss/1600-kcal/1600-kcal-Vegan-Thyroid-Friendly-Weight-Loss-Option-21.pdf
Thyroid-Friendly Weight Loss,1600,Vegan,22,1611,57,50,05-Thyroid-Friendly-Weight-Loss/1600-kcal/1600-kcal-Vegan-Thyroid-Friendly-Weight-Loss-Option-22.pdf
Thyroid-Friendly Weight Loss,1600,Vegan,23,1589,58,53,05-Thyroid-Friendly-Weight-Loss/1600-kcal/1600-kcal-Vegan-Thyroid-Friendly-Weight-Loss-Option-23.pdf
Thyroid-Friendly Weight Loss,1600,Vegan,24,1601,53,50,05-Thyroid-Friendly-Weight-Loss/1600-kcal/1600-kcal-Vegan-Thyroid-Friendly-Weight-Loss-Option-24.pdf
Thyroid-Friendly Weight Loss,1600,Vegan,25,1591,58,50,05-Thyroid-Friendly-Weight-Loss/1600-kcal/1600-kcal-Vegan-Thyroid-Friendly-Weight-Loss-Option-25.pdf
Thyroid-Friendly Weight Loss,1600,Vegan,26,1594,57,50,05-Thyroid-Friendly-Weight-Loss/1600-kcal/1600-kcal-Vegan-Thyroid-Friendly-Weight-Loss-Option-26.pdf
Thyroid-Friendly Weight Loss,1600,Vegan,27,1595,58,48,05-Thyroid-Friendly-Weight-Loss/1600-kcal/1600-kcal-Vegan-Thyroid-Friendly-Weight-Loss-Option-27.pdf
Thyroid-Friendly Weight Loss,1600,Vegan,28,1592,58,53,05-Thyroid-Friendly-Weight-Loss/1600-kcal/1600-kcal-Vegan-Thyroid-Friendly-Weight-Loss-Option-28.pdf
Thyroid-Friendly Weight Loss,1600,Vegan,29,1597,55,50,05-Thyroid-Friendly-Weight-Loss/1600-kcal/1600-kcal-Vegan-Thyroid-Friendly-Weight-Loss-Option-29.pdf
Thyroid-Friendly Weight Loss,1600,Vegan,30,1579,60,55,05-Thyroid-Friendly-Weight-Loss/1600-kcal/1600-kcal-Vegan-Thyroid-Friendly-Weight-Loss-Option-30.pdf
Thyroid-Friendly Weight Loss,1600,Eggetarian,1,1606,70,64,05-Thyroid-Friendly-Weight-Loss/1600-kcal/1600-kcal-Eggetarian-Thyroid-Friendly-Weight-Loss-Option-01.pdf
Thyroid-Friendly Weight Loss,1600,Eggetarian,2,1593,65,51,05-Thyroid-Friendly-Weight-Loss/1600-kcal/1600-kcal-Eggetarian-Thyroid-Friendly-Weight-Loss-Option-02.pdf
Thyroid-Friendly Weight Loss,1600,Eggetarian,3,1590,69,60,05-Thyroid-Friendly-Weight-Loss/1600-kcal/1600-kcal-Eggetarian-Thyroid-Friendly-Weight-Loss-Option-03.pdf
Thyroid-Friendly Weight Loss,1600,Eggetarian,4,1589,70,54,05-Thyroid-Friendly-Weight-Loss/1600-kcal/1600-kcal-Eggetarian-Thyroid-Friendly-Weight-Loss-Option-04.pdf
Thyroid-Friendly Weight Loss,1600,Eggetarian,5,1592,67,53,05-Thyroid-Friendly-Weight-Loss/1600-kcal/1600-kcal-Eggetarian-Thyroid-Friendly-Weight-Loss-Option-05.pdf
Thyroid-Friendly Weight Loss,1600,Eggetarian,6,1603,66,53,05-Thyroid-Friendly-Weight-Loss/1600-kcal/1600-kcal-Eggetarian-Thyroid-Friendly-Weight-Loss-Option-06.pdf
Thyroid-Friendly Weight Loss,1600,Eggetarian,7,1607,66,55,05-Thyroid-Friendly-Weight-Loss/1600-kcal/1600-kcal-Eggetarian-Thyroid-Friendly-Weight-Loss-Option-07.pdf
Thyroid-Friendly Weight Loss,1600,Eggetarian,8,1604,64,51,05-Thyroid-Friendly-Weight-Loss/1600-kcal/1600-kcal-Eggetarian-Thyroid-Friendly-Weight-Loss-Option-08.pdf
Thyroid-Friendly Weight Loss,1600,Eggetarian,9,1601,67,59,05-Thyroid-Friendly-Weight-Loss/1600-kcal/1600-kcal-Eggetarian-Thyroid-Friendly-Weight-Loss-Option-09.pdf
Thyroid-Friendly Weight Loss,1600,Eggetarian,10,1579,68,54,05-Thyroid-Friendly-Weight-Loss/1600-kcal/1600-kcal-Eggetarian-Thyroid-Friendly-Weight-Loss-Option-10.pdf
Thyroid-Friendly Weight Loss,1600,Eggetarian,11,1591,70,61,05-Thyroid-Friendly-Weight-Loss/1600-kcal/1600-kcal-Eggetarian-Thyroid-Friendly-Weight-Loss-Option-11.pdf
Thyroid-Friendly Weight Loss,1600,Eggetarian,12,1602,67,48,05-Thyroid-Friendly-Weight-Loss/1600-kcal/1600-kcal-Eggetarian-Thyroid-Friendly-Weight-Loss-Option-12.pdf
Thyroid-Friendly Weight Loss,1600,Eggetarian,13,1598,64,53,05-Thyroid-Friendly-Weight-Loss/1600-kcal/1600-kcal-Eggetarian-Thyroid-Friendly-Weight-Loss-Option-13.pdf
Thyroid-Friendly Weight Loss,1600,Eggetarian,14,1598,68,52,05-Thyroid-Friendly-Weight-Loss/1600-kcal/1600-kcal-Eggetarian-Thyroid-Friendly-Weight-Loss-Option-14.pdf
Thyroid-Friendly Weight Loss,1600,Eggetarian,15,1598,69,60,05-Thyroid-Friendly-Weight-Loss/1600-kcal/1600-kcal-Eggetarian-Thyroid-Friendly-Weight-Loss-Option-15.pdf
Thyroid-Friendly Weight Loss,1600,Eggetarian,16,1602,63,53,05-Thyroid-Friendly-Weight-Loss/1600-kcal/1600-kcal-Eggetarian-Thyroid-Friendly-Weight-Loss-Option-16.pdf
Thyroid-Friendly Weight Loss,1600,Eggetarian,17,1603,68,58,05-Thyroid-Friendly-Weight-Loss/1600-kcal/1600-kcal-Eggetarian-Thyroid-Friendly-Weight-Loss-Option-17.pdf
Thyroid-Friendly Weight Loss,1600,Eggetarian,18,1593,64,53,05-Thyroid-Friendly-Weight-Loss/1600-kcal/1600-kcal-Eggetarian-Thyroid-Friendly-Weight-Loss-Option-18.pdf
Thyroid-Friendly Weight Loss,1600,Eggetarian,19,1597,65,52,05-Thyroid-Friendly-Weight-Loss/1600-kcal/1600-kcal-Eggetarian-Thyroid-Friendly-Weight-Loss-Option-19.pdf
Thyroid-Friendly Weight Loss,1600,Eggetarian,20,1600,64,53,05-Thyroid-Friendly-Weight-Loss/1600-kcal/1600-kcal-Eggetarian-Thyroid-Friendly-Weight-Loss-Option-20.pdf
Thyroid-Friendly Weight Loss,1600,Eggetarian,21,1596,67,52,05-Thyroid-Friendly-Weight-Loss/1600-kcal/1600-kcal-Eggetarian-Thyroid-Friendly-Weight-Loss-Option-21.pdf
Thyroid-Friendly Weight Loss,1600,Eggetarian,22,1606,69,51,05-Thyroid-Friendly-Weight-Loss/1600-kcal/1600-kcal-Eggetarian-Thyroid-Friendly-Weight-Loss-Option-22.pdf
Thyroid-Friendly Weight Loss,1600,Eggetarian,23,1592,66,57,05-Thyroid-Friendly-Weight-Loss/1600-kcal/1600-kcal-Eggetarian-Thyroid-Friendly-Weight-Loss-Option-23.pdf
Thyroid-Friendly Weight Loss,1600,Eggetarian,24,1584,68,52,05-Thyroid-Friendly-Weight-Loss/1600-kcal/1600-kcal-Eggetarian-Thyroid-Friendly-Weight-Loss-Option-24.pdf
Thyroid-Friendly Weight Loss,1600,Eggetarian,25,1605,64,54,05-Thyroid-Friendly-Weight-Loss/1600-kcal/1600-kcal-Eggetarian-Thyroid-Friendly-Weight-Loss-Option-25.pdf
Thyroid-Friendly Weight Loss,1600,Eggetarian,26,1593,67,53,05-Thyroid-Friendly-Weight-Loss/1600-kcal/1600-kcal-Eggetarian-Thyroid-Friendly-Weight-Loss-Option-26.pdf
Thyroid-Friendly Weight Loss,1600,Eggetarian,27,1605,66,51,05-Thyroid-Friendly-Weight-Loss/1600-kcal/1600-kcal-Eggetarian-Thyroid-Friendly-Weight-Loss-Option-27.pdf
Thyroid-Friendly Weight Loss,1600,Eggetarian,28,1594,64,52,05-Thyroid-Friendly-Weight-Loss/1600-kcal/1600-kcal-Eggetarian-Thyroid-Friendly-Weight-Loss-Option-28.pdf
Thyroid-Friendly Weight Loss,1600,Eggetarian,29,1605,66,50,05-Thyroid-Friendly-Weight-Loss/1600-kcal/1600-kcal-Eggetarian-Thyroid-Friendly-Weight-Loss-Option-29.pdf
Thyroid-Friendly Weight Loss,1600,Eggetarian,30,1584,66,55,05-Thyroid-Friendly-Weight-Loss/1600-kcal/1600-kcal-Eggetarian-Thyroid-Friendly-Weight-Loss-Option-30.pdf
Thyroid-Friendly Weight Loss,1600,Non-Vegetarian,1,1602,75,55,05-Thyroid-Friendly-Weight-Loss/1600-kcal/1600-kcal-Non-Vegetarian-Thyroid-Friendly-Weight-Loss-Option-01.pdf
Thyroid-Friendly Weight Loss,1600,Non-Vegetarian,2,1608,80,62,05-Thyroid-Friendly-Weight-Loss/1600-kcal/1600-kcal-Non-Vegetarian-Thyroid-Friendly-Weight-Loss-Option-02.pdf
Thyroid-Friendly Weight Loss,1600,Non-Vegetarian,3,1586,72,55,05-Thyroid-Friendly-Weight-Loss/1600-kcal/1600-kcal-Non-Vegetarian-Thyroid-Friendly-Weight-Loss-Option-03.pdf
Thyroid-Friendly Weight Loss,1600,Non-Vegetarian,4,1603,72,53,05-Thyroid-Friendly-Weight-Loss/1600-kcal/1600-kcal-Non-Vegetarian-Thyroid-Friendly-Weight-Loss-Option-04.pdf
Thyroid-Friendly Weight Loss,1600,Non-Vegetarian,5,1595,68,57,05-Thyroid-Friendly-Weight-Loss/1600-kcal/1600-kcal-Non-Vegetarian-Thyroid-Friendly-Weight-Loss-Option-05.pdf
Thyroid-Friendly Weight Loss,1600,Non-Vegetarian,6,1589,84,72,05-Thyroid-Friendly-Weight-Loss/1600-kcal/1600-kcal-Non-Vegetarian-Thyroid-Friendly-Weight-Loss-Option-06.pdf
Thyroid-Friendly Weight Loss,1600,Non-Vegetarian,7,1600,75,63,05-Thyroid-Friendly-Weight-Loss/1600-kcal/1600-kcal-Non-Vegetarian-Thyroid-Friendly-Weight-Loss-Option-07.pdf
Thyroid-Friendly Weight Loss,1600,Non-Vegetarian,8,1585,75,64,05-Thyroid-Friendly-Weight-Loss/1600-kcal/1600-kcal-Non-Vegetarian-Thyroid-Friendly-Weight-Loss-Option-08.pdf
Thyroid-Friendly Weight Loss,1600,Non-Vegetarian,9,1602,72,52,05-Thyroid-Friendly-Weight-Loss/1600-kcal/1600-kcal-Non-Vegetarian-Thyroid-Friendly-Weight-Loss-Option-09.pdf
Thyroid-Friendly Weight Loss,1600,Non-Vegetarian,10,1594,69,62,05-Thyroid-Friendly-Weight-Loss/1600-kcal/1600-kcal-Non-Vegetarian-Thyroid-Friendly-Weight-Loss-Option-10.pdf
Thyroid-Friendly Weight Loss,1600,Non-Vegetarian,11,1603,78,63,05-Thyroid-Friendly-Weight-Loss/1600-kcal/1600-kcal-Non-Vegetarian-Thyroid-Friendly-Weight-Loss-Option-11.pdf
Thyroid-Friendly Weight Loss,1600,Non-Vegetarian,12,1594,72,58,05-Thyroid-Friendly-Weight-Loss/1600-kcal/1600-kcal-Non-Vegetarian-Thyroid-Friendly-Weight-Loss-Option-12.pdf
Thyroid-Friendly Weight Loss,1600,Non-Vegetarian,13,1594,76,65,05-Thyroid-Friendly-Weight-Loss/1600-kcal/1600-kcal-Non-Vegetarian-Thyroid-Friendly-Weight-Loss-Option-13.pdf
Thyroid-Friendly Weight Loss,1600,Non-Vegetarian,14,1596,74,62,05-Thyroid-Friendly-Weight-Loss/1600-kcal/1600-kcal-Non-Vegetarian-Thyroid-Friendly-Weight-Loss-Option-14.pdf
Thyroid-Friendly Weight Loss,1600,Non-Vegetarian,15,1619,75,59,05-Thyroid-Friendly-Weight-Loss/1600-kcal/1600-kcal-Non-Vegetarian-Thyroid-Friendly-Weight-Loss-Option-15.pdf
Thyroid-Friendly Weight Loss,1600,Non-Vegetarian,16,1605,76,67,05-Thyroid-Friendly-Weight-Loss/1600-kcal/1600-kcal-Non-Vegetarian-Thyroid-Friendly-Weight-Loss-Option-16.pdf
Thyroid-Friendly Weight Loss,1600,Non-Vegetarian,17,1600,75,60,05-Thyroid-Friendly-Weight-Loss/1600-kcal/1600-kcal-Non-Vegetarian-Thyroid-Friendly-Weight-Loss-Option-17.pdf
Thyroid-Friendly Weight Loss,1600,Non-Vegetarian,18,1591,71,51,05-Thyroid-Friendly-Weight-Loss/1600-kcal/1600-kcal-Non-Vegetarian-Thyroid-Friendly-Weight-Loss-Option-18.pdf
Thyroid-Friendly Weight Loss,1600,Non-Vegetarian,19,1596,74,54,05-Thyroid-Friendly-Weight-Loss/1600-kcal/1600-kcal-Non-Vegetarian-Thyroid-Friendly-Weight-Loss-Option-19.pdf
Thyroid-Friendly Weight Loss,1600,Non-Vegetarian,20,1603,75,61,05-Thyroid-Friendly-Weight-Loss/1600-kcal/1600-kcal-Non-Vegetarian-Thyroid-Friendly-Weight-Loss-Option-20.pdf
Thyroid-Friendly Weight Loss,1600,Non-Vegetarian,21,1586,75,64,05-Thyroid-Friendly-Weight-Loss/1600-kcal/1600-kcal-Non-Vegetarian-Thyroid-Friendly-Weight-Loss-Option-21.pdf
Thyroid-Friendly Weight Loss,1600,Non-Vegetarian,22,1594,78,66,05-Thyroid-Friendly-Weight-Loss/1600-kcal/1600-kcal-Non-Vegetarian-Thyroid-Friendly-Weight-Loss-Option-22.pdf
Thyroid-Friendly Weight Loss,1600,Non-Vegetarian,23,1602,73,59,05-Thyroid-Friendly-Weight-Loss/1600-kcal/1600-kcal-Non-Vegetarian-Thyroid-Friendly-Weight-Loss-Option-23.pdf
Thyroid-Friendly Weight Loss,1600,Non-Vegetarian,24,1600,82,64,05-Thyroid-Friendly-Weight-Loss/1600-kcal/1600-kcal-Non-Vegetarian-Thyroid-Friendly-Weight-Loss-Option-24.pdf
Thyroid-Friendly Weight Loss,1600,Non-Vegetarian,25,1608,74,59,05-Thyroid-Friendly-Weight-Loss/1600-kcal/1600-kcal-Non-Vegetarian-Thyroid-Friendly-Weight-Loss-Option-25.pdf
Thyroid-Friendly Weight Loss,1600,Non-Vegetarian,26,1592,74,54,05-Thyroid-Friendly-Weight-Loss/1600-kcal/1600-kcal-Non-Vegetarian-Thyroid-Friendly-Weight-Loss-Option-26.pdf
Thyroid-Friendly Weight Loss,1600,Non-Vegetarian,27,1612,74,62,05-Thyroid-Friendly-Weight-Loss/1600-kcal/1600-kcal-Non-Vegetarian-Thyroid-Friendly-Weight-Loss-Option-27.pdf
Thyroid-Friendly Weight Loss,1600,Non-Vegetarian,28,1609,79,66,05-Thyroid-Friendly-Weight-Loss/1600-kcal/1600-kcal-Non-Vegetarian-Thyroid-Friendly-Weight-Loss-Option-28.pdf
Thyroid-Friendly Weight Loss,1600,Non-Vegetarian,29,1594,74,63,05-Thyroid-Friendly-Weight-Loss/1600-kcal/1600-kcal-Non-Vegetarian-Thyroid-Friendly-Weight-Loss-Option-29.pdf
Thyroid-Friendly Weight Loss,1600,Non-Vegetarian,30,1590,71,60,05-Thyroid-Friendly-Weight-Loss/1600-kcal/1600-kcal-Non-Vegetarian-Thyroid-Friendly-Weight-Loss-Option-30.pdf
Thyroid-Friendly Weight Loss,1800,Vegetarian,1,1799,63,55,05-Thyroid-Friendly-Weight-Loss/1800-kcal/1800-kcal-Vegetarian-Thyroid-Friendly-Weight-Loss-Option-01.pdf
Thyroid-Friendly Weight Loss,1800,Vegetarian,2,1791,64,57,05-Thyroid-Friendly-Weight-Loss/1800-kcal/1800-kcal-Vegetarian-Thyroid-Friendly-Weight-Loss-Option-02.pdf
Thyroid-Friendly Weight Loss,1800,Vegetarian,3,1791,67,57,05-Thyroid-Friendly-Weight-Loss/1800-kcal/1800-kcal-Vegetarian-Thyroid-Friendly-Weight-Loss-Option-03.pdf
Thyroid-Friendly Weight Loss,1800,Vegetarian,4,1788,65,53,05-Thyroid-Friendly-Weight-Loss/1800-kcal/1800-kcal-Vegetarian-Thyroid-Friendly-Weight-Loss-Option-04.pdf
Thyroid-Friendly Weight Loss,1800,Vegetarian,5,1810,63,57,05-Thyroid-Friendly-Weight-Loss/1800-kcal/1800-kcal-Vegetarian-Thyroid-Friendly-Weight-Loss-Option-05.pdf
Thyroid-Friendly Weight Loss,1800,Vegetarian,6,1814,67,63,05-Thyroid-Friendly-Weight-Loss/1800-kcal/1800-kcal-Vegetarian-Thyroid-Friendly-Weight-Loss-Option-06.pdf
Thyroid-Friendly Weight Loss,1800,Vegetarian,7,1794,63,61,05-Thyroid-Friendly-Weight-Loss/1800-kcal/1800-kcal-Vegetarian-Thyroid-Friendly-Weight-Loss-Option-07.pdf
Thyroid-Friendly Weight Loss,1800,Vegetarian,8,1799,60,52,05-Thyroid-Friendly-Weight-Loss/1800-kcal/1800-kcal-Vegetarian-Thyroid-Friendly-Weight-Loss-Option-08.pdf
Thyroid-Friendly Weight Loss,1800,Vegetarian,9,1789,67,58,05-Thyroid-Friendly-Weight-Loss/1800-kcal/1800-kcal-Vegetarian-Thyroid-Friendly-Weight-Loss-Option-09.pdf
Thyroid-Friendly Weight Loss,1800,Vegetarian,10,1798,67,54,05-Thyroid-Friendly-Weight-Loss/1800-kcal/1800-kcal-Vegetarian-Thyroid-Friendly-Weight-Loss-Option-10.pdf
Thyroid-Friendly Weight Loss,1800,Vegetarian,11,1790,64,59,05-Thyroid-Friendly-Weight-Loss/1800-kcal/1800-kcal-Vegetarian-Thyroid-Friendly-Weight-Loss-Option-11.pdf
Thyroid-Friendly Weight Loss,1800,Vegetarian,12,1787,63,53,05-Thyroid-Friendly-Weight-Loss/1800-kcal/1800-kcal-Vegetarian-Thyroid-Friendly-Weight-Loss-Option-12.pdf
Thyroid-Friendly Weight Loss,1800,Vegetarian,13,1793,62,54,05-Thyroid-Friendly-Weight-Loss/1800-kcal/1800-kcal-Vegetarian-Thyroid-Friendly-Weight-Loss-Option-13.pdf
Thyroid-Friendly Weight Loss,1800,Vegetarian,14,1798,66,60,05-Thyroid-Friendly-Weight-Loss/1800-kcal/1800-kcal-Vegetarian-Thyroid-Friendly-Weight-Loss-Option-14.pdf
Thyroid-Friendly Weight Loss,1800,Vegetarian,15,1799,70,63,05-Thyroid-Friendly-Weight-Loss/1800-kcal/1800-kcal-Vegetarian-Thyroid-Friendly-Weight-Loss-Option-15.pdf
Thyroid-Friendly Weight Loss,1800,Vegetarian,16,1796,66,58,05-Thyroid-Friendly-Weight-Loss/1800-kcal/1800-kcal-Vegetarian-Thyroid-Friendly-Weight-Loss-Option-16.pdf
Thyroid-Friendly Weight Loss,1800,Vegetarian,17,1801,66,51,05-Thyroid-Friendly-Weight-Loss/1800-kcal/1800-kcal-Vegetarian-Thyroid-Friendly-Weight-Loss-Option-17.pdf
Thyroid-Friendly Weight Loss,1800,Vegetarian,18,1791,64,58,05-Thyroid-Friendly-Weight-Loss/1800-kcal/1800-kcal-Vegetarian-Thyroid-Friendly-Weight-Loss-Option-18.pdf
Thyroid-Friendly Weight Loss,1800,Vegetarian,19,1803,67,63,05-Thyroid-Friendly-Weight-Loss/1800-kcal/1800-kcal-Vegetarian-Thyroid-Friendly-Weight-Loss-Option-19.pdf
Thyroid-Friendly Weight Loss,1800,Vegetarian,20,1814,67,58,05-Thyroid-Friendly-Weight-Loss/1800-kcal/1800-kcal-Vegetarian-Thyroid-Friendly-Weight-Loss-Option-20.pdf
Thyroid-Friendly Weight Loss,1800,Vegetarian,21,1782,66,60,05-Thyroid-Friendly-Weight-Loss/1800-kcal/1800-kcal-Vegetarian-Thyroid-Friendly-Weight-Loss-Option-21.pdf
Thyroid-Friendly Weight Loss,1800,Vegetarian,22,1802,65,56,05-Thyroid-Friendly-Weight-Loss/1800-kcal/1800-kcal-Vegetarian-Thyroid-Friendly-Weight-Loss-Option-22.pdf
Thyroid-Friendly Weight Loss,1800,Vegetarian,23,1803,62,55,05-Thyroid-Friendly-Weight-Loss/1800-kcal/1800-kcal-Vegetarian-Thyroid-Friendly-Weight-Loss-Option-23.pdf
Thyroid-Friendly Weight Loss,1800,Vegetarian,24,1773,70,58,05-Thyroid-Friendly-Weight-Loss/1800-kcal/1800-kcal-Vegetarian-Thyroid-Friendly-Weight-Loss-Option-24.pdf
Thyroid-Friendly Weight Loss,1800,Vegetarian,25,1801,64,55,05-Thyroid-Friendly-Weight-Loss/1800-kcal/1800-kcal-Vegetarian-Thyroid-Friendly-Weight-Loss-Option-25.pdf
Thyroid-Friendly Weight Loss,1800,Vegetarian,26,1799,67,55,05-Thyroid-Friendly-Weight-Loss/1800-kcal/1800-kcal-Vegetarian-Thyroid-Friendly-Weight-Loss-Option-26.pdf
Thyroid-Friendly Weight Loss,1800,Vegetarian,27,1805,68,57,05-Thyroid-Friendly-Weight-Loss/1800-kcal/1800-kcal-Vegetarian-Thyroid-Friendly-Weight-Loss-Option-27.pdf
Thyroid-Friendly Weight Loss,1800,Vegetarian,28,1796,67,55,05-Thyroid-Friendly-Weight-Loss/1800-kcal/1800-kcal-Vegetarian-Thyroid-Friendly-Weight-Loss-Option-28.pdf
Thyroid-Friendly Weight Loss,1800,Vegetarian,29,1798,64,59,05-Thyroid-Friendly-Weight-Loss/1800-kcal/1800-kcal-Vegetarian-Thyroid-Friendly-Weight-Loss-Option-29.pdf
Thyroid-Friendly Weight Loss,1800,Vegetarian,30,1798,65,60,05-Thyroid-Friendly-Weight-Loss/1800-kcal/1800-kcal-Vegetarian-Thyroid-Friendly-Weight-Loss-Option-30.pdf
Thyroid-Friendly Weight Loss,1800,Vegan,1,1783,63,55,05-Thyroid-Friendly-Weight-Loss/1800-kcal/1800-kcal-Vegan-Thyroid-Friendly-Weight-Loss-Option-01.pdf
Thyroid-Friendly Weight Loss,1800,Vegan,2,1788,63,53,05-Thyroid-Friendly-Weight-Loss/1800-kcal/1800-kcal-Vegan-Thyroid-Friendly-Weight-Loss-Option-02.pdf
Thyroid-Friendly Weight Loss,1800,Vegan,3,1796,61,57,05-Thyroid-Friendly-Weight-Loss/1800-kcal/1800-kcal-Vegan-Thyroid-Friendly-Weight-Loss-Option-03.pdf
Thyroid-Friendly Weight Loss,1800,Vegan,4,1794,67,61,05-Thyroid-Friendly-Weight-Loss/1800-kcal/1800-kcal-Vegan-Thyroid-Friendly-Weight-Loss-Option-04.pdf
Thyroid-Friendly Weight Loss,1800,Vegan,5,1778,62,50,05-Thyroid-Friendly-Weight-Loss/1800-kcal/1800-kcal-Vegan-Thyroid-Friendly-Weight-Loss-Option-05.pdf
Thyroid-Friendly Weight Loss,1800,Vegan,6,1788,63,52,05-Thyroid-Friendly-Weight-Loss/1800-kcal/1800-kcal-Vegan-Thyroid-Friendly-Weight-Loss-Option-06.pdf
Thyroid-Friendly Weight Loss,1800,Vegan,7,1796,62,56,05-Thyroid-Friendly-Weight-Loss/1800-kcal/1800-kcal-Vegan-Thyroid-Friendly-Weight-Loss-Option-07.pdf
Thyroid-Friendly Weight Loss,1800,Vegan,8,1782,63,59,05-Thyroid-Friendly-Weight-Loss/1800-kcal/1800-kcal-Vegan-Thyroid-Friendly-Weight-Loss-Option-08.pdf
Thyroid-Friendly Weight Loss,1800,Vegan,9,1801,70,63,05-Thyroid-Friendly-Weight-Loss/1800-kcal/1800-kcal-Vegan-Thyroid-Friendly-Weight-Loss-Option-09.pdf
Thyroid-Friendly Weight Loss,1800,Vegan,10,1798,66,59,05-Thyroid-Friendly-Weight-Loss/1800-kcal/1800-kcal-Vegan-Thyroid-Friendly-Weight-Loss-Option-10.pdf
Thyroid-Friendly Weight Loss,1800,Vegan,11,1796,61,53,05-Thyroid-Friendly-Weight-Loss/1800-kcal/1800-kcal-Vegan-Thyroid-Friendly-Weight-Loss-Option-11.pdf
Thyroid-Friendly Weight Loss,1800,Vegan,12,1790,64,59,05-Thyroid-Friendly-Weight-Loss/1800-kcal/1800-kcal-Vegan-Thyroid-Friendly-Weight-Loss-Option-12.pdf
Thyroid-Friendly Weight Loss,1800,Vegan,13,1794,62,52,05-Thyroid-Friendly-Weight-Loss/1800-kcal/1800-kcal-Vegan-Thyroid-Friendly-Weight-Loss-Option-13.pdf
Thyroid-Friendly Weight Loss,1800,Vegan,14,1785,64,58,05-Thyroid-Friendly-Weight-Loss/1800-kcal/1800-kcal-Vegan-Thyroid-Friendly-Weight-Loss-Option-14.pdf
Thyroid-Friendly Weight Loss,1800,Vegan,15,1801,62,51,05-Thyroid-Friendly-Weight-Loss/1800-kcal/1800-kcal-Vegan-Thyroid-Friendly-Weight-Loss-Option-15.pdf
Thyroid-Friendly Weight Loss,1800,Vegan,16,1786,66,61,05-Thyroid-Friendly-Weight-Loss/1800-kcal/1800-kcal-Vegan-Thyroid-Friendly-Weight-Loss-Option-16.pdf
Thyroid-Friendly Weight Loss,1800,Vegan,17,1797,64,55,05-Thyroid-Friendly-Weight-Loss/1800-kcal/1800-kcal-Vegan-Thyroid-Friendly-Weight-Loss-Option-17.pdf
Thyroid-Friendly Weight Loss,1800,Vegan,18,1780,64,57,05-Thyroid-Friendly-Weight-Loss/1800-kcal/1800-kcal-Vegan-Thyroid-Friendly-Weight-Loss-Option-18.pdf
Thyroid-Friendly Weight Loss,1800,Vegan,19,1787,62,53,05-Thyroid-Friendly-Weight-Loss/1800-kcal/1800-kcal-Vegan-Thyroid-Friendly-Weight-Loss-Option-19.pdf
Thyroid-Friendly Weight Loss,1800,Vegan,20,1798,63,47,05-Thyroid-Friendly-Weight-Loss/1800-kcal/1800-kcal-Vegan-Thyroid-Friendly-Weight-Loss-Option-20.pdf
Thyroid-Friendly Weight Loss,1800,Vegan,21,1795,60,55,05-Thyroid-Friendly-Weight-Loss/1800-kcal/1800-kcal-Vegan-Thyroid-Friendly-Weight-Loss-Option-21.pdf
Thyroid-Friendly Weight Loss,1800,Vegan,22,1780,63,55,05-Thyroid-Friendly-Weight-Loss/1800-kcal/1800-kcal-Vegan-Thyroid-Friendly-Weight-Loss-Option-22.pdf
Thyroid-Friendly Weight Loss,1800,Vegan,23,1805,62,56,05-Thyroid-Friendly-Weight-Loss/1800-kcal/1800-kcal-Vegan-Thyroid-Friendly-Weight-Loss-Option-23.pdf
Thyroid-Friendly Weight Loss,1800,Vegan,24,1795,64,57,05-Thyroid-Friendly-Weight-Loss/1800-kcal/1800-kcal-Vegan-Thyroid-Friendly-Weight-Loss-Option-24.pdf
Thyroid-Friendly Weight Loss,1800,Vegan,25,1786,63,55,05-Thyroid-Friendly-Weight-Loss/1800-kcal/1800-kcal-Vegan-Thyroid-Friendly-Weight-Loss-Option-25.pdf
Thyroid-Friendly Weight Loss,1800,Vegan,26,1786,63,58,05-Thyroid-Friendly-Weight-Loss/1800-kcal/1800-kcal-Vegan-Thyroid-Friendly-Weight-Loss-Option-26.pdf
Thyroid-Friendly Weight Loss,1800,Vegan,27,1790,70,61,05-Thyroid-Friendly-Weight-Loss/1800-kcal/1800-kcal-Vegan-Thyroid-Friendly-Weight-Loss-Option-27.pdf
Thyroid-Friendly Weight Loss,1800,Vegan,28,1795,65,49,05-Thyroid-Friendly-Weight-Loss/1800-kcal/1800-kcal-Vegan-Thyroid-Friendly-Weight-Loss-Option-28.pdf
Thyroid-Friendly Weight Loss,1800,Vegan,29,1778,67,57,05-Thyroid-Friendly-Weight-Loss/1800-kcal/1800-kcal-Vegan-Thyroid-Friendly-Weight-Loss-Option-29.pdf
Thyroid-Friendly Weight Loss,1800,Vegan,30,1784,61,47,05-Thyroid-Friendly-Weight-Loss/1800-kcal/1800-kcal-Vegan-Thyroid-Friendly-Weight-Loss-Option-30.pdf
Thyroid-Friendly Weight Loss,1800,Eggetarian,1,1802,71,59,05-Thyroid-Friendly-Weight-Loss/1800-kcal/1800-kcal-Eggetarian-Thyroid-Friendly-Weight-Loss-Option-01.pdf
Thyroid-Friendly Weight Loss,1800,Eggetarian,2,1815,68,53,05-Thyroid-Friendly-Weight-Loss/1800-kcal/1800-kcal-Eggetarian-Thyroid-Friendly-Weight-Loss-Option-02.pdf
Thyroid-Friendly Weight Loss,1800,Eggetarian,3,1802,71,60,05-Thyroid-Friendly-Weight-Loss/1800-kcal/1800-kcal-Eggetarian-Thyroid-Friendly-Weight-Loss-Option-03.pdf
Thyroid-Friendly Weight Loss,1800,Eggetarian,4,1796,75,62,05-Thyroid-Friendly-Weight-Loss/1800-kcal/1800-kcal-Eggetarian-Thyroid-Friendly-Weight-Loss-Option-04.pdf
Thyroid-Friendly Weight Loss,1800,Eggetarian,5,1785,77,63,05-Thyroid-Friendly-Weight-Loss/1800-kcal/1800-kcal-Eggetarian-Thyroid-Friendly-Weight-Loss-Option-05.pdf
Thyroid-Friendly Weight Loss,1800,Eggetarian,6,1788,72,60,05-Thyroid-Friendly-Weight-Loss/1800-kcal/1800-kcal-Eggetarian-Thyroid-Friendly-Weight-Loss-Option-06.pdf
Thyroid-Friendly Weight Loss,1800,Eggetarian,7,1800,74,63,05-Thyroid-Friendly-Weight-Loss/1800-kcal/1800-kcal-Eggetarian-Thyroid-Friendly-Weight-Loss-Option-07.pdf
Thyroid-Friendly Weight Loss,1800,Eggetarian,8,1786,74,58,05-Thyroid-Friendly-Weight-Loss/1800-kcal/1800-kcal-Eggetarian-Thyroid-Friendly-Weight-Loss-Option-08.pdf
Thyroid-Friendly Weight Loss,1800,Eggetarian,9,1792,76,69,05-Thyroid-Friendly-Weight-Loss/1800-kcal/1800-kcal-Eggetarian-Thyroid-Friendly-Weight-Loss-Option-09.pdf
Thyroid-Friendly Weight Loss,1800,Eggetarian,10,1797,73,61,05-Thyroid-Friendly-Weight-Loss/1800-kcal/1800-kcal-Eggetarian-Thyroid-Friendly-Weight-Loss-Option-10.pdf
Thyroid-Friendly Weight Loss,1800,Eggetarian,11,1788,68,53,05-Thyroid-Friendly-Weight-Loss/1800-kcal/1800-kcal-Eggetarian-Thyroid-Friendly-Weight-Loss-Option-11.pdf
Thyroid-Friendly Weight Loss,1800,Eggetarian,12,1786,72,55,05-Thyroid-Friendly-Weight-Loss/1800-kcal/1800-kcal-Eggetarian-Thyroid-Friendly-Weight-Loss-Option-12.pdf
Thyroid-Friendly Weight Loss,1800,Eggetarian,13,1788,77,64,05-Thyroid-Friendly-Weight-Loss/1800-kcal/1800-kcal-Eggetarian-Thyroid-Friendly-Weight-Loss-Option-13.pdf
Thyroid-Friendly Weight Loss,1800,Eggetarian,14,1798,75,57,05-Thyroid-Friendly-Weight-Loss/1800-kcal/1800-kcal-Eggetarian-Thyroid-Friendly-Weight-Loss-Option-14.pdf
Thyroid-Friendly Weight Loss,1800,Eggetarian,15,1801,75,66,05-Thyroid-Friendly-Weight-Loss/1800-kcal/1800-kcal-Eggetarian-Thyroid-Friendly-Weight-Loss-Option-15.pdf
Thyroid-Friendly Weight Loss,1800,Eggetarian,16,1788,74,57,05-Thyroid-Friendly-Weight-Loss/1800-kcal/1800-kcal-Eggetarian-Thyroid-Friendly-Weight-Loss-Option-16.pdf
Thyroid-Friendly Weight Loss,1800,Eggetarian,17,1774,72,56,05-Thyroid-Friendly-Weight-Loss/1800-kcal/1800-kcal-Eggetarian-Thyroid-Friendly-Weight-Loss-Option-17.pdf
Thyroid-Friendly Weight Loss,1800,Eggetarian,18,1798,71,54,05-Thyroid-Friendly-Weight-Loss/1800-kcal/1800-kcal-Eggetarian-Thyroid-Friendly-Weight-Loss-Option-18.pdf
Thyroid-Friendly Weight Loss,1800,Eggetarian,19,1790,73,53,05-Thyroid-Friendly-Weight-Loss/1800-kcal/1800-kcal-Eggetarian-Thyroid-Friendly-Weight-Loss-Option-19.pdf
Thyroid-Friendly Weight Loss,1800,Eggetarian,20,1783,75,64,05-Thyroid-Friendly-Weight-Loss/1800-kcal/1800-kcal-Eggetarian-Thyroid-Friendly-Weight-Loss-Option-20.pdf
Thyroid-Friendly Weight Loss,1800,Eggetarian,21,1773,72,59,05-Thyroid-Friendly-Weight-Loss/1800-kcal/1800-kcal-Eggetarian-Thyroid-Friendly-Weight-Loss-Option-21.pdf
Thyroid-Friendly Weight Loss,1800,Eggetarian,22,1818,74,58,05-Thyroid-Friendly-Weight-Loss/1800-kcal/1800-kcal-Eggetarian-Thyroid-Friendly-Weight-Loss-Option-22.pdf
Thyroid-Friendly Weight Loss,1800,Eggetarian,23,1796,73,54,05-Thyroid-Friendly-Weight-Loss/1800-kcal/1800-kcal-Eggetarian-Thyroid-Friendly-Weight-Loss-Option-23.pdf
Thyroid-Friendly Weight Loss,1800,Eggetarian,24,1799,73,54,05-Thyroid-Friendly-Weight-Loss/1800-kcal/1800-kcal-Eggetarian-Thyroid-Friendly-Weight-Loss-Option-24.pdf
Thyroid-Friendly Weight Loss,1800,Eggetarian,25,1790,73,52,05-Thyroid-Friendly-Weight-Loss/1800-kcal/1800-kcal-Eggetarian-Thyroid-Friendly-Weight-Loss-Option-25.pdf
Thyroid-Friendly Weight Loss,1800,Eggetarian,26,1794,71,58,05-Thyroid-Friendly-Weight-Loss/1800-kcal/1800-kcal-Eggetarian-Thyroid-Friendly-Weight-Loss-Option-26.pdf
Thyroid-Friendly Weight Loss,1800,Eggetarian,27,1786,72,54,05-Thyroid-Friendly-Weight-Loss/1800-kcal/1800-kcal-Eggetarian-Thyroid-Friendly-Weight-Loss-Option-27.pdf
Thyroid-Friendly Weight Loss,1800,Eggetarian,28,1805,72,63,05-Thyroid-Friendly-Weight-Loss/1800-kcal/1800-kcal-Eggetarian-Thyroid-Friendly-Weight-Loss-Option-28.pdf
Thyroid-Friendly Weight Loss,1800,Eggetarian,29,1790,74,60,05-Thyroid-Friendly-Weight-Loss/1800-kcal/1800-kcal-Eggetarian-Thyroid-Friendly-Weight-Loss-Option-29.pdf
Thyroid-Friendly Weight Loss,1800,Eggetarian,30,1794,74,58,05-Thyroid-Friendly-Weight-Loss/1800-kcal/1800-kcal-Eggetarian-Thyroid-Friendly-Weight-Loss-Option-30.pdf
Thyroid-Friendly Weight Loss,1800,Non-Vegetarian,1,1790,82,73,05-Thyroid-Friendly-Weight-Loss/1800-kcal/1800-kcal-Non-Vegetarian-Thyroid-Friendly-Weight-Loss-Option-01.pdf
Thyroid-Friendly Weight Loss,1800,Non-Vegetarian,2,1817,82,75,05-Thyroid-Friendly-Weight-Loss/1800-kcal/1800-kcal-Non-Vegetarian-Thyroid-Friendly-Weight-Loss-Option-02.pdf
Thyroid-Friendly Weight Loss,1800,Non-Vegetarian,3,1792,80,60,05-Thyroid-Friendly-Weight-Loss/1800-kcal/1800-kcal-Non-Vegetarian-Thyroid-Friendly-Weight-Loss-Option-03.pdf
Thyroid-Friendly Weight Loss,1800,Non-Vegetarian,4,1814,89,81,05-Thyroid-Friendly-Weight-Loss/1800-kcal/1800-kcal-Non-Vegetarian-Thyroid-Friendly-Weight-Loss-Option-04.pdf
Thyroid-Friendly Weight Loss,1800,Non-Vegetarian,5,1807,87,66,05-Thyroid-Friendly-Weight-Loss/1800-kcal/1800-kcal-Non-Vegetarian-Thyroid-Friendly-Weight-Loss-Option-05.pdf
Thyroid-Friendly Weight Loss,1800,Non-Vegetarian,6,1783,93,76,05-Thyroid-Friendly-Weight-Loss/1800-kcal/1800-kcal-Non-Vegetarian-Thyroid-Friendly-Weight-Loss-Option-06.pdf
Thyroid-Friendly Weight Loss,1800,Non-Vegetarian,7,1813,87,71,05-Thyroid-Friendly-Weight-Loss/1800-kcal/1800-kcal-Non-Vegetarian-Thyroid-Friendly-Weight-Loss-Option-07.pdf
Thyroid-Friendly Weight Loss,1800,Non-Vegetarian,8,1788,81,66,05-Thyroid-Friendly-Weight-Loss/1800-kcal/1800-kcal-Non-Vegetarian-Thyroid-Friendly-Weight-Loss-Option-08.pdf
Thyroid-Friendly Weight Loss,1800,Non-Vegetarian,9,1776,85,62,05-Thyroid-Friendly-Weight-Loss/1800-kcal/1800-kcal-Non-Vegetarian-Thyroid-Friendly-Weight-Loss-Option-09.pdf
Thyroid-Friendly Weight Loss,1800,Non-Vegetarian,10,1792,83,74,05-Thyroid-Friendly-Weight-Loss/1800-kcal/1800-kcal-Non-Vegetarian-Thyroid-Friendly-Weight-Loss-Option-10.pdf
Thyroid-Friendly Weight Loss,1800,Non-Vegetarian,11,1808,93,75,05-Thyroid-Friendly-Weight-Loss/1800-kcal/1800-kcal-Non-Vegetarian-Thyroid-Friendly-Weight-Loss-Option-11.pdf
Thyroid-Friendly Weight Loss,1800,Non-Vegetarian,12,1790,83,67,05-Thyroid-Friendly-Weight-Loss/1800-kcal/1800-kcal-Non-Vegetarian-Thyroid-Friendly-Weight-Loss-Option-12.pdf
Thyroid-Friendly Weight Loss,1800,Non-Vegetarian,13,1790,80,75,05-Thyroid-Friendly-Weight-Loss/1800-kcal/1800-kcal-Non-Vegetarian-Thyroid-Friendly-Weight-Loss-Option-13.pdf
Thyroid-Friendly Weight Loss,1800,Non-Vegetarian,14,1800,83,62,05-Thyroid-Friendly-Weight-Loss/1800-kcal/1800-kcal-Non-Vegetarian-Thyroid-Friendly-Weight-Loss-Option-14.pdf
Thyroid-Friendly Weight Loss,1800,Non-Vegetarian,15,1783,83,58,05-Thyroid-Friendly-Weight-Loss/1800-kcal/1800-kcal-Non-Vegetarian-Thyroid-Friendly-Weight-Loss-Option-15.pdf
Thyroid-Friendly Weight Loss,1800,Non-Vegetarian,16,1798,83,77,05-Thyroid-Friendly-Weight-Loss/1800-kcal/1800-kcal-Non-Vegetarian-Thyroid-Friendly-Weight-Loss-Option-16.pdf
Thyroid-Friendly Weight Loss,1800,Non-Vegetarian,17,1800,94,79,05-Thyroid-Friendly-Weight-Loss/1800-kcal/1800-kcal-Non-Vegetarian-Thyroid-Friendly-Weight-Loss-Option-17.pdf
Thyroid-Friendly Weight Loss,1800,Non-Vegetarian,18,1798,89,83,05-Thyroid-Friendly-Weight-Loss/1800-kcal/1800-kcal-Non-Vegetarian-Thyroid-Friendly-Weight-Loss-Option-18.pdf
Thyroid-Friendly Weight Loss,1800,Non-Vegetarian,19,1800,84,66,05-Thyroid-Friendly-Weight-Loss/1800-kcal/1800-kcal-Non-Vegetarian-Thyroid-Friendly-Weight-Loss-Option-19.pdf
Thyroid-Friendly Weight Loss,1800,Non-Vegetarian,20,1809,78,66,05-Thyroid-Friendly-Weight-Loss/1800-kcal/1800-kcal-Non-Vegetarian-Thyroid-Friendly-Weight-Loss-Option-20.pdf
Thyroid-Friendly Weight Loss,1800,Non-Vegetarian,21,1805,91,71,05-Thyroid-Friendly-Weight-Loss/1800-kcal/1800-kcal-Non-Vegetarian-Thyroid-Friendly-Weight-Loss-Option-21.pdf
Thyroid-Friendly Weight Loss,1800,Non-Vegetarian,22,1801,81,69,05-Thyroid-Friendly-Weight-Loss/1800-kcal/1800-kcal-Non-Vegetarian-Thyroid-Friendly-Weight-Loss-Option-22.pdf
Thyroid-Friendly Weight Loss,1800,Non-Vegetarian,23,1795,94,79,05-Thyroid-Friendly-Weight-Loss/1800-kcal/1800-kcal-Non-Vegetarian-Thyroid-Friendly-Weight-Loss-Option-23.pdf
Thyroid-Friendly Weight Loss,1800,Non-Vegetarian,24,1792,87,69,05-Thyroid-Friendly-Weight-Loss/1800-kcal/1800-kcal-Non-Vegetarian-Thyroid-Friendly-Weight-Loss-Option-24.pdf
Thyroid-Friendly Weight Loss,1800,Non-Vegetarian,25,1791,90,71,05-Thyroid-Friendly-Weight-Loss/1800-kcal/1800-kcal-Non-Vegetarian-Thyroid-Friendly-Weight-Loss-Option-25.pdf
Thyroid-Friendly Weight Loss,1800,Non-Vegetarian,26,1803,95,77,05-Thyroid-Friendly-Weight-Loss/1800-kcal/1800-kcal-Non-Vegetarian-Thyroid-Friendly-Weight-Loss-Option-26.pdf
Thyroid-Friendly Weight Loss,1800,Non-Vegetarian,27,1796,82,67,05-Thyroid-Friendly-Weight-Loss/1800-kcal/1800-kcal-Non-Vegetarian-Thyroid-Friendly-Weight-Loss-Option-27.pdf
Thyroid-Friendly Weight Loss,1800,Non-Vegetarian,28,1785,78,60,05-Thyroid-Friendly-Weight-Loss/1800-kcal/1800-kcal-Non-Vegetarian-Thyroid-Friendly-Weight-Loss-Option-28.pdf
Thyroid-Friendly Weight Loss,1800,Non-Vegetarian,29,1796,85,78,05-Thyroid-Friendly-Weight-Loss/1800-kcal/1800-kcal-Non-Vegetarian-Thyroid-Friendly-Weight-Loss-Option-29.pdf
Thyroid-Friendly Weight Loss,1800,Non-Vegetarian,30,1804,81,71,05-Thyroid-Friendly-Weight-Loss/1800-kcal/1800-kcal-Non-Vegetarian-Thyroid-Friendly-Weight-Loss-Option-30.pdf
Heart-Healthy Weight Loss,1200,Vegetarian,1,1210,43,39,06-Heart-Healthy-Weight-Loss/1200-kcal/1200-kcal-Vegetarian-Heart-Healthy-Weight-Loss-Option-01.pdf
Heart-Healthy Weight Loss,1200,Vegetarian,2,1211,44,38,06-Heart-Healthy-Weight-Loss/1200-kcal/1200-kcal-Vegetarian-Heart-Healthy-Weight-Loss-Option-02.pdf
Heart-Healthy Weight Loss,1200,Vegetarian,3,1212,46,38,06-Heart-Healthy-Weight-Loss/1200-kcal/1200-kcal-Vegetarian-Heart-Healthy-Weight-Loss-Option-03.pdf
Heart-Healthy Weight Loss,1200,Vegetarian,4,1205,44,40,06-Heart-Healthy-Weight-Loss/1200-kcal/1200-kcal-Vegetarian-Heart-Healthy-Weight-Loss-Option-04.pdf
Heart-Healthy Weight Loss,1200,Vegetarian,5,1206,45,38,06-Heart-Healthy-Weight-Loss/1200-kcal/1200-kcal-Vegetarian-Heart-Healthy-Weight-Loss-Option-05.pdf
Heart-Healthy Weight Loss,1200,Vegetarian,6,1209,45,40,06-Heart-Healthy-Weight-Loss/1200-kcal/1200-kcal-Vegetarian-Heart-Healthy-Weight-Loss-Option-06.pdf
Heart-Healthy Weight Loss,1200,Vegetarian,7,1211,47,42,06-Heart-Healthy-Weight-Loss/1200-kcal/1200-kcal-Vegetarian-Heart-Healthy-Weight-Loss-Option-07.pdf
Heart-Healthy Weight Loss,1200,Vegetarian,8,1204,45,37,06-Heart-Healthy-Weight-Loss/1200-kcal/1200-kcal-Vegetarian-Heart-Healthy-Weight-Loss-Option-08.pdf
Heart-Healthy Weight Loss,1200,Vegetarian,9,1203,45,36,06-Heart-Healthy-Weight-Loss/1200-kcal/1200-kcal-Vegetarian-Heart-Healthy-Weight-Loss-Option-09.pdf
Heart-Healthy Weight Loss,1200,Vegetarian,10,1200,47,44,06-Heart-Healthy-Weight-Loss/1200-kcal/1200-kcal-Vegetarian-Heart-Healthy-Weight-Loss-Option-10.pdf
Heart-Healthy Weight Loss,1200,Vegetarian,11,1198,46,40,06-Heart-Healthy-Weight-Loss/1200-kcal/1200-kcal-Vegetarian-Heart-Healthy-Weight-Loss-Option-11.pdf
Heart-Healthy Weight Loss,1200,Vegetarian,12,1208,45,37,06-Heart-Healthy-Weight-Loss/1200-kcal/1200-kcal-Vegetarian-Heart-Healthy-Weight-Loss-Option-12.pdf
Heart-Healthy Weight Loss,1200,Vegetarian,13,1203,46,40,06-Heart-Healthy-Weight-Loss/1200-kcal/1200-kcal-Vegetarian-Heart-Healthy-Weight-Loss-Option-13.pdf
Heart-Healthy Weight Loss,1200,Vegetarian,14,1213,44,37,06-Heart-Healthy-Weight-Loss/1200-kcal/1200-kcal-Vegetarian-Heart-Healthy-Weight-Loss-Option-14.pdf
Heart-Healthy Weight Loss,1200,Vegetarian,15,1198,47,41,06-Heart-Healthy-Weight-Loss/1200-kcal/1200-kcal-Vegetarian-Heart-Healthy-Weight-Loss-Option-15.pdf
Heart-Healthy Weight Loss,1200,Vegetarian,16,1207,45,39,06-Heart-Healthy-Weight-Loss/1200-kcal/1200-kcal-Vegetarian-Heart-Healthy-Weight-Loss-Option-16.pdf
Heart-Healthy Weight Loss,1200,Vegetarian,17,1215,46,42,06-Heart-Healthy-Weight-Loss/1200-kcal/1200-kcal-Vegetarian-Heart-Healthy-Weight-Loss-Option-17.pdf
Heart-Healthy Weight Loss,1200,Vegetarian,18,1196,43,36,06-Heart-Healthy-Weight-Loss/1200-kcal/1200-kcal-Vegetarian-Heart-Healthy-Weight-Loss-Option-18.pdf
Heart-Healthy Weight Loss,1200,Vegetarian,19,1216,49,38,06-Heart-Healthy-Weight-Loss/1200-kcal/1200-kcal-Vegetarian-Heart-Healthy-Weight-Loss-Option-19.pdf
Heart-Healthy Weight Loss,1200,Vegetarian,20,1209,51,46,06-Heart-Healthy-Weight-Loss/1200-kcal/1200-kcal-Vegetarian-Heart-Healthy-Weight-Loss-Option-20.pdf
Heart-Healthy Weight Loss,1200,Vegetarian,21,1205,44,36,06-Heart-Healthy-Weight-Loss/1200-kcal/1200-kcal-Vegetarian-Heart-Healthy-Weight-Loss-Option-21.pdf
Heart-Healthy Weight Loss,1200,Vegetarian,22,1214,46,42,06-Heart-Healthy-Weight-Loss/1200-kcal/1200-kcal-Vegetarian-Heart-Healthy-Weight-Loss-Option-22.pdf
Heart-Healthy Weight Loss,1200,Vegetarian,23,1201,45,38,06-Heart-Healthy-Weight-Loss/1200-kcal/1200-kcal-Vegetarian-Heart-Healthy-Weight-Loss-Option-23.pdf
Heart-Healthy Weight Loss,1200,Vegetarian,24,1199,47,39,06-Heart-Healthy-Weight-Loss/1200-kcal/1200-kcal-Vegetarian-Heart-Healthy-Weight-Loss-Option-24.pdf
Heart-Healthy Weight Loss,1200,Vegetarian,25,1202,45,38,06-Heart-Healthy-Weight-Loss/1200-kcal/1200-kcal-Vegetarian-Heart-Healthy-Weight-Loss-Option-25.pdf
Heart-Healthy Weight Loss,1200,Vegetarian,26,1199,48,45,06-Heart-Healthy-Weight-Loss/1200-kcal/1200-kcal-Vegetarian-Heart-Healthy-Weight-Loss-Option-26.pdf
Heart-Healthy Weight Loss,1200,Vegetarian,27,1198,45,38,06-Heart-Healthy-Weight-Loss/1200-kcal/1200-kcal-Vegetarian-Heart-Healthy-Weight-Loss-Option-27.pdf
Heart-Healthy Weight Loss,1200,Vegetarian,28,1208,44,39,06-Heart-Healthy-Weight-Loss/1200-kcal/1200-kcal-Vegetarian-Heart-Healthy-Weight-Loss-Option-28.pdf
Heart-Healthy Weight Loss,1200,Vegetarian,29,1203,46,39,06-Heart-Healthy-Weight-Loss/1200-kcal/1200-kcal-Vegetarian-Heart-Healthy-Weight-Loss-Option-29.pdf
Heart-Healthy Weight Loss,1200,Vegetarian,30,1210,47,41,06-Heart-Healthy-Weight-Loss/1200-kcal/1200-kcal-Vegetarian-Heart-Healthy-Weight-Loss-Option-30.pdf
Heart-Healthy Weight Loss,1200,Vegan,1,1215,45,41,06-Heart-Healthy-Weight-Loss/1200-kcal/1200-kcal-Vegan-Heart-Healthy-Weight-Loss-Option-01.pdf
Heart-Healthy Weight Loss,1200,Vegan,2,1191,45,42,06-Heart-Healthy-Weight-Loss/1200-kcal/1200-kcal-Vegan-Heart-Healthy-Weight-Loss-Option-02.pdf
Heart-Healthy Weight Loss,1200,Vegan,3,1207,44,37,06-Heart-Healthy-Weight-Loss/1200-kcal/1200-kcal-Vegan-Heart-Healthy-Weight-Loss-Option-03.pdf
Heart-Healthy Weight Loss,1200,Vegan,4,1205,44,40,06-Heart-Healthy-Weight-Loss/1200-kcal/1200-kcal-Vegan-Heart-Healthy-Weight-Loss-Option-04.pdf
Heart-Healthy Weight Loss,1200,Vegan,5,1197,46,35,06-Heart-Healthy-Weight-Loss/1200-kcal/1200-kcal-Vegan-Heart-Healthy-Weight-Loss-Option-05.pdf
Heart-Healthy Weight Loss,1200,Vegan,6,1204,47,39,06-Heart-Healthy-Weight-Loss/1200-kcal/1200-kcal-Vegan-Heart-Healthy-Weight-Loss-Option-06.pdf
Heart-Healthy Weight Loss,1200,Vegan,7,1201,44,34,06-Heart-Healthy-Weight-Loss/1200-kcal/1200-kcal-Vegan-Heart-Healthy-Weight-Loss-Option-07.pdf
Heart-Healthy Weight Loss,1200,Vegan,8,1200,44,36,06-Heart-Healthy-Weight-Loss/1200-kcal/1200-kcal-Vegan-Heart-Healthy-Weight-Loss-Option-08.pdf
Heart-Healthy Weight Loss,1200,Vegan,9,1206,48,42,06-Heart-Healthy-Weight-Loss/1200-kcal/1200-kcal-Vegan-Heart-Healthy-Weight-Loss-Option-09.pdf
Heart-Healthy Weight Loss,1200,Vegan,10,1194,44,41,06-Heart-Healthy-Weight-Loss/1200-kcal/1200-kcal-Vegan-Heart-Healthy-Weight-Loss-Option-10.pdf
Heart-Healthy Weight Loss,1200,Vegan,11,1202,44,37,06-Heart-Healthy-Weight-Loss/1200-kcal/1200-kcal-Vegan-Heart-Healthy-Weight-Loss-Option-11.pdf
Heart-Healthy Weight Loss,1200,Vegan,12,1202,44,41,06-Heart-Healthy-Weight-Loss/1200-kcal/1200-kcal-Vegan-Heart-Healthy-Weight-Loss-Option-12.pdf
Heart-Healthy Weight Loss,1200,Vegan,13,1190,46,36,06-Heart-Healthy-Weight-Loss/1200-kcal/1200-kcal-Vegan-Heart-Healthy-Weight-Loss-Option-13.pdf
Heart-Healthy Weight Loss,1200,Vegan,14,1183,43,39,06-Heart-Healthy-Weight-Loss/1200-kcal/1200-kcal-Vegan-Heart-Healthy-Weight-Loss-Option-14.pdf
Heart-Healthy Weight Loss,1200,Vegan,15,1203,45,35,06-Heart-Healthy-Weight-Loss/1200-kcal/1200-kcal-Vegan-Heart-Healthy-Weight-Loss-Option-15.pdf
Heart-Healthy Weight Loss,1200,Vegan,16,1199,44,36,06-Heart-Healthy-Weight-Loss/1200-kcal/1200-kcal-Vegan-Heart-Healthy-Weight-Loss-Option-16.pdf
Heart-Healthy Weight Loss,1200,Vegan,17,1211,45,38,06-Heart-Healthy-Weight-Loss/1200-kcal/1200-kcal-Vegan-Heart-Healthy-Weight-Loss-Option-17.pdf
Heart-Healthy Weight Loss,1200,Vegan,18,1207,45,39,06-Heart-Healthy-Weight-Loss/1200-kcal/1200-kcal-Vegan-Heart-Healthy-Weight-Loss-Option-18.pdf
Heart-Healthy Weight Loss,1200,Vegan,19,1209,46,39,06-Heart-Healthy-Weight-Loss/1200-kcal/1200-kcal-Vegan-Heart-Healthy-Weight-Loss-Option-19.pdf
Heart-Healthy Weight Loss,1200,Vegan,20,1205,43,34,06-Heart-Healthy-Weight-Loss/1200-kcal/1200-kcal-Vegan-Heart-Healthy-Weight-Loss-Option-20.pdf
Heart-Healthy Weight Loss,1200,Vegan,21,1202,47,42,06-Heart-Healthy-Weight-Loss/1200-kcal/1200-kcal-Vegan-Heart-Healthy-Weight-Loss-Option-21.pdf
Heart-Healthy Weight Loss,1200,Vegan,22,1205,46,41,06-Heart-Healthy-Weight-Loss/1200-kcal/1200-kcal-Vegan-Heart-Healthy-Weight-Loss-Option-22.pdf
Heart-Healthy Weight Loss,1200,Vegan,23,1201,45,42,06-Heart-Healthy-Weight-Loss/1200-kcal/1200-kcal-Vegan-Heart-Healthy-Weight-Loss-Option-23.pdf
Heart-Healthy Weight Loss,1200,Vegan,24,1200,43,38,06-Heart-Healthy-Weight-Loss/1200-kcal/1200-kcal-Vegan-Heart-Healthy-Weight-Loss-Option-24.pdf
Heart-Healthy Weight Loss,1200,Vegan,25,1219,47,40,06-Heart-Healthy-Weight-Loss/1200-kcal/1200-kcal-Vegan-Heart-Healthy-Weight-Loss-Option-25.pdf
Heart-Healthy Weight Loss,1200,Vegan,26,1203,42,37,06-Heart-Healthy-Weight-Loss/1200-kcal/1200-kcal-Vegan-Heart-Healthy-Weight-Loss-Option-26.pdf
Heart-Healthy Weight Loss,1200,Vegan,27,1212,44,35,06-Heart-Healthy-Weight-Loss/1200-kcal/1200-kcal-Vegan-Heart-Healthy-Weight-Loss-Option-27.pdf
Heart-Healthy Weight Loss,1200,Vegan,28,1205,46,33,06-Heart-Healthy-Weight-Loss/1200-kcal/1200-kcal-Vegan-Heart-Healthy-Weight-Loss-Option-28.pdf
Heart-Healthy Weight Loss,1200,Vegan,29,1208,47,41,06-Heart-Healthy-Weight-Loss/1200-kcal/1200-kcal-Vegan-Heart-Healthy-Weight-Loss-Option-29.pdf
Heart-Healthy Weight Loss,1200,Vegan,30,1209,46,36,06-Heart-Healthy-Weight-Loss/1200-kcal/1200-kcal-Vegan-Heart-Healthy-Weight-Loss-Option-30.pdf
Heart-Healthy Weight Loss,1200,Eggetarian,1,1201,54,41,06-Heart-Healthy-Weight-Loss/1200-kcal/1200-kcal-Eggetarian-Heart-Healthy-Weight-Loss-Option-01.pdf
Heart-Healthy Weight Loss,1200,Eggetarian,2,1204,52,40,06-Heart-Healthy-Weight-Loss/1200-kcal/1200-kcal-Eggetarian-Heart-Healthy-Weight-Loss-Option-02.pdf
Heart-Healthy Weight Loss,1200,Eggetarian,3,1206,51,34,06-Heart-Healthy-Weight-Loss/1200-kcal/1200-kcal-Eggetarian-Heart-Healthy-Weight-Loss-Option-03.pdf
Heart-Healthy Weight Loss,1200,Eggetarian,4,1200,53,39,06-Heart-Healthy-Weight-Loss/1200-kcal/1200-kcal-Eggetarian-Heart-Healthy-Weight-Loss-Option-04.pdf
Heart-Healthy Weight Loss,1200,Eggetarian,5,1195,54,37,06-Heart-Healthy-Weight-Loss/1200-kcal/1200-kcal-Eggetarian-Heart-Healthy-Weight-Loss-Option-05.pdf
Heart-Healthy Weight Loss,1200,Eggetarian,6,1187,51,41,06-Heart-Healthy-Weight-Loss/1200-kcal/1200-kcal-Eggetarian-Heart-Healthy-Weight-Loss-Option-06.pdf
Heart-Healthy Weight Loss,1200,Eggetarian,7,1205,55,39,06-Heart-Healthy-Weight-Loss/1200-kcal/1200-kcal-Eggetarian-Heart-Healthy-Weight-Loss-Option-07.pdf
Heart-Healthy Weight Loss,1200,Eggetarian,8,1195,55,39,06-Heart-Healthy-Weight-Loss/1200-kcal/1200-kcal-Eggetarian-Heart-Healthy-Weight-Loss-Option-08.pdf
Heart-Healthy Weight Loss,1200,Eggetarian,9,1204,52,40,06-Heart-Healthy-Weight-Loss/1200-kcal/1200-kcal-Eggetarian-Heart-Healthy-Weight-Loss-Option-09.pdf
Heart-Healthy Weight Loss,1200,Eggetarian,10,1199,53,37,06-Heart-Healthy-Weight-Loss/1200-kcal/1200-kcal-Eggetarian-Heart-Healthy-Weight-Loss-Option-10.pdf
Heart-Healthy Weight Loss,1200,Eggetarian,11,1204,55,43,06-Heart-Healthy-Weight-Loss/1200-kcal/1200-kcal-Eggetarian-Heart-Healthy-Weight-Loss-Option-11.pdf
Heart-Healthy Weight Loss,1200,Eggetarian,12,1205,54,43,06-Heart-Healthy-Weight-Loss/1200-kcal/1200-kcal-Eggetarian-Heart-Healthy-Weight-Loss-Option-12.pdf
Heart-Healthy Weight Loss,1200,Eggetarian,13,1205,55,41,06-Heart-Healthy-Weight-Loss/1200-kcal/1200-kcal-Eggetarian-Heart-Healthy-Weight-Loss-Option-13.pdf
Heart-Healthy Weight Loss,1200,Eggetarian,14,1201,52,37,06-Heart-Healthy-Weight-Loss/1200-kcal/1200-kcal-Eggetarian-Heart-Healthy-Weight-Loss-Option-14.pdf
Heart-Healthy Weight Loss,1200,Eggetarian,15,1202,58,40,06-Heart-Healthy-Weight-Loss/1200-kcal/1200-kcal-Eggetarian-Heart-Healthy-Weight-Loss-Option-15.pdf
Heart-Healthy Weight Loss,1200,Eggetarian,16,1196,56,42,06-Heart-Healthy-Weight-Loss/1200-kcal/1200-kcal-Eggetarian-Heart-Healthy-Weight-Loss-Option-16.pdf
Heart-Healthy Weight Loss,1200,Eggetarian,17,1198,55,43,06-Heart-Healthy-Weight-Loss/1200-kcal/1200-kcal-Eggetarian-Heart-Healthy-Weight-Loss-Option-17.pdf
Heart-Healthy Weight Loss,1200,Eggetarian,18,1198,53,33,06-Heart-Healthy-Weight-Loss/1200-kcal/1200-kcal-Eggetarian-Heart-Healthy-Weight-Loss-Option-18.pdf
Heart-Healthy Weight Loss,1200,Eggetarian,19,1194,52,40,06-Heart-Healthy-Weight-Loss/1200-kcal/1200-kcal-Eggetarian-Heart-Healthy-Weight-Loss-Option-19.pdf
Heart-Healthy Weight Loss,1200,Eggetarian,20,1195,53,39,06-Heart-Healthy-Weight-Loss/1200-kcal/1200-kcal-Eggetarian-Heart-Healthy-Weight-Loss-Option-20.pdf
Heart-Healthy Weight Loss,1200,Eggetarian,21,1207,54,38,06-Heart-Healthy-Weight-Loss/1200-kcal/1200-kcal-Eggetarian-Heart-Healthy-Weight-Loss-Option-21.pdf
Heart-Healthy Weight Loss,1200,Eggetarian,22,1206,57,37,06-Heart-Healthy-Weight-Loss/1200-kcal/1200-kcal-Eggetarian-Heart-Healthy-Weight-Loss-Option-22.pdf
Heart-Healthy Weight Loss,1200,Eggetarian,23,1211,53,40,06-Heart-Healthy-Weight-Loss/1200-kcal/1200-kcal-Eggetarian-Heart-Healthy-Weight-Loss-Option-23.pdf
Heart-Healthy Weight Loss,1200,Eggetarian,24,1195,51,42,06-Heart-Healthy-Weight-Loss/1200-kcal/1200-kcal-Eggetarian-Heart-Healthy-Weight-Loss-Option-24.pdf
Heart-Healthy Weight Loss,1200,Eggetarian,25,1207,53,41,06-Heart-Healthy-Weight-Loss/1200-kcal/1200-kcal-Eggetarian-Heart-Healthy-Weight-Loss-Option-25.pdf
Heart-Healthy Weight Loss,1200,Eggetarian,26,1214,51,44,06-Heart-Healthy-Weight-Loss/1200-kcal/1200-kcal-Eggetarian-Heart-Healthy-Weight-Loss-Option-26.pdf
Heart-Healthy Weight Loss,1200,Eggetarian,27,1197,51,44,06-Heart-Healthy-Weight-Loss/1200-kcal/1200-kcal-Eggetarian-Heart-Healthy-Weight-Loss-Option-27.pdf
Heart-Healthy Weight Loss,1200,Eggetarian,28,1202,53,39,06-Heart-Healthy-Weight-Loss/1200-kcal/1200-kcal-Eggetarian-Heart-Healthy-Weight-Loss-Option-28.pdf
Heart-Healthy Weight Loss,1200,Eggetarian,29,1200,55,41,06-Heart-Healthy-Weight-Loss/1200-kcal/1200-kcal-Eggetarian-Heart-Healthy-Weight-Loss-Option-29.pdf
Heart-Healthy Weight Loss,1200,Eggetarian,30,1202,53,42,06-Heart-Healthy-Weight-Loss/1200-kcal/1200-kcal-Eggetarian-Heart-Healthy-Weight-Loss-Option-30.pdf
Heart-Healthy Weight Loss,1200,Non-Vegetarian,1,1202,62,43,06-Heart-Healthy-Weight-Loss/1200-kcal/1200-kcal-Non-Vegetarian-Heart-Healthy-Weight-Loss-Option-01.pdf
Heart-Healthy Weight Loss,1200,Non-Vegetarian,2,1199,61,46,06-Heart-Healthy-Weight-Loss/1200-kcal/1200-kcal-Non-Vegetarian-Heart-Healthy-Weight-Loss-Option-02.pdf
Heart-Healthy Weight Loss,1200,Non-Vegetarian,3,1207,60,48,06-Heart-Healthy-Weight-Loss/1200-kcal/1200-kcal-Non-Vegetarian-Heart-Healthy-Weight-Loss-Option-03.pdf
Heart-Healthy Weight Loss,1200,Non-Vegetarian,4,1204,64,53,06-Heart-Healthy-Weight-Loss/1200-kcal/1200-kcal-Non-Vegetarian-Heart-Healthy-Weight-Loss-Option-04.pdf
Heart-Healthy Weight Loss,1200,Non-Vegetarian,5,1205,58,43,06-Heart-Healthy-Weight-Loss/1200-kcal/1200-kcal-Non-Vegetarian-Heart-Healthy-Weight-Loss-Option-05.pdf
Heart-Healthy Weight Loss,1200,Non-Vegetarian,6,1202,58,46,06-Heart-Healthy-Weight-Loss/1200-kcal/1200-kcal-Non-Vegetarian-Heart-Healthy-Weight-Loss-Option-06.pdf
Heart-Healthy Weight Loss,1200,Non-Vegetarian,7,1212,62,44,06-Heart-Healthy-Weight-Loss/1200-kcal/1200-kcal-Non-Vegetarian-Heart-Healthy-Weight-Loss-Option-07.pdf
Heart-Healthy Weight Loss,1200,Non-Vegetarian,8,1201,55,48,06-Heart-Healthy-Weight-Loss/1200-kcal/1200-kcal-Non-Vegetarian-Heart-Healthy-Weight-Loss-Option-08.pdf
Heart-Healthy Weight Loss,1200,Non-Vegetarian,9,1206,62,54,06-Heart-Healthy-Weight-Loss/1200-kcal/1200-kcal-Non-Vegetarian-Heart-Healthy-Weight-Loss-Option-09.pdf
Heart-Healthy Weight Loss,1200,Non-Vegetarian,10,1201,61,51,06-Heart-Healthy-Weight-Loss/1200-kcal/1200-kcal-Non-Vegetarian-Heart-Healthy-Weight-Loss-Option-10.pdf
Heart-Healthy Weight Loss,1200,Non-Vegetarian,11,1207,61,43,06-Heart-Healthy-Weight-Loss/1200-kcal/1200-kcal-Non-Vegetarian-Heart-Healthy-Weight-Loss-Option-11.pdf
Heart-Healthy Weight Loss,1200,Non-Vegetarian,12,1201,59,48,06-Heart-Healthy-Weight-Loss/1200-kcal/1200-kcal-Non-Vegetarian-Heart-Healthy-Weight-Loss-Option-12.pdf
Heart-Healthy Weight Loss,1200,Non-Vegetarian,13,1197,61,55,06-Heart-Healthy-Weight-Loss/1200-kcal/1200-kcal-Non-Vegetarian-Heart-Healthy-Weight-Loss-Option-13.pdf
Heart-Healthy Weight Loss,1200,Non-Vegetarian,14,1208,58,45,06-Heart-Healthy-Weight-Loss/1200-kcal/1200-kcal-Non-Vegetarian-Heart-Healthy-Weight-Loss-Option-14.pdf
Heart-Healthy Weight Loss,1200,Non-Vegetarian,15,1196,62,46,06-Heart-Healthy-Weight-Loss/1200-kcal/1200-kcal-Non-Vegetarian-Heart-Healthy-Weight-Loss-Option-15.pdf
Heart-Healthy Weight Loss,1200,Non-Vegetarian,16,1212,64,46,06-Heart-Healthy-Weight-Loss/1200-kcal/1200-kcal-Non-Vegetarian-Heart-Healthy-Weight-Loss-Option-16.pdf
Heart-Healthy Weight Loss,1200,Non-Vegetarian,17,1202,57,45,06-Heart-Healthy-Weight-Loss/1200-kcal/1200-kcal-Non-Vegetarian-Heart-Healthy-Weight-Loss-Option-17.pdf
Heart-Healthy Weight Loss,1200,Non-Vegetarian,18,1206,61,46,06-Heart-Healthy-Weight-Loss/1200-kcal/1200-kcal-Non-Vegetarian-Heart-Healthy-Weight-Loss-Option-18.pdf
Heart-Healthy Weight Loss,1200,Non-Vegetarian,19,1194,59,45,06-Heart-Healthy-Weight-Loss/1200-kcal/1200-kcal-Non-Vegetarian-Heart-Healthy-Weight-Loss-Option-19.pdf
Heart-Healthy Weight Loss,1200,Non-Vegetarian,20,1199,65,52,06-Heart-Healthy-Weight-Loss/1200-kcal/1200-kcal-Non-Vegetarian-Heart-Healthy-Weight-Loss-Option-20.pdf
Heart-Healthy Weight Loss,1200,Non-Vegetarian,21,1197,58,44,06-Heart-Healthy-Weight-Loss/1200-kcal/1200-kcal-Non-Vegetarian-Heart-Healthy-Weight-Loss-Option-21.pdf
Heart-Healthy Weight Loss,1200,Non-Vegetarian,22,1203,61,43,06-Heart-Healthy-Weight-Loss/1200-kcal/1200-kcal-Non-Vegetarian-Heart-Healthy-Weight-Loss-Option-22.pdf
Heart-Healthy Weight Loss,1200,Non-Vegetarian,23,1202,57,48,06-Heart-Healthy-Weight-Loss/1200-kcal/1200-kcal-Non-Vegetarian-Heart-Healthy-Weight-Loss-Option-23.pdf
Heart-Healthy Weight Loss,1200,Non-Vegetarian,24,1204,58,40,06-Heart-Healthy-Weight-Loss/1200-kcal/1200-kcal-Non-Vegetarian-Heart-Healthy-Weight-Loss-Option-24.pdf
Heart-Healthy Weight Loss,1200,Non-Vegetarian,25,1194,66,42,06-Heart-Healthy-Weight-Loss/1200-kcal/1200-kcal-Non-Vegetarian-Heart-Healthy-Weight-Loss-Option-25.pdf
Heart-Healthy Weight Loss,1200,Non-Vegetarian,26,1207,61,48,06-Heart-Healthy-Weight-Loss/1200-kcal/1200-kcal-Non-Vegetarian-Heart-Healthy-Weight-Loss-Option-26.pdf
Heart-Healthy Weight Loss,1200,Non-Vegetarian,27,1203,62,44,06-Heart-Healthy-Weight-Loss/1200-kcal/1200-kcal-Non-Vegetarian-Heart-Healthy-Weight-Loss-Option-27.pdf
Heart-Healthy Weight Loss,1200,Non-Vegetarian,28,1207,63,45,06-Heart-Healthy-Weight-Loss/1200-kcal/1200-kcal-Non-Vegetarian-Heart-Healthy-Weight-Loss-Option-28.pdf
Heart-Healthy Weight Loss,1200,Non-Vegetarian,29,1204,60,50,06-Heart-Healthy-Weight-Loss/1200-kcal/1200-kcal-Non-Vegetarian-Heart-Healthy-Weight-Loss-Option-29.pdf
Heart-Healthy Weight Loss,1200,Non-Vegetarian,30,1195,61,51,06-Heart-Healthy-Weight-Loss/1200-kcal/1200-kcal-Non-Vegetarian-Heart-Healthy-Weight-Loss-Option-30.pdf
Heart-Healthy Weight Loss,1300,Vegetarian,1,1297,48,41,06-Heart-Healthy-Weight-Loss/1300-kcal/1300-kcal-Vegetarian-Heart-Healthy-Weight-Loss-Option-01.pdf
Heart-Healthy Weight Loss,1300,Vegetarian,2,1300,46,38,06-Heart-Healthy-Weight-Loss/1300-kcal/1300-kcal-Vegetarian-Heart-Healthy-Weight-Loss-Option-02.pdf
Heart-Healthy Weight Loss,1300,Vegetarian,3,1301,49,41,06-Heart-Healthy-Weight-Loss/1300-kcal/1300-kcal-Vegetarian-Heart-Healthy-Weight-Loss-Option-03.pdf
Heart-Healthy Weight Loss,1300,Vegetarian,4,1302,52,46,06-Heart-Healthy-Weight-Loss/1300-kcal/1300-kcal-Vegetarian-Heart-Healthy-Weight-Loss-Option-04.pdf
Heart-Healthy Weight Loss,1300,Vegetarian,5,1307,50,47,06-Heart-Healthy-Weight-Loss/1300-kcal/1300-kcal-Vegetarian-Heart-Healthy-Weight-Loss-Option-05.pdf
Heart-Healthy Weight Loss,1300,Vegetarian,6,1295,48,40,06-Heart-Healthy-Weight-Loss/1300-kcal/1300-kcal-Vegetarian-Heart-Healthy-Weight-Loss-Option-06.pdf
Heart-Healthy Weight Loss,1300,Vegetarian,7,1304,49,44,06-Heart-Healthy-Weight-Loss/1300-kcal/1300-kcal-Vegetarian-Heart-Healthy-Weight-Loss-Option-07.pdf
Heart-Healthy Weight Loss,1300,Vegetarian,8,1297,48,44,06-Heart-Healthy-Weight-Loss/1300-kcal/1300-kcal-Vegetarian-Heart-Healthy-Weight-Loss-Option-08.pdf
Heart-Healthy Weight Loss,1300,Vegetarian,9,1294,47,45,06-Heart-Healthy-Weight-Loss/1300-kcal/1300-kcal-Vegetarian-Heart-Healthy-Weight-Loss-Option-09.pdf
Heart-Healthy Weight Loss,1300,Vegetarian,10,1299,48,40,06-Heart-Healthy-Weight-Loss/1300-kcal/1300-kcal-Vegetarian-Heart-Healthy-Weight-Loss-Option-10.pdf
Heart-Healthy Weight Loss,1300,Vegetarian,11,1301,49,43,06-Heart-Healthy-Weight-Loss/1300-kcal/1300-kcal-Vegetarian-Heart-Healthy-Weight-Loss-Option-11.pdf
Heart-Healthy Weight Loss,1300,Vegetarian,12,1298,47,42,06-Heart-Healthy-Weight-Loss/1300-kcal/1300-kcal-Vegetarian-Heart-Healthy-Weight-Loss-Option-12.pdf
Heart-Healthy Weight Loss,1300,Vegetarian,13,1308,50,42,06-Heart-Healthy-Weight-Loss/1300-kcal/1300-kcal-Vegetarian-Heart-Healthy-Weight-Loss-Option-13.pdf
Heart-Healthy Weight Loss,1300,Vegetarian,14,1285,48,43,06-Heart-Healthy-Weight-Loss/1300-kcal/1300-kcal-Vegetarian-Heart-Healthy-Weight-Loss-Option-14.pdf
Heart-Healthy Weight Loss,1300,Vegetarian,15,1302,51,37,06-Heart-Healthy-Weight-Loss/1300-kcal/1300-kcal-Vegetarian-Heart-Healthy-Weight-Loss-Option-15.pdf
Heart-Healthy Weight Loss,1300,Vegetarian,16,1296,50,39,06-Heart-Healthy-Weight-Loss/1300-kcal/1300-kcal-Vegetarian-Heart-Healthy-Weight-Loss-Option-16.pdf
Heart-Healthy Weight Loss,1300,Vegetarian,17,1300,50,45,06-Heart-Healthy-Weight-Loss/1300-kcal/1300-kcal-Vegetarian-Heart-Healthy-Weight-Loss-Option-17.pdf
Heart-Healthy Weight Loss,1300,Vegetarian,18,1306,48,42,06-Heart-Healthy-Weight-Loss/1300-kcal/1300-kcal-Vegetarian-Heart-Healthy-Weight-Loss-Option-18.pdf
Heart-Healthy Weight Loss,1300,Vegetarian,19,1306,49,44,06-Heart-Healthy-Weight-Loss/1300-kcal/1300-kcal-Vegetarian-Heart-Healthy-Weight-Loss-Option-19.pdf
Heart-Healthy Weight Loss,1300,Vegetarian,20,1308,49,45,06-Heart-Healthy-Weight-Loss/1300-kcal/1300-kcal-Vegetarian-Heart-Healthy-Weight-Loss-Option-20.pdf
Heart-Healthy Weight Loss,1300,Vegetarian,21,1305,53,41,06-Heart-Healthy-Weight-Loss/1300-kcal/1300-kcal-Vegetarian-Heart-Healthy-Weight-Loss-Option-21.pdf
Heart-Healthy Weight Loss,1300,Vegetarian,22,1297,49,43,06-Heart-Healthy-Weight-Loss/1300-kcal/1300-kcal-Vegetarian-Heart-Healthy-Weight-Loss-Option-22.pdf
Heart-Healthy Weight Loss,1300,Vegetarian,23,1297,49,42,06-Heart-Healthy-Weight-Loss/1300-kcal/1300-kcal-Vegetarian-Heart-Healthy-Weight-Loss-Option-23.pdf
Heart-Healthy Weight Loss,1300,Vegetarian,24,1289,46,39,06-Heart-Healthy-Weight-Loss/1300-kcal/1300-kcal-Vegetarian-Heart-Healthy-Weight-Loss-Option-24.pdf
Heart-Healthy Weight Loss,1300,Vegetarian,25,1302,49,44,06-Heart-Healthy-Weight-Loss/1300-kcal/1300-kcal-Vegetarian-Heart-Healthy-Weight-Loss-Option-25.pdf
Heart-Healthy Weight Loss,1300,Vegetarian,26,1304,48,40,06-Heart-Healthy-Weight-Loss/1300-kcal/1300-kcal-Vegetarian-Heart-Healthy-Weight-Loss-Option-26.pdf
Heart-Healthy Weight Loss,1300,Vegetarian,27,1310,50,42,06-Heart-Healthy-Weight-Loss/1300-kcal/1300-kcal-Vegetarian-Heart-Healthy-Weight-Loss-Option-27.pdf
Heart-Healthy Weight Loss,1300,Vegetarian,28,1306,48,43,06-Heart-Healthy-Weight-Loss/1300-kcal/1300-kcal-Vegetarian-Heart-Healthy-Weight-Loss-Option-28.pdf
Heart-Healthy Weight Loss,1300,Vegetarian,29,1309,49,45,06-Heart-Healthy-Weight-Loss/1300-kcal/1300-kcal-Vegetarian-Heart-Healthy-Weight-Loss-Option-29.pdf
Heart-Healthy Weight Loss,1300,Vegetarian,30,1306,49,41,06-Heart-Healthy-Weight-Loss/1300-kcal/1300-kcal-Vegetarian-Heart-Healthy-Weight-Loss-Option-30.pdf
Heart-Healthy Weight Loss,1300,Vegan,1,1308,49,41,06-Heart-Healthy-Weight-Loss/1300-kcal/1300-kcal-Vegan-Heart-Healthy-Weight-Loss-Option-01.pdf
Heart-Healthy Weight Loss,1300,Vegan,2,1295,50,42,06-Heart-Healthy-Weight-Loss/1300-kcal/1300-kcal-Vegan-Heart-Healthy-Weight-Loss-Option-02.pdf
Heart-Healthy Weight Loss,1300,Vegan,3,1292,49,43,06-Heart-Healthy-Weight-Loss/1300-kcal/1300-kcal-Vegan-Heart-Healthy-Weight-Loss-Option-03.pdf
Heart-Healthy Weight Loss,1300,Vegan,4,1295,50,42,06-Heart-Healthy-Weight-Loss/1300-kcal/1300-kcal-Vegan-Heart-Healthy-Weight-Loss-Option-04.pdf
Heart-Healthy Weight Loss,1300,Vegan,5,1301,47,39,06-Heart-Healthy-Weight-Loss/1300-kcal/1300-kcal-Vegan-Heart-Healthy-Weight-Loss-Option-05.pdf
Heart-Healthy Weight Loss,1300,Vegan,6,1295,48,41,06-Heart-Healthy-Weight-Loss/1300-kcal/1300-kcal-Vegan-Heart-Healthy-Weight-Loss-Option-06.pdf
Heart-Healthy Weight Loss,1300,Vegan,7,1296,49,42,06-Heart-Healthy-Weight-Loss/1300-kcal/1300-kcal-Vegan-Heart-Healthy-Weight-Loss-Option-07.pdf
Heart-Healthy Weight Loss,1300,Vegan,8,1298,50,46,06-Heart-Healthy-Weight-Loss/1300-kcal/1300-kcal-Vegan-Heart-Healthy-Weight-Loss-Option-08.pdf
Heart-Healthy Weight Loss,1300,Vegan,9,1292,46,36,06-Heart-Healthy-Weight-Loss/1300-kcal/1300-kcal-Vegan-Heart-Healthy-Weight-Loss-Option-09.pdf
Heart-Healthy Weight Loss,1300,Vegan,10,1296,46,40,06-Heart-Healthy-Weight-Loss/1300-kcal/1300-kcal-Vegan-Heart-Healthy-Weight-Loss-Option-10.pdf
Heart-Healthy Weight Loss,1300,Vegan,11,1300,47,41,06-Heart-Healthy-Weight-Loss/1300-kcal/1300-kcal-Vegan-Heart-Healthy-Weight-Loss-Option-11.pdf
Heart-Healthy Weight Loss,1300,Vegan,12,1296,48,43,06-Heart-Healthy-Weight-Loss/1300-kcal/1300-kcal-Vegan-Heart-Healthy-Weight-Loss-Option-12.pdf
Heart-Healthy Weight Loss,1300,Vegan,13,1295,52,48,06-Heart-Healthy-Weight-Loss/1300-kcal/1300-kcal-Vegan-Heart-Healthy-Weight-Loss-Option-13.pdf
Heart-Healthy Weight Loss,1300,Vegan,14,1294,50,41,06-Heart-Healthy-Weight-Loss/1300-kcal/1300-kcal-Vegan-Heart-Healthy-Weight-Loss-Option-14.pdf
Heart-Healthy Weight Loss,1300,Vegan,15,1297,51,40,06-Heart-Healthy-Weight-Loss/1300-kcal/1300-kcal-Vegan-Heart-Healthy-Weight-Loss-Option-15.pdf
Heart-Healthy Weight Loss,1300,Vegan,16,1308,47,43,06-Heart-Healthy-Weight-Loss/1300-kcal/1300-kcal-Vegan-Heart-Healthy-Weight-Loss-Option-16.pdf
Heart-Healthy Weight Loss,1300,Vegan,17,1307,48,43,06-Heart-Healthy-Weight-Loss/1300-kcal/1300-kcal-Vegan-Heart-Healthy-Weight-Loss-Option-17.pdf
Heart-Healthy Weight Loss,1300,Vegan,18,1297,46,40,06-Heart-Healthy-Weight-Loss/1300-kcal/1300-kcal-Vegan-Heart-Healthy-Weight-Loss-Option-18.pdf
Heart-Healthy Weight Loss,1300,Vegan,19,1307,47,42,06-Heart-Healthy-Weight-Loss/1300-kcal/1300-kcal-Vegan-Heart-Healthy-Weight-Loss-Option-19.pdf
Heart-Healthy Weight Loss,1300,Vegan,20,1298,46,40,06-Heart-Healthy-Weight-Loss/1300-kcal/1300-kcal-Vegan-Heart-Healthy-Weight-Loss-Option-20.pdf
Heart-Healthy Weight Loss,1300,Vegan,21,1305,47,39,06-Heart-Healthy-Weight-Loss/1300-kcal/1300-kcal-Vegan-Heart-Healthy-Weight-Loss-Option-21.pdf
Heart-Healthy Weight Loss,1300,Vegan,22,1292,45,40,06-Heart-Healthy-Weight-Loss/1300-kcal/1300-kcal-Vegan-Heart-Healthy-Weight-Loss-Option-22.pdf
Heart-Healthy Weight Loss,1300,Vegan,23,1300,48,44,06-Heart-Healthy-Weight-Loss/1300-kcal/1300-kcal-Vegan-Heart-Healthy-Weight-Loss-Option-23.pdf
Heart-Healthy Weight Loss,1300,Vegan,24,1303,50,42,06-Heart-Healthy-Weight-Loss/1300-kcal/1300-kcal-Vegan-Heart-Healthy-Weight-Loss-Option-24.pdf
Heart-Healthy Weight Loss,1300,Vegan,25,1299,50,46,06-Heart-Healthy-Weight-Loss/1300-kcal/1300-kcal-Vegan-Heart-Healthy-Weight-Loss-Option-25.pdf
Heart-Healthy Weight Loss,1300,Vegan,26,1289,46,39,06-Heart-Healthy-Weight-Loss/1300-kcal/1300-kcal-Vegan-Heart-Healthy-Weight-Loss-Option-26.pdf
Heart-Healthy Weight Loss,1300,Vegan,27,1292,50,45,06-Heart-Healthy-Weight-Loss/1300-kcal/1300-kcal-Vegan-Heart-Healthy-Weight-Loss-Option-27.pdf
Heart-Healthy Weight Loss,1300,Vegan,28,1305,48,44,06-Heart-Healthy-Weight-Loss/1300-kcal/1300-kcal-Vegan-Heart-Healthy-Weight-Loss-Option-28.pdf
Heart-Healthy Weight Loss,1300,Vegan,29,1290,47,42,06-Heart-Healthy-Weight-Loss/1300-kcal/1300-kcal-Vegan-Heart-Healthy-Weight-Loss-Option-29.pdf
Heart-Healthy Weight Loss,1300,Vegan,30,1305,47,44,06-Heart-Healthy-Weight-Loss/1300-kcal/1300-kcal-Vegan-Heart-Healthy-Weight-Loss-Option-30.pdf
Heart-Healthy Weight Loss,1300,Eggetarian,1,1301,56,44,06-Heart-Healthy-Weight-Loss/1300-kcal/1300-kcal-Eggetarian-Heart-Healthy-Weight-Loss-Option-01.pdf
Heart-Healthy Weight Loss,1300,Eggetarian,2,1298,53,39,06-Heart-Healthy-Weight-Loss/1300-kcal/1300-kcal-Eggetarian-Heart-Healthy-Weight-Loss-Option-02.pdf
Heart-Healthy Weight Loss,1300,Eggetarian,3,1304,58,50,06-Heart-Healthy-Weight-Loss/1300-kcal/1300-kcal-Eggetarian-Heart-Healthy-Weight-Loss-Option-03.pdf
Heart-Healthy Weight Loss,1300,Eggetarian,4,1288,55,43,06-Heart-Healthy-Weight-Loss/1300-kcal/1300-kcal-Eggetarian-Heart-Healthy-Weight-Loss-Option-04.pdf
Heart-Healthy Weight Loss,1300,Eggetarian,5,1298,56,39,06-Heart-Healthy-Weight-Loss/1300-kcal/1300-kcal-Eggetarian-Heart-Healthy-Weight-Loss-Option-05.pdf
Heart-Healthy Weight Loss,1300,Eggetarian,6,1298,59,43,06-Heart-Healthy-Weight-Loss/1300-kcal/1300-kcal-Eggetarian-Heart-Healthy-Weight-Loss-Option-06.pdf
Heart-Healthy Weight Loss,1300,Eggetarian,7,1295,57,44,06-Heart-Healthy-Weight-Loss/1300-kcal/1300-kcal-Eggetarian-Heart-Healthy-Weight-Loss-Option-07.pdf
Heart-Healthy Weight Loss,1300,Eggetarian,8,1295,62,52,06-Heart-Healthy-Weight-Loss/1300-kcal/1300-kcal-Eggetarian-Heart-Healthy-Weight-Loss-Option-08.pdf
Heart-Healthy Weight Loss,1300,Eggetarian,9,1301,55,40,06-Heart-Healthy-Weight-Loss/1300-kcal/1300-kcal-Eggetarian-Heart-Healthy-Weight-Loss-Option-09.pdf
Heart-Healthy Weight Loss,1300,Eggetarian,10,1302,54,44,06-Heart-Healthy-Weight-Loss/1300-kcal/1300-kcal-Eggetarian-Heart-Healthy-Weight-Loss-Option-10.pdf
Heart-Healthy Weight Loss,1300,Eggetarian,11,1296,56,43,06-Heart-Healthy-Weight-Loss/1300-kcal/1300-kcal-Eggetarian-Heart-Healthy-Weight-Loss-Option-11.pdf
Heart-Healthy Weight Loss,1300,Eggetarian,12,1301,57,45,06-Heart-Healthy-Weight-Loss/1300-kcal/1300-kcal-Eggetarian-Heart-Healthy-Weight-Loss-Option-12.pdf
Heart-Healthy Weight Loss,1300,Eggetarian,13,1310,55,41,06-Heart-Healthy-Weight-Loss/1300-kcal/1300-kcal-Eggetarian-Heart-Healthy-Weight-Loss-Option-13.pdf
Heart-Healthy Weight Loss,1300,Eggetarian,14,1293,56,45,06-Heart-Healthy-Weight-Loss/1300-kcal/1300-kcal-Eggetarian-Heart-Healthy-Weight-Loss-Option-14.pdf
Heart-Healthy Weight Loss,1300,Eggetarian,15,1294,55,41,06-Heart-Healthy-Weight-Loss/1300-kcal/1300-kcal-Eggetarian-Heart-Healthy-Weight-Loss-Option-15.pdf
Heart-Healthy Weight Loss,1300,Eggetarian,16,1288,58,39,06-Heart-Healthy-Weight-Loss/1300-kcal/1300-kcal-Eggetarian-Heart-Healthy-Weight-Loss-Option-16.pdf
Heart-Healthy Weight Loss,1300,Eggetarian,17,1295,57,44,06-Heart-Healthy-Weight-Loss/1300-kcal/1300-kcal-Eggetarian-Heart-Healthy-Weight-Loss-Option-17.pdf
Heart-Healthy Weight Loss,1300,Eggetarian,18,1297,56,44,06-Heart-Healthy-Weight-Loss/1300-kcal/1300-kcal-Eggetarian-Heart-Healthy-Weight-Loss-Option-18.pdf
Heart-Healthy Weight Loss,1300,Eggetarian,19,1295,58,42,06-Heart-Healthy-Weight-Loss/1300-kcal/1300-kcal-Eggetarian-Heart-Healthy-Weight-Loss-Option-19.pdf
Heart-Healthy Weight Loss,1300,Eggetarian,20,1303,54,41,06-Heart-Healthy-Weight-Loss/1300-kcal/1300-kcal-Eggetarian-Heart-Healthy-Weight-Loss-Option-20.pdf
Heart-Healthy Weight Loss,1300,Eggetarian,21,1288,57,43,06-Heart-Healthy-Weight-Loss/1300-kcal/1300-kcal-Eggetarian-Heart-Healthy-Weight-Loss-Option-21.pdf
Heart-Healthy Weight Loss,1300,Eggetarian,22,1299,56,42,06-Heart-Healthy-Weight-Loss/1300-kcal/1300-kcal-Eggetarian-Heart-Healthy-Weight-Loss-Option-22.pdf
Heart-Healthy Weight Loss,1300,Eggetarian,23,1300,59,46,06-Heart-Healthy-Weight-Loss/1300-kcal/1300-kcal-Eggetarian-Heart-Healthy-Weight-Loss-Option-23.pdf
Heart-Healthy Weight Loss,1300,Eggetarian,24,1298,57,47,06-Heart-Healthy-Weight-Loss/1300-kcal/1300-kcal-Eggetarian-Heart-Healthy-Weight-Loss-Option-24.pdf
Heart-Healthy Weight Loss,1300,Eggetarian,25,1287,56,42,06-Heart-Healthy-Weight-Loss/1300-kcal/1300-kcal-Eggetarian-Heart-Healthy-Weight-Loss-Option-25.pdf
Heart-Healthy Weight Loss,1300,Eggetarian,26,1295,56,43,06-Heart-Healthy-Weight-Loss/1300-kcal/1300-kcal-Eggetarian-Heart-Healthy-Weight-Loss-Option-26.pdf
Heart-Healthy Weight Loss,1300,Eggetarian,27,1301,59,42,06-Heart-Healthy-Weight-Loss/1300-kcal/1300-kcal-Eggetarian-Heart-Healthy-Weight-Loss-Option-27.pdf
Heart-Healthy Weight Loss,1300,Eggetarian,28,1305,55,41,06-Heart-Healthy-Weight-Loss/1300-kcal/1300-kcal-Eggetarian-Heart-Healthy-Weight-Loss-Option-28.pdf
Heart-Healthy Weight Loss,1300,Eggetarian,29,1313,61,45,06-Heart-Healthy-Weight-Loss/1300-kcal/1300-kcal-Eggetarian-Heart-Healthy-Weight-Loss-Option-29.pdf
Heart-Healthy Weight Loss,1300,Eggetarian,30,1308,58,39,06-Heart-Healthy-Weight-Loss/1300-kcal/1300-kcal-Eggetarian-Heart-Healthy-Weight-Loss-Option-30.pdf
Heart-Healthy Weight Loss,1300,Non-Vegetarian,1,1294,65,52,06-Heart-Healthy-Weight-Loss/1300-kcal/1300-kcal-Non-Vegetarian-Heart-Healthy-Weight-Loss-Option-01.pdf
Heart-Healthy Weight Loss,1300,Non-Vegetarian,2,1302,65,49,06-Heart-Healthy-Weight-Loss/1300-kcal/1300-kcal-Non-Vegetarian-Heart-Healthy-Weight-Loss-Option-02.pdf
Heart-Healthy Weight Loss,1300,Non-Vegetarian,3,1298,70,58,06-Heart-Healthy-Weight-Loss/1300-kcal/1300-kcal-Non-Vegetarian-Heart-Healthy-Weight-Loss-Option-03.pdf
Heart-Healthy Weight Loss,1300,Non-Vegetarian,4,1290,70,55,06-Heart-Healthy-Weight-Loss/1300-kcal/1300-kcal-Non-Vegetarian-Heart-Healthy-Weight-Loss-Option-04.pdf
Heart-Healthy Weight Loss,1300,Non-Vegetarian,5,1308,67,56,06-Heart-Healthy-Weight-Loss/1300-kcal/1300-kcal-Non-Vegetarian-Heart-Healthy-Weight-Loss-Option-05.pdf
Heart-Healthy Weight Loss,1300,Non-Vegetarian,6,1298,64,52,06-Heart-Healthy-Weight-Loss/1300-kcal/1300-kcal-Non-Vegetarian-Heart-Healthy-Weight-Loss-Option-06.pdf
Heart-Healthy Weight Loss,1300,Non-Vegetarian,7,1299,65,56,06-Heart-Healthy-Weight-Loss/1300-kcal/1300-kcal-Non-Vegetarian-Heart-Healthy-Weight-Loss-Option-07.pdf
Heart-Healthy Weight Loss,1300,Non-Vegetarian,8,1305,66,49,06-Heart-Healthy-Weight-Loss/1300-kcal/1300-kcal-Non-Vegetarian-Heart-Healthy-Weight-Loss-Option-08.pdf
Heart-Healthy Weight Loss,1300,Non-Vegetarian,9,1309,64,53,06-Heart-Healthy-Weight-Loss/1300-kcal/1300-kcal-Non-Vegetarian-Heart-Healthy-Weight-Loss-Option-09.pdf
Heart-Healthy Weight Loss,1300,Non-Vegetarian,10,1301,62,43,06-Heart-Healthy-Weight-Loss/1300-kcal/1300-kcal-Non-Vegetarian-Heart-Healthy-Weight-Loss-Option-10.pdf
Heart-Healthy Weight Loss,1300,Non-Vegetarian,11,1297,64,54,06-Heart-Healthy-Weight-Loss/1300-kcal/1300-kcal-Non-Vegetarian-Heart-Healthy-Weight-Loss-Option-11.pdf
Heart-Healthy Weight Loss,1300,Non-Vegetarian,12,1302,66,54,06-Heart-Healthy-Weight-Loss/1300-kcal/1300-kcal-Non-Vegetarian-Heart-Healthy-Weight-Loss-Option-12.pdf
Heart-Healthy Weight Loss,1300,Non-Vegetarian,13,1295,61,48,06-Heart-Healthy-Weight-Loss/1300-kcal/1300-kcal-Non-Vegetarian-Heart-Healthy-Weight-Loss-Option-13.pdf
Heart-Healthy Weight Loss,1300,Non-Vegetarian,14,1305,70,47,06-Heart-Healthy-Weight-Loss/1300-kcal/1300-kcal-Non-Vegetarian-Heart-Healthy-Weight-Loss-Option-14.pdf
Heart-Healthy Weight Loss,1300,Non-Vegetarian,15,1300,66,57,06-Heart-Healthy-Weight-Loss/1300-kcal/1300-kcal-Non-Vegetarian-Heart-Healthy-Weight-Loss-Option-15.pdf
Heart-Healthy Weight Loss,1300,Non-Vegetarian,16,1305,65,51,06-Heart-Healthy-Weight-Loss/1300-kcal/1300-kcal-Non-Vegetarian-Heart-Healthy-Weight-Loss-Option-16.pdf
Heart-Healthy Weight Loss,1300,Non-Vegetarian,17,1299,66,52,06-Heart-Healthy-Weight-Loss/1300-kcal/1300-kcal-Non-Vegetarian-Heart-Healthy-Weight-Loss-Option-17.pdf
Heart-Healthy Weight Loss,1300,Non-Vegetarian,18,1295,64,48,06-Heart-Healthy-Weight-Loss/1300-kcal/1300-kcal-Non-Vegetarian-Heart-Healthy-Weight-Loss-Option-18.pdf
Heart-Healthy Weight Loss,1300,Non-Vegetarian,19,1300,62,51,06-Heart-Healthy-Weight-Loss/1300-kcal/1300-kcal-Non-Vegetarian-Heart-Healthy-Weight-Loss-Option-19.pdf
Heart-Healthy Weight Loss,1300,Non-Vegetarian,20,1296,71,55,06-Heart-Healthy-Weight-Loss/1300-kcal/1300-kcal-Non-Vegetarian-Heart-Healthy-Weight-Loss-Option-20.pdf
Heart-Healthy Weight Loss,1300,Non-Vegetarian,21,1293,64,53,06-Heart-Healthy-Weight-Loss/1300-kcal/1300-kcal-Non-Vegetarian-Heart-Healthy-Weight-Loss-Option-21.pdf
Heart-Healthy Weight Loss,1300,Non-Vegetarian,22,1301,59,48,06-Heart-Healthy-Weight-Loss/1300-kcal/1300-kcal-Non-Vegetarian-Heart-Healthy-Weight-Loss-Option-22.pdf
Heart-Healthy Weight Loss,1300,Non-Vegetarian,23,1295,65,46,06-Heart-Healthy-Weight-Loss/1300-kcal/1300-kcal-Non-Vegetarian-Heart-Healthy-Weight-Loss-Option-23.pdf
Heart-Healthy Weight Loss,1300,Non-Vegetarian,24,1301,62,48,06-Heart-Healthy-Weight-Loss/1300-kcal/1300-kcal-Non-Vegetarian-Heart-Healthy-Weight-Loss-Option-24.pdf
Heart-Healthy Weight Loss,1300,Non-Vegetarian,25,1308,62,48,06-Heart-Healthy-Weight-Loss/1300-kcal/1300-kcal-Non-Vegetarian-Heart-Healthy-Weight-Loss-Option-25.pdf
Heart-Healthy Weight Loss,1300,Non-Vegetarian,26,1301,64,48,06-Heart-Healthy-Weight-Loss/1300-kcal/1300-kcal-Non-Vegetarian-Heart-Healthy-Weight-Loss-Option-26.pdf
Heart-Healthy Weight Loss,1300,Non-Vegetarian,27,1305,65,55,06-Heart-Healthy-Weight-Loss/1300-kcal/1300-kcal-Non-Vegetarian-Heart-Healthy-Weight-Loss-Option-27.pdf
Heart-Healthy Weight Loss,1300,Non-Vegetarian,28,1304,63,49,06-Heart-Healthy-Weight-Loss/1300-kcal/1300-kcal-Non-Vegetarian-Heart-Healthy-Weight-Loss-Option-28.pdf
Heart-Healthy Weight Loss,1300,Non-Vegetarian,29,1295,64,48,06-Heart-Healthy-Weight-Loss/1300-kcal/1300-kcal-Non-Vegetarian-Heart-Healthy-Weight-Loss-Option-29.pdf
Heart-Healthy Weight Loss,1300,Non-Vegetarian,30,1307,69,60,06-Heart-Healthy-Weight-Loss/1300-kcal/1300-kcal-Non-Vegetarian-Heart-Healthy-Weight-Loss-Option-30.pdf
Heart-Healthy Weight Loss,1400,Vegetarian,1,1400,52,43,06-Heart-Healthy-Weight-Loss/1400-kcal/1400-kcal-Vegetarian-Heart-Healthy-Weight-Loss-Option-01.pdf
Heart-Healthy Weight Loss,1400,Vegetarian,2,1400,51,42,06-Heart-Healthy-Weight-Loss/1400-kcal/1400-kcal-Vegetarian-Heart-Healthy-Weight-Loss-Option-02.pdf
Heart-Healthy Weight Loss,1400,Vegetarian,3,1383,53,48,06-Heart-Healthy-Weight-Loss/1400-kcal/1400-kcal-Vegetarian-Heart-Healthy-Weight-Loss-Option-03.pdf
Heart-Healthy Weight Loss,1400,Vegetarian,4,1400,54,47,06-Heart-Healthy-Weight-Loss/1400-kcal/1400-kcal-Vegetarian-Heart-Healthy-Weight-Loss-Option-04.pdf
Heart-Healthy Weight Loss,1400,Vegetarian,5,1390,52,38,06-Heart-Healthy-Weight-Loss/1400-kcal/1400-kcal-Vegetarian-Heart-Healthy-Weight-Loss-Option-05.pdf
Heart-Healthy Weight Loss,1400,Vegetarian,6,1404,52,42,06-Heart-Healthy-Weight-Loss/1400-kcal/1400-kcal-Vegetarian-Heart-Healthy-Weight-Loss-Option-06.pdf
Heart-Healthy Weight Loss,1400,Vegetarian,7,1401,51,45,06-Heart-Healthy-Weight-Loss/1400-kcal/1400-kcal-Vegetarian-Heart-Healthy-Weight-Loss-Option-07.pdf
Heart-Healthy Weight Loss,1400,Vegetarian,8,1392,52,46,06-Heart-Healthy-Weight-Loss/1400-kcal/1400-kcal-Vegetarian-Heart-Healthy-Weight-Loss-Option-08.pdf
Heart-Healthy Weight Loss,1400,Vegetarian,9,1399,54,51,06-Heart-Healthy-Weight-Loss/1400-kcal/1400-kcal-Vegetarian-Heart-Healthy-Weight-Loss-Option-09.pdf
Heart-Healthy Weight Loss,1400,Vegetarian,10,1397,54,42,06-Heart-Healthy-Weight-Loss/1400-kcal/1400-kcal-Vegetarian-Heart-Healthy-Weight-Loss-Option-10.pdf
Heart-Healthy Weight Loss,1400,Vegetarian,11,1391,48,39,06-Heart-Healthy-Weight-Loss/1400-kcal/1400-kcal-Vegetarian-Heart-Healthy-Weight-Loss-Option-11.pdf
Heart-Healthy Weight Loss,1400,Vegetarian,12,1400,52,47,06-Heart-Healthy-Weight-Loss/1400-kcal/1400-kcal-Vegetarian-Heart-Healthy-Weight-Loss-Option-12.pdf
Heart-Healthy Weight Loss,1400,Vegetarian,13,1405,57,51,06-Heart-Healthy-Weight-Loss/1400-kcal/1400-kcal-Vegetarian-Heart-Healthy-Weight-Loss-Option-13.pdf
Heart-Healthy Weight Loss,1400,Vegetarian,14,1407,52,48,06-Heart-Healthy-Weight-Loss/1400-kcal/1400-kcal-Vegetarian-Heart-Healthy-Weight-Loss-Option-14.pdf
Heart-Healthy Weight Loss,1400,Vegetarian,15,1396,54,46,06-Heart-Healthy-Weight-Loss/1400-kcal/1400-kcal-Vegetarian-Heart-Healthy-Weight-Loss-Option-15.pdf
Heart-Healthy Weight Loss,1400,Vegetarian,16,1397,49,43,06-Heart-Healthy-Weight-Loss/1400-kcal/1400-kcal-Vegetarian-Heart-Healthy-Weight-Loss-Option-16.pdf
Heart-Healthy Weight Loss,1400,Vegetarian,17,1405,51,47,06-Heart-Healthy-Weight-Loss/1400-kcal/1400-kcal-Vegetarian-Heart-Healthy-Weight-Loss-Option-17.pdf
Heart-Healthy Weight Loss,1400,Vegetarian,18,1407,52,41,06-Heart-Healthy-Weight-Loss/1400-kcal/1400-kcal-Vegetarian-Heart-Healthy-Weight-Loss-Option-18.pdf
Heart-Healthy Weight Loss,1400,Vegetarian,19,1390,51,45,06-Heart-Healthy-Weight-Loss/1400-kcal/1400-kcal-Vegetarian-Heart-Healthy-Weight-Loss-Option-19.pdf
Heart-Healthy Weight Loss,1400,Vegetarian,20,1385,54,45,06-Heart-Healthy-Weight-Loss/1400-kcal/1400-kcal-Vegetarian-Heart-Healthy-Weight-Loss-Option-20.pdf
Heart-Healthy Weight Loss,1400,Vegetarian,21,1401,55,47,06-Heart-Healthy-Weight-Loss/1400-kcal/1400-kcal-Vegetarian-Heart-Healthy-Weight-Loss-Option-21.pdf
Heart-Healthy Weight Loss,1400,Vegetarian,22,1398,56,50,06-Heart-Healthy-Weight-Loss/1400-kcal/1400-kcal-Vegetarian-Heart-Healthy-Weight-Loss-Option-22.pdf
Heart-Healthy Weight Loss,1400,Vegetarian,23,1397,54,48,06-Heart-Healthy-Weight-Loss/1400-kcal/1400-kcal-Vegetarian-Heart-Healthy-Weight-Loss-Option-23.pdf
Heart-Healthy Weight Loss,1400,Vegetarian,24,1397,53,48,06-Heart-Healthy-Weight-Loss/1400-kcal/1400-kcal-Vegetarian-Heart-Healthy-Weight-Loss-Option-24.pdf
Heart-Healthy Weight Loss,1400,Vegetarian,25,1403,50,44,06-Heart-Healthy-Weight-Loss/1400-kcal/1400-kcal-Vegetarian-Heart-Healthy-Weight-Loss-Option-25.pdf
Heart-Healthy Weight Loss,1400,Vegetarian,26,1398,51,45,06-Heart-Healthy-Weight-Loss/1400-kcal/1400-kcal-Vegetarian-Heart-Healthy-Weight-Loss-Option-26.pdf
Heart-Healthy Weight Loss,1400,Vegetarian,27,1400,51,45,06-Heart-Healthy-Weight-Loss/1400-kcal/1400-kcal-Vegetarian-Heart-Healthy-Weight-Loss-Option-27.pdf
Heart-Healthy Weight Loss,1400,Vegetarian,28,1399,54,47,06-Heart-Healthy-Weight-Loss/1400-kcal/1400-kcal-Vegetarian-Heart-Healthy-Weight-Loss-Option-28.pdf
Heart-Healthy Weight Loss,1400,Vegetarian,29,1391,51,47,06-Heart-Healthy-Weight-Loss/1400-kcal/1400-kcal-Vegetarian-Heart-Healthy-Weight-Loss-Option-29.pdf
Heart-Healthy Weight Loss,1400,Vegetarian,30,1392,50,42,06-Heart-Healthy-Weight-Loss/1400-kcal/1400-kcal-Vegetarian-Heart-Healthy-Weight-Loss-Option-30.pdf
Heart-Healthy Weight Loss,1400,Vegan,1,1400,53,46,06-Heart-Healthy-Weight-Loss/1400-kcal/1400-kcal-Vegan-Heart-Healthy-Weight-Loss-Option-01.pdf
Heart-Healthy Weight Loss,1400,Vegan,2,1391,49,42,06-Heart-Healthy-Weight-Loss/1400-kcal/1400-kcal-Vegan-Heart-Healthy-Weight-Loss-Option-02.pdf
Heart-Healthy Weight Loss,1400,Vegan,3,1403,56,50,06-Heart-Healthy-Weight-Loss/1400-kcal/1400-kcal-Vegan-Heart-Healthy-Weight-Loss-Option-03.pdf
Heart-Healthy Weight Loss,1400,Vegan,4,1402,56,47,06-Heart-Healthy-Weight-Loss/1400-kcal/1400-kcal-Vegan-Heart-Healthy-Weight-Loss-Option-04.pdf
Heart-Healthy Weight Loss,1400,Vegan,5,1397,50,45,06-Heart-Healthy-Weight-Loss/1400-kcal/1400-kcal-Vegan-Heart-Healthy-Weight-Loss-Option-05.pdf
Heart-Healthy Weight Loss,1400,Vegan,6,1389,52,44,06-Heart-Healthy-Weight-Loss/1400-kcal/1400-kcal-Vegan-Heart-Healthy-Weight-Loss-Option-06.pdf
Heart-Healthy Weight Loss,1400,Vegan,7,1406,54,48,06-Heart-Healthy-Weight-Loss/1400-kcal/1400-kcal-Vegan-Heart-Healthy-Weight-Loss-Option-07.pdf
Heart-Healthy Weight Loss,1400,Vegan,8,1400,54,46,06-Heart-Healthy-Weight-Loss/1400-kcal/1400-kcal-Vegan-Heart-Healthy-Weight-Loss-Option-08.pdf
Heart-Healthy Weight Loss,1400,Vegan,9,1398,53,42,06-Heart-Healthy-Weight-Loss/1400-kcal/1400-kcal-Vegan-Heart-Healthy-Weight-Loss-Option-09.pdf
Heart-Healthy Weight Loss,1400,Vegan,10,1390,48,41,06-Heart-Healthy-Weight-Loss/1400-kcal/1400-kcal-Vegan-Heart-Healthy-Weight-Loss-Option-10.pdf
Heart-Healthy Weight Loss,1400,Vegan,11,1395,49,42,06-Heart-Healthy-Weight-Loss/1400-kcal/1400-kcal-Vegan-Heart-Healthy-Weight-Loss-Option-11.pdf
Heart-Healthy Weight Loss,1400,Vegan,12,1386,54,47,06-Heart-Healthy-Weight-Loss/1400-kcal/1400-kcal-Vegan-Heart-Healthy-Weight-Loss-Option-12.pdf
Heart-Healthy Weight Loss,1400,Vegan,13,1408,50,40,06-Heart-Healthy-Weight-Loss/1400-kcal/1400-kcal-Vegan-Heart-Healthy-Weight-Loss-Option-13.pdf
Heart-Healthy Weight Loss,1400,Vegan,14,1394,50,42,06-Heart-Healthy-Weight-Loss/1400-kcal/1400-kcal-Vegan-Heart-Healthy-Weight-Loss-Option-14.pdf
Heart-Healthy Weight Loss,1400,Vegan,15,1390,47,39,06-Heart-Healthy-Weight-Loss/1400-kcal/1400-kcal-Vegan-Heart-Healthy-Weight-Loss-Option-15.pdf
Heart-Healthy Weight Loss,1400,Vegan,16,1415,55,51,06-Heart-Healthy-Weight-Loss/1400-kcal/1400-kcal-Vegan-Heart-Healthy-Weight-Loss-Option-16.pdf
Heart-Healthy Weight Loss,1400,Vegan,17,1403,54,50,06-Heart-Healthy-Weight-Loss/1400-kcal/1400-kcal-Vegan-Heart-Healthy-Weight-Loss-Option-17.pdf
Heart-Healthy Weight Loss,1400,Vegan,18,1394,52,45,06-Heart-Healthy-Weight-Loss/1400-kcal/1400-kcal-Vegan-Heart-Healthy-Weight-Loss-Option-18.pdf
Heart-Healthy Weight Loss,1400,Vegan,19,1408,52,47,06-Heart-Healthy-Weight-Loss/1400-kcal/1400-kcal-Vegan-Heart-Healthy-Weight-Loss-Option-19.pdf
Heart-Healthy Weight Loss,1400,Vegan,20,1403,52,48,06-Heart-Healthy-Weight-Loss/1400-kcal/1400-kcal-Vegan-Heart-Healthy-Weight-Loss-Option-20.pdf
Heart-Healthy Weight Loss,1400,Vegan,21,1396,52,48,06-Heart-Healthy-Weight-Loss/1400-kcal/1400-kcal-Vegan-Heart-Healthy-Weight-Loss-Option-21.pdf
Heart-Healthy Weight Loss,1400,Vegan,22,1404,53,44,06-Heart-Healthy-Weight-Loss/1400-kcal/1400-kcal-Vegan-Heart-Healthy-Weight-Loss-Option-22.pdf
Heart-Healthy Weight Loss,1400,Vegan,23,1400,57,49,06-Heart-Healthy-Weight-Loss/1400-kcal/1400-kcal-Vegan-Heart-Healthy-Weight-Loss-Option-23.pdf
Heart-Healthy Weight Loss,1400,Vegan,24,1388,55,48,06-Heart-Healthy-Weight-Loss/1400-kcal/1400-kcal-Vegan-Heart-Healthy-Weight-Loss-Option-24.pdf
Heart-Healthy Weight Loss,1400,Vegan,25,1394,50,49,06-Heart-Healthy-Weight-Loss/1400-kcal/1400-kcal-Vegan-Heart-Healthy-Weight-Loss-Option-25.pdf
Heart-Healthy Weight Loss,1400,Vegan,26,1394,51,43,06-Heart-Healthy-Weight-Loss/1400-kcal/1400-kcal-Vegan-Heart-Healthy-Weight-Loss-Option-26.pdf
Heart-Healthy Weight Loss,1400,Vegan,27,1391,53,50,06-Heart-Healthy-Weight-Loss/1400-kcal/1400-kcal-Vegan-Heart-Healthy-Weight-Loss-Option-27.pdf
Heart-Healthy Weight Loss,1400,Vegan,28,1399,51,42,06-Heart-Healthy-Weight-Loss/1400-kcal/1400-kcal-Vegan-Heart-Healthy-Weight-Loss-Option-28.pdf
Heart-Healthy Weight Loss,1400,Vegan,29,1393,53,43,06-Heart-Healthy-Weight-Loss/1400-kcal/1400-kcal-Vegan-Heart-Healthy-Weight-Loss-Option-29.pdf
Heart-Healthy Weight Loss,1400,Vegan,30,1392,53,47,06-Heart-Healthy-Weight-Loss/1400-kcal/1400-kcal-Vegan-Heart-Healthy-Weight-Loss-Option-30.pdf
Heart-Healthy Weight Loss,1400,Eggetarian,1,1406,61,48,06-Heart-Healthy-Weight-Loss/1400-kcal/1400-kcal-Eggetarian-Heart-Healthy-Weight-Loss-Option-01.pdf
Heart-Healthy Weight Loss,1400,Eggetarian,2,1385,61,49,06-Heart-Healthy-Weight-Loss/1400-kcal/1400-kcal-Eggetarian-Heart-Healthy-Weight-Loss-Option-02.pdf
Heart-Healthy Weight Loss,1400,Eggetarian,3,1400,63,50,06-Heart-Healthy-Weight-Loss/1400-kcal/1400-kcal-Eggetarian-Heart-Healthy-Weight-Loss-Option-03.pdf
Heart-Healthy Weight Loss,1400,Eggetarian,4,1401,64,54,06-Heart-Healthy-Weight-Loss/1400-kcal/1400-kcal-Eggetarian-Heart-Healthy-Weight-Loss-Option-04.pdf
Heart-Healthy Weight Loss,1400,Eggetarian,5,1413,61,51,06-Heart-Healthy-Weight-Loss/1400-kcal/1400-kcal-Eggetarian-Heart-Healthy-Weight-Loss-Option-05.pdf
Heart-Healthy Weight Loss,1400,Eggetarian,6,1399,64,49,06-Heart-Healthy-Weight-Loss/1400-kcal/1400-kcal-Eggetarian-Heart-Healthy-Weight-Loss-Option-06.pdf
Heart-Healthy Weight Loss,1400,Eggetarian,7,1393,60,43,06-Heart-Healthy-Weight-Loss/1400-kcal/1400-kcal-Eggetarian-Heart-Healthy-Weight-Loss-Option-07.pdf
Heart-Healthy Weight Loss,1400,Eggetarian,8,1399,58,48,06-Heart-Healthy-Weight-Loss/1400-kcal/1400-kcal-Eggetarian-Heart-Healthy-Weight-Loss-Option-08.pdf
Heart-Healthy Weight Loss,1400,Eggetarian,9,1392,60,46,06-Heart-Healthy-Weight-Loss/1400-kcal/1400-kcal-Eggetarian-Heart-Healthy-Weight-Loss-Option-09.pdf
Heart-Healthy Weight Loss,1400,Eggetarian,10,1400,61,45,06-Heart-Healthy-Weight-Loss/1400-kcal/1400-kcal-Eggetarian-Heart-Healthy-Weight-Loss-Option-10.pdf
Heart-Healthy Weight Loss,1400,Eggetarian,11,1389,56,47,06-Heart-Healthy-Weight-Loss/1400-kcal/1400-kcal-Eggetarian-Heart-Healthy-Weight-Loss-Option-11.pdf
Heart-Healthy Weight Loss,1400,Eggetarian,12,1406,58,42,06-Heart-Healthy-Weight-Loss/1400-kcal/1400-kcal-Eggetarian-Heart-Healthy-Weight-Loss-Option-12.pdf
Heart-Healthy Weight Loss,1400,Eggetarian,13,1407,66,54,06-Heart-Healthy-Weight-Loss/1400-kcal/1400-kcal-Eggetarian-Heart-Healthy-Weight-Loss-Option-13.pdf
Heart-Healthy Weight Loss,1400,Eggetarian,14,1408,61,49,06-Heart-Healthy-Weight-Loss/1400-kcal/1400-kcal-Eggetarian-Heart-Healthy-Weight-Loss-Option-14.pdf
Heart-Healthy Weight Loss,1400,Eggetarian,15,1405,62,49,06-Heart-Healthy-Weight-Loss/1400-kcal/1400-kcal-Eggetarian-Heart-Healthy-Weight-Loss-Option-15.pdf
Heart-Healthy Weight Loss,1400,Eggetarian,16,1409,64,51,06-Heart-Healthy-Weight-Loss/1400-kcal/1400-kcal-Eggetarian-Heart-Healthy-Weight-Loss-Option-16.pdf
Heart-Healthy Weight Loss,1400,Eggetarian,17,1397,63,49,06-Heart-Healthy-Weight-Loss/1400-kcal/1400-kcal-Eggetarian-Heart-Healthy-Weight-Loss-Option-17.pdf
Heart-Healthy Weight Loss,1400,Eggetarian,18,1391,63,44,06-Heart-Healthy-Weight-Loss/1400-kcal/1400-kcal-Eggetarian-Heart-Healthy-Weight-Loss-Option-18.pdf
Heart-Healthy Weight Loss,1400,Eggetarian,19,1397,62,48,06-Heart-Healthy-Weight-Loss/1400-kcal/1400-kcal-Eggetarian-Heart-Healthy-Weight-Loss-Option-19.pdf
Heart-Healthy Weight Loss,1400,Eggetarian,20,1399,64,54,06-Heart-Healthy-Weight-Loss/1400-kcal/1400-kcal-Eggetarian-Heart-Healthy-Weight-Loss-Option-20.pdf
Heart-Healthy Weight Loss,1400,Eggetarian,21,1408,63,52,06-Heart-Healthy-Weight-Loss/1400-kcal/1400-kcal-Eggetarian-Heart-Healthy-Weight-Loss-Option-21.pdf
Heart-Healthy Weight Loss,1400,Eggetarian,22,1402,61,52,06-Heart-Healthy-Weight-Loss/1400-kcal/1400-kcal-Eggetarian-Heart-Healthy-Weight-Loss-Option-22.pdf
Heart-Healthy Weight Loss,1400,Eggetarian,23,1389,64,42,06-Heart-Healthy-Weight-Loss/1400-kcal/1400-kcal-Eggetarian-Heart-Healthy-Weight-Loss-Option-23.pdf
Heart-Healthy Weight Loss,1400,Eggetarian,24,1391,60,44,06-Heart-Healthy-Weight-Loss/1400-kcal/1400-kcal-Eggetarian-Heart-Healthy-Weight-Loss-Option-24.pdf
Heart-Healthy Weight Loss,1400,Eggetarian,25,1397,62,47,06-Heart-Healthy-Weight-Loss/1400-kcal/1400-kcal-Eggetarian-Heart-Healthy-Weight-Loss-Option-25.pdf
Heart-Healthy Weight Loss,1400,Eggetarian,26,1398,61,46,06-Heart-Healthy-Weight-Loss/1400-kcal/1400-kcal-Eggetarian-Heart-Healthy-Weight-Loss-Option-26.pdf
Heart-Healthy Weight Loss,1400,Eggetarian,27,1397,63,52,06-Heart-Healthy-Weight-Loss/1400-kcal/1400-kcal-Eggetarian-Heart-Healthy-Weight-Loss-Option-27.pdf
Heart-Healthy Weight Loss,1400,Eggetarian,28,1392,61,44,06-Heart-Healthy-Weight-Loss/1400-kcal/1400-kcal-Eggetarian-Heart-Healthy-Weight-Loss-Option-28.pdf
Heart-Healthy Weight Loss,1400,Eggetarian,29,1407,60,49,06-Heart-Healthy-Weight-Loss/1400-kcal/1400-kcal-Eggetarian-Heart-Healthy-Weight-Loss-Option-29.pdf
Heart-Healthy Weight Loss,1400,Eggetarian,30,1388,60,45,06-Heart-Healthy-Weight-Loss/1400-kcal/1400-kcal-Eggetarian-Heart-Healthy-Weight-Loss-Option-30.pdf
Heart-Healthy Weight Loss,1400,Non-Vegetarian,1,1394,70,62,06-Heart-Healthy-Weight-Loss/1400-kcal/1400-kcal-Non-Vegetarian-Heart-Healthy-Weight-Loss-Option-01.pdf
Heart-Healthy Weight Loss,1400,Non-Vegetarian,2,1396,72,59,06-Heart-Healthy-Weight-Loss/1400-kcal/1400-kcal-Non-Vegetarian-Heart-Healthy-Weight-Loss-Option-02.pdf
Heart-Healthy Weight Loss,1400,Non-Vegetarian,3,1402,68,62,06-Heart-Healthy-Weight-Loss/1400-kcal/1400-kcal-Non-Vegetarian-Heart-Healthy-Weight-Loss-Option-03.pdf
Heart-Healthy Weight Loss,1400,Non-Vegetarian,4,1398,68,48,06-Heart-Healthy-Weight-Loss/1400-kcal/1400-kcal-Non-Vegetarian-Heart-Healthy-Weight-Loss-Option-04.pdf
Heart-Healthy Weight Loss,1400,Non-Vegetarian,5,1401,67,50,06-Heart-Healthy-Weight-Loss/1400-kcal/1400-kcal-Non-Vegetarian-Heart-Healthy-Weight-Loss-Option-05.pdf
Heart-Healthy Weight Loss,1400,Non-Vegetarian,6,1395,71,55,06-Heart-Healthy-Weight-Loss/1400-kcal/1400-kcal-Non-Vegetarian-Heart-Healthy-Weight-Loss-Option-06.pdf
Heart-Healthy Weight Loss,1400,Non-Vegetarian,7,1404,75,62,06-Heart-Healthy-Weight-Loss/1400-kcal/1400-kcal-Non-Vegetarian-Heart-Healthy-Weight-Loss-Option-07.pdf
Heart-Healthy Weight Loss,1400,Non-Vegetarian,8,1385,67,53,06-Heart-Healthy-Weight-Loss/1400-kcal/1400-kcal-Non-Vegetarian-Heart-Healthy-Weight-Loss-Option-08.pdf
Heart-Healthy Weight Loss,1400,Non-Vegetarian,9,1389,69,59,06-Heart-Healthy-Weight-Loss/1400-kcal/1400-kcal-Non-Vegetarian-Heart-Healthy-Weight-Loss-Option-09.pdf
Heart-Healthy Weight Loss,1400,Non-Vegetarian,10,1406,71,59,06-Heart-Healthy-Weight-Loss/1400-kcal/1400-kcal-Non-Vegetarian-Heart-Healthy-Weight-Loss-Option-10.pdf
Heart-Healthy Weight Loss,1400,Non-Vegetarian,11,1406,70,54,06-Heart-Healthy-Weight-Loss/1400-kcal/1400-kcal-Non-Vegetarian-Heart-Healthy-Weight-Loss-Option-11.pdf
Heart-Healthy Weight Loss,1400,Non-Vegetarian,12,1405,71,59,06-Heart-Healthy-Weight-Loss/1400-kcal/1400-kcal-Non-Vegetarian-Heart-Healthy-Weight-Loss-Option-12.pdf
Heart-Healthy Weight Loss,1400,Non-Vegetarian,13,1394,69,58,06-Heart-Healthy-Weight-Loss/1400-kcal/1400-kcal-Non-Vegetarian-Heart-Healthy-Weight-Loss-Option-13.pdf
Heart-Healthy Weight Loss,1400,Non-Vegetarian,14,1382,69,54,06-Heart-Healthy-Weight-Loss/1400-kcal/1400-kcal-Non-Vegetarian-Heart-Healthy-Weight-Loss-Option-14.pdf
Heart-Healthy Weight Loss,1400,Non-Vegetarian,15,1395,73,62,06-Heart-Healthy-Weight-Loss/1400-kcal/1400-kcal-Non-Vegetarian-Heart-Healthy-Weight-Loss-Option-15.pdf
Heart-Healthy Weight Loss,1400,Non-Vegetarian,16,1398,68,51,06-Heart-Healthy-Weight-Loss/1400-kcal/1400-kcal-Non-Vegetarian-Heart-Healthy-Weight-Loss-Option-16.pdf
Heart-Healthy Weight Loss,1400,Non-Vegetarian,17,1406,69,50,06-Heart-Healthy-Weight-Loss/1400-kcal/1400-kcal-Non-Vegetarian-Heart-Healthy-Weight-Loss-Option-17.pdf
Heart-Healthy Weight Loss,1400,Non-Vegetarian,18,1408,67,61,06-Heart-Healthy-Weight-Loss/1400-kcal/1400-kcal-Non-Vegetarian-Heart-Healthy-Weight-Loss-Option-18.pdf
Heart-Healthy Weight Loss,1400,Non-Vegetarian,19,1399,69,54,06-Heart-Healthy-Weight-Loss/1400-kcal/1400-kcal-Non-Vegetarian-Heart-Healthy-Weight-Loss-Option-19.pdf
Heart-Healthy Weight Loss,1400,Non-Vegetarian,20,1395,73,55,06-Heart-Healthy-Weight-Loss/1400-kcal/1400-kcal-Non-Vegetarian-Heart-Healthy-Weight-Loss-Option-20.pdf
Heart-Healthy Weight Loss,1400,Non-Vegetarian,21,1384,70,58,06-Heart-Healthy-Weight-Loss/1400-kcal/1400-kcal-Non-Vegetarian-Heart-Healthy-Weight-Loss-Option-21.pdf
Heart-Healthy Weight Loss,1400,Non-Vegetarian,22,1394,73,53,06-Heart-Healthy-Weight-Loss/1400-kcal/1400-kcal-Non-Vegetarian-Heart-Healthy-Weight-Loss-Option-22.pdf
Heart-Healthy Weight Loss,1400,Non-Vegetarian,23,1413,69,58,06-Heart-Healthy-Weight-Loss/1400-kcal/1400-kcal-Non-Vegetarian-Heart-Healthy-Weight-Loss-Option-23.pdf
Heart-Healthy Weight Loss,1400,Non-Vegetarian,24,1391,68,57,06-Heart-Healthy-Weight-Loss/1400-kcal/1400-kcal-Non-Vegetarian-Heart-Healthy-Weight-Loss-Option-24.pdf
Heart-Healthy Weight Loss,1400,Non-Vegetarian,25,1400,70,57,06-Heart-Healthy-Weight-Loss/1400-kcal/1400-kcal-Non-Vegetarian-Heart-Healthy-Weight-Loss-Option-25.pdf
Heart-Healthy Weight Loss,1400,Non-Vegetarian,26,1397,70,41,06-Heart-Healthy-Weight-Loss/1400-kcal/1400-kcal-Non-Vegetarian-Heart-Healthy-Weight-Loss-Option-26.pdf
Heart-Healthy Weight Loss,1400,Non-Vegetarian,27,1402,73,64,06-Heart-Healthy-Weight-Loss/1400-kcal/1400-kcal-Non-Vegetarian-Heart-Healthy-Weight-Loss-Option-27.pdf
Heart-Healthy Weight Loss,1400,Non-Vegetarian,28,1406,75,56,06-Heart-Healthy-Weight-Loss/1400-kcal/1400-kcal-Non-Vegetarian-Heart-Healthy-Weight-Loss-Option-28.pdf
Heart-Healthy Weight Loss,1400,Non-Vegetarian,29,1396,73,58,06-Heart-Healthy-Weight-Loss/1400-kcal/1400-kcal-Non-Vegetarian-Heart-Healthy-Weight-Loss-Option-29.pdf
Heart-Healthy Weight Loss,1400,Non-Vegetarian,30,1395,67,52,06-Heart-Healthy-Weight-Loss/1400-kcal/1400-kcal-Non-Vegetarian-Heart-Healthy-Weight-Loss-Option-30.pdf
Heart-Healthy Weight Loss,1500,Vegetarian,1,1503,54,48,06-Heart-Healthy-Weight-Loss/1500-kcal/1500-kcal-Vegetarian-Heart-Healthy-Weight-Loss-Option-01.pdf
Heart-Healthy Weight Loss,1500,Vegetarian,2,1487,55,45,06-Heart-Healthy-Weight-Loss/1500-kcal/1500-kcal-Vegetarian-Heart-Healthy-Weight-Loss-Option-02.pdf
Heart-Healthy Weight Loss,1500,Vegetarian,3,1493,55,50,06-Heart-Healthy-Weight-Loss/1500-kcal/1500-kcal-Vegetarian-Heart-Healthy-Weight-Loss-Option-03.pdf
Heart-Healthy Weight Loss,1500,Vegetarian,4,1504,56,53,06-Heart-Healthy-Weight-Loss/1500-kcal/1500-kcal-Vegetarian-Heart-Healthy-Weight-Loss-Option-04.pdf
Heart-Healthy Weight Loss,1500,Vegetarian,5,1489,54,47,06-Heart-Healthy-Weight-Loss/1500-kcal/1500-kcal-Vegetarian-Heart-Healthy-Weight-Loss-Option-05.pdf
Heart-Healthy Weight Loss,1500,Vegetarian,6,1504,57,46,06-Heart-Healthy-Weight-Loss/1500-kcal/1500-kcal-Vegetarian-Heart-Healthy-Weight-Loss-Option-06.pdf
Heart-Healthy Weight Loss,1500,Vegetarian,7,1493,53,47,06-Heart-Healthy-Weight-Loss/1500-kcal/1500-kcal-Vegetarian-Heart-Healthy-Weight-Loss-Option-07.pdf
Heart-Healthy Weight Loss,1500,Vegetarian,8,1494,57,49,06-Heart-Healthy-Weight-Loss/1500-kcal/1500-kcal-Vegetarian-Heart-Healthy-Weight-Loss-Option-08.pdf
Heart-Healthy Weight Loss,1500,Vegetarian,9,1498,58,52,06-Heart-Healthy-Weight-Loss/1500-kcal/1500-kcal-Vegetarian-Heart-Healthy-Weight-Loss-Option-09.pdf
Heart-Healthy Weight Loss,1500,Vegetarian,10,1502,57,51,06-Heart-Healthy-Weight-Loss/1500-kcal/1500-kcal-Vegetarian-Heart-Healthy-Weight-Loss-Option-10.pdf
Heart-Healthy Weight Loss,1500,Vegetarian,11,1495,53,47,06-Heart-Healthy-Weight-Loss/1500-kcal/1500-kcal-Vegetarian-Heart-Healthy-Weight-Loss-Option-11.pdf
Heart-Healthy Weight Loss,1500,Vegetarian,12,1501,60,53,06-Heart-Healthy-Weight-Loss/1500-kcal/1500-kcal-Vegetarian-Heart-Healthy-Weight-Loss-Option-12.pdf
Heart-Healthy Weight Loss,1500,Vegetarian,13,1509,58,50,06-Heart-Healthy-Weight-Loss/1500-kcal/1500-kcal-Vegetarian-Heart-Healthy-Weight-Loss-Option-13.pdf
Heart-Healthy Weight Loss,1500,Vegetarian,14,1504,60,54,06-Heart-Healthy-Weight-Loss/1500-kcal/1500-kcal-Vegetarian-Heart-Healthy-Weight-Loss-Option-14.pdf
Heart-Healthy Weight Loss,1500,Vegetarian,15,1500,57,46,06-Heart-Healthy-Weight-Loss/1500-kcal/1500-kcal-Vegetarian-Heart-Healthy-Weight-Loss-Option-15.pdf
Heart-Healthy Weight Loss,1500,Vegetarian,16,1489,61,56,06-Heart-Healthy-Weight-Loss/1500-kcal/1500-kcal-Vegetarian-Heart-Healthy-Weight-Loss-Option-16.pdf
Heart-Healthy Weight Loss,1500,Vegetarian,17,1505,55,45,06-Heart-Healthy-Weight-Loss/1500-kcal/1500-kcal-Vegetarian-Heart-Healthy-Weight-Loss-Option-17.pdf
Heart-Healthy Weight Loss,1500,Vegetarian,18,1506,53,48,06-Heart-Healthy-Weight-Loss/1500-kcal/1500-kcal-Vegetarian-Heart-Healthy-Weight-Loss-Option-18.pdf
Heart-Healthy Weight Loss,1500,Vegetarian,19,1497,57,45,06-Heart-Healthy-Weight-Loss/1500-kcal/1500-kcal-Vegetarian-Heart-Healthy-Weight-Loss-Option-19.pdf
Heart-Healthy Weight Loss,1500,Vegetarian,20,1487,57,50,06-Heart-Healthy-Weight-Loss/1500-kcal/1500-kcal-Vegetarian-Heart-Healthy-Weight-Loss-Option-20.pdf
Heart-Healthy Weight Loss,1500,Vegetarian,21,1494,55,47,06-Heart-Healthy-Weight-Loss/1500-kcal/1500-kcal-Vegetarian-Heart-Healthy-Weight-Loss-Option-21.pdf
Heart-Healthy Weight Loss,1500,Vegetarian,22,1501,55,49,06-Heart-Healthy-Weight-Loss/1500-kcal/1500-kcal-Vegetarian-Heart-Healthy-Weight-Loss-Option-22.pdf
Heart-Healthy Weight Loss,1500,Vegetarian,23,1486,58,46,06-Heart-Healthy-Weight-Loss/1500-kcal/1500-kcal-Vegetarian-Heart-Healthy-Weight-Loss-Option-23.pdf
Heart-Healthy Weight Loss,1500,Vegetarian,24,1493,55,46,06-Heart-Healthy-Weight-Loss/1500-kcal/1500-kcal-Vegetarian-Heart-Healthy-Weight-Loss-Option-24.pdf
Heart-Healthy Weight Loss,1500,Vegetarian,25,1504,58,48,06-Heart-Healthy-Weight-Loss/1500-kcal/1500-kcal-Vegetarian-Heart-Healthy-Weight-Loss-Option-25.pdf
Heart-Healthy Weight Loss,1500,Vegetarian,26,1498,56,48,06-Heart-Healthy-Weight-Loss/1500-kcal/1500-kcal-Vegetarian-Heart-Healthy-Weight-Loss-Option-26.pdf
Heart-Healthy Weight Loss,1500,Vegetarian,27,1505,57,52,06-Heart-Healthy-Weight-Loss/1500-kcal/1500-kcal-Vegetarian-Heart-Healthy-Weight-Loss-Option-27.pdf
Heart-Healthy Weight Loss,1500,Vegetarian,28,1513,56,48,06-Heart-Healthy-Weight-Loss/1500-kcal/1500-kcal-Vegetarian-Heart-Healthy-Weight-Loss-Option-28.pdf
Heart-Healthy Weight Loss,1500,Vegetarian,29,1498,56,50,06-Heart-Healthy-Weight-Loss/1500-kcal/1500-kcal-Vegetarian-Heart-Healthy-Weight-Loss-Option-29.pdf
Heart-Healthy Weight Loss,1500,Vegetarian,30,1497,55,47,06-Heart-Healthy-Weight-Loss/1500-kcal/1500-kcal-Vegetarian-Heart-Healthy-Weight-Loss-Option-30.pdf
Heart-Healthy Weight Loss,1500,Vegan,1,1499,53,45,06-Heart-Healthy-Weight-Loss/1500-kcal/1500-kcal-Vegan-Heart-Healthy-Weight-Loss-Option-01.pdf
Heart-Healthy Weight Loss,1500,Vegan,2,1501,57,49,06-Heart-Healthy-Weight-Loss/1500-kcal/1500-kcal-Vegan-Heart-Healthy-Weight-Loss-Option-02.pdf
Heart-Healthy Weight Loss,1500,Vegan,3,1499,54,51,06-Heart-Healthy-Weight-Loss/1500-kcal/1500-kcal-Vegan-Heart-Healthy-Weight-Loss-Option-03.pdf
Heart-Healthy Weight Loss,1500,Vegan,4,1491,58,49,06-Heart-Healthy-Weight-Loss/1500-kcal/1500-kcal-Vegan-Heart-Healthy-Weight-Loss-Option-04.pdf
Heart-Healthy Weight Loss,1500,Vegan,5,1489,54,45,06-Heart-Healthy-Weight-Loss/1500-kcal/1500-kcal-Vegan-Heart-Healthy-Weight-Loss-Option-05.pdf
Heart-Healthy Weight Loss,1500,Vegan,6,1515,54,49,06-Heart-Healthy-Weight-Loss/1500-kcal/1500-kcal-Vegan-Heart-Healthy-Weight-Loss-Option-06.pdf
Heart-Healthy Weight Loss,1500,Vegan,7,1492,55,47,06-Heart-Healthy-Weight-Loss/1500-kcal/1500-kcal-Vegan-Heart-Healthy-Weight-Loss-Option-07.pdf
Heart-Healthy Weight Loss,1500,Vegan,8,1490,55,45,06-Heart-Healthy-Weight-Loss/1500-kcal/1500-kcal-Vegan-Heart-Healthy-Weight-Loss-Option-08.pdf
Heart-Healthy Weight Loss,1500,Vegan,9,1492,54,47,06-Heart-Healthy-Weight-Loss/1500-kcal/1500-kcal-Vegan-Heart-Healthy-Weight-Loss-Option-09.pdf
Heart-Healthy Weight Loss,1500,Vegan,10,1497,53,47,06-Heart-Healthy-Weight-Loss/1500-kcal/1500-kcal-Vegan-Heart-Healthy-Weight-Loss-Option-10.pdf
Heart-Healthy Weight Loss,1500,Vegan,11,1491,55,50,06-Heart-Healthy-Weight-Loss/1500-kcal/1500-kcal-Vegan-Heart-Healthy-Weight-Loss-Option-11.pdf
Heart-Healthy Weight Loss,1500,Vegan,12,1505,58,42,06-Heart-Healthy-Weight-Loss/1500-kcal/1500-kcal-Vegan-Heart-Healthy-Weight-Loss-Option-12.pdf
Heart-Healthy Weight Loss,1500,Vegan,13,1509,57,50,06-Heart-Healthy-Weight-Loss/1500-kcal/1500-kcal-Vegan-Heart-Healthy-Weight-Loss-Option-13.pdf
Heart-Healthy Weight Loss,1500,Vegan,14,1500,55,44,06-Heart-Healthy-Weight-Loss/1500-kcal/1500-kcal-Vegan-Heart-Healthy-Weight-Loss-Option-14.pdf
Heart-Healthy Weight Loss,1500,Vegan,15,1501,56,50,06-Heart-Healthy-Weight-Loss/1500-kcal/1500-kcal-Vegan-Heart-Healthy-Weight-Loss-Option-15.pdf
Heart-Healthy Weight Loss,1500,Vegan,16,1489,56,50,06-Heart-Healthy-Weight-Loss/1500-kcal/1500-kcal-Vegan-Heart-Healthy-Weight-Loss-Option-16.pdf
Heart-Healthy Weight Loss,1500,Vegan,17,1477,57,46,06-Heart-Healthy-Weight-Loss/1500-kcal/1500-kcal-Vegan-Heart-Healthy-Weight-Loss-Option-17.pdf
Heart-Healthy Weight Loss,1500,Vegan,18,1493,55,51,06-Heart-Healthy-Weight-Loss/1500-kcal/1500-kcal-Vegan-Heart-Healthy-Weight-Loss-Option-18.pdf
Heart-Healthy Weight Loss,1500,Vegan,19,1500,56,51,06-Heart-Healthy-Weight-Loss/1500-kcal/1500-kcal-Vegan-Heart-Healthy-Weight-Loss-Option-19.pdf
Heart-Healthy Weight Loss,1500,Vegan,20,1492,56,48,06-Heart-Healthy-Weight-Loss/1500-kcal/1500-kcal-Vegan-Heart-Healthy-Weight-Loss-Option-20.pdf
Heart-Healthy Weight Loss,1500,Vegan,21,1506,58,49,06-Heart-Healthy-Weight-Loss/1500-kcal/1500-kcal-Vegan-Heart-Healthy-Weight-Loss-Option-21.pdf
Heart-Healthy Weight Loss,1500,Vegan,22,1489,59,49,06-Heart-Healthy-Weight-Loss/1500-kcal/1500-kcal-Vegan-Heart-Healthy-Weight-Loss-Option-22.pdf
Heart-Healthy Weight Loss,1500,Vegan,23,1494,54,44,06-Heart-Healthy-Weight-Loss/1500-kcal/1500-kcal-Vegan-Heart-Healthy-Weight-Loss-Option-23.pdf
Heart-Healthy Weight Loss,1500,Vegan,24,1502,58,52,06-Heart-Healthy-Weight-Loss/1500-kcal/1500-kcal-Vegan-Heart-Healthy-Weight-Loss-Option-24.pdf
Heart-Healthy Weight Loss,1500,Vegan,25,1479,57,46,06-Heart-Healthy-Weight-Loss/1500-kcal/1500-kcal-Vegan-Heart-Healthy-Weight-Loss-Option-25.pdf
Heart-Healthy Weight Loss,1500,Vegan,26,1490,57,52,06-Heart-Healthy-Weight-Loss/1500-kcal/1500-kcal-Vegan-Heart-Healthy-Weight-Loss-Option-26.pdf
Heart-Healthy Weight Loss,1500,Vegan,27,1496,55,46,06-Heart-Healthy-Weight-Loss/1500-kcal/1500-kcal-Vegan-Heart-Healthy-Weight-Loss-Option-27.pdf
Heart-Healthy Weight Loss,1500,Vegan,28,1486,57,49,06-Heart-Healthy-Weight-Loss/1500-kcal/1500-kcal-Vegan-Heart-Healthy-Weight-Loss-Option-28.pdf
Heart-Healthy Weight Loss,1500,Vegan,29,1504,58,50,06-Heart-Healthy-Weight-Loss/1500-kcal/1500-kcal-Vegan-Heart-Healthy-Weight-Loss-Option-29.pdf
Heart-Healthy Weight Loss,1500,Vegan,30,1506,53,46,06-Heart-Healthy-Weight-Loss/1500-kcal/1500-kcal-Vegan-Heart-Healthy-Weight-Loss-Option-30.pdf
Heart-Healthy Weight Loss,1500,Eggetarian,1,1489,68,54,06-Heart-Healthy-Weight-Loss/1500-kcal/1500-kcal-Eggetarian-Heart-Healthy-Weight-Loss-Option-01.pdf
Heart-Healthy Weight Loss,1500,Eggetarian,2,1502,63,45,06-Heart-Healthy-Weight-Loss/1500-kcal/1500-kcal-Eggetarian-Heart-Healthy-Weight-Loss-Option-02.pdf
Heart-Healthy Weight Loss,1500,Eggetarian,3,1498,66,50,06-Heart-Healthy-Weight-Loss/1500-kcal/1500-kcal-Eggetarian-Heart-Healthy-Weight-Loss-Option-03.pdf
Heart-Healthy Weight Loss,1500,Eggetarian,4,1490,67,51,06-Heart-Healthy-Weight-Loss/1500-kcal/1500-kcal-Eggetarian-Heart-Healthy-Weight-Loss-Option-04.pdf
Heart-Healthy Weight Loss,1500,Eggetarian,5,1494,64,48,06-Heart-Healthy-Weight-Loss/1500-kcal/1500-kcal-Eggetarian-Heart-Healthy-Weight-Loss-Option-05.pdf
Heart-Healthy Weight Loss,1500,Eggetarian,6,1500,66,51,06-Heart-Healthy-Weight-Loss/1500-kcal/1500-kcal-Eggetarian-Heart-Healthy-Weight-Loss-Option-06.pdf
Heart-Healthy Weight Loss,1500,Eggetarian,7,1490,66,51,06-Heart-Healthy-Weight-Loss/1500-kcal/1500-kcal-Eggetarian-Heart-Healthy-Weight-Loss-Option-07.pdf
Heart-Healthy Weight Loss,1500,Eggetarian,8,1503,66,47,06-Heart-Healthy-Weight-Loss/1500-kcal/1500-kcal-Eggetarian-Heart-Healthy-Weight-Loss-Option-08.pdf
Heart-Healthy Weight Loss,1500,Eggetarian,9,1497,67,48,06-Heart-Healthy-Weight-Loss/1500-kcal/1500-kcal-Eggetarian-Heart-Healthy-Weight-Loss-Option-09.pdf
Heart-Healthy Weight Loss,1500,Eggetarian,10,1492,67,59,06-Heart-Healthy-Weight-Loss/1500-kcal/1500-kcal-Eggetarian-Heart-Healthy-Weight-Loss-Option-10.pdf
Heart-Healthy Weight Loss,1500,Eggetarian,11,1504,60,45,06-Heart-Healthy-Weight-Loss/1500-kcal/1500-kcal-Eggetarian-Heart-Healthy-Weight-Loss-Option-11.pdf
Heart-Healthy Weight Loss,1500,Eggetarian,12,1490,68,57,06-Heart-Healthy-Weight-Loss/1500-kcal/1500-kcal-Eggetarian-Heart-Healthy-Weight-Loss-Option-12.pdf
Heart-Healthy Weight Loss,1500,Eggetarian,13,1491,68,53,06-Heart-Healthy-Weight-Loss/1500-kcal/1500-kcal-Eggetarian-Heart-Healthy-Weight-Loss-Option-13.pdf
Heart-Healthy Weight Loss,1500,Eggetarian,14,1497,66,51,06-Heart-Healthy-Weight-Loss/1500-kcal/1500-kcal-Eggetarian-Heart-Healthy-Weight-Loss-Option-14.pdf
Heart-Healthy Weight Loss,1500,Eggetarian,15,1486,66,50,06-Heart-Healthy-Weight-Loss/1500-kcal/1500-kcal-Eggetarian-Heart-Healthy-Weight-Loss-Option-15.pdf
Heart-Healthy Weight Loss,1500,Eggetarian,16,1509,65,52,06-Heart-Healthy-Weight-Loss/1500-kcal/1500-kcal-Eggetarian-Heart-Healthy-Weight-Loss-Option-16.pdf
Heart-Healthy Weight Loss,1500,Eggetarian,17,1491,64,52,06-Heart-Healthy-Weight-Loss/1500-kcal/1500-kcal-Eggetarian-Heart-Healthy-Weight-Loss-Option-17.pdf
Heart-Healthy Weight Loss,1500,Eggetarian,18,1491,62,48,06-Heart-Healthy-Weight-Loss/1500-kcal/1500-kcal-Eggetarian-Heart-Healthy-Weight-Loss-Option-18.pdf
Heart-Healthy Weight Loss,1500,Eggetarian,19,1486,65,48,06-Heart-Healthy-Weight-Loss/1500-kcal/1500-kcal-Eggetarian-Heart-Healthy-Weight-Loss-Option-19.pdf
Heart-Healthy Weight Loss,1500,Eggetarian,20,1507,60,42,06-Heart-Healthy-Weight-Loss/1500-kcal/1500-kcal-Eggetarian-Heart-Healthy-Weight-Loss-Option-20.pdf
Heart-Healthy Weight Loss,1500,Eggetarian,21,1505,65,53,06-Heart-Healthy-Weight-Loss/1500-kcal/1500-kcal-Eggetarian-Heart-Healthy-Weight-Loss-Option-21.pdf
Heart-Healthy Weight Loss,1500,Eggetarian,22,1500,67,52,06-Heart-Healthy-Weight-Loss/1500-kcal/1500-kcal-Eggetarian-Heart-Healthy-Weight-Loss-Option-22.pdf
Heart-Healthy Weight Loss,1500,Eggetarian,23,1507,63,48,06-Heart-Healthy-Weight-Loss/1500-kcal/1500-kcal-Eggetarian-Heart-Healthy-Weight-Loss-Option-23.pdf
Heart-Healthy Weight Loss,1500,Eggetarian,24,1500,63,50,06-Heart-Healthy-Weight-Loss/1500-kcal/1500-kcal-Eggetarian-Heart-Healthy-Weight-Loss-Option-24.pdf
Heart-Healthy Weight Loss,1500,Eggetarian,25,1492,67,47,06-Heart-Healthy-Weight-Loss/1500-kcal/1500-kcal-Eggetarian-Heart-Healthy-Weight-Loss-Option-25.pdf
Heart-Healthy Weight Loss,1500,Eggetarian,26,1504,65,50,06-Heart-Healthy-Weight-Loss/1500-kcal/1500-kcal-Eggetarian-Heart-Healthy-Weight-Loss-Option-26.pdf
Heart-Healthy Weight Loss,1500,Eggetarian,27,1491,71,55,06-Heart-Healthy-Weight-Loss/1500-kcal/1500-kcal-Eggetarian-Heart-Healthy-Weight-Loss-Option-27.pdf
Heart-Healthy Weight Loss,1500,Eggetarian,28,1497,70,53,06-Heart-Healthy-Weight-Loss/1500-kcal/1500-kcal-Eggetarian-Heart-Healthy-Weight-Loss-Option-28.pdf
Heart-Healthy Weight Loss,1500,Eggetarian,29,1499,66,51,06-Heart-Healthy-Weight-Loss/1500-kcal/1500-kcal-Eggetarian-Heart-Healthy-Weight-Loss-Option-29.pdf
Heart-Healthy Weight Loss,1500,Eggetarian,30,1486,63,48,06-Heart-Healthy-Weight-Loss/1500-kcal/1500-kcal-Eggetarian-Heart-Healthy-Weight-Loss-Option-30.pdf
Heart-Healthy Weight Loss,1500,Non-Vegetarian,1,1495,71,59,06-Heart-Healthy-Weight-Loss/1500-kcal/1500-kcal-Non-Vegetarian-Heart-Healthy-Weight-Loss-Option-01.pdf
Heart-Healthy Weight Loss,1500,Non-Vegetarian,2,1493,73,59,06-Heart-Healthy-Weight-Loss/1500-kcal/1500-kcal-Non-Vegetarian-Heart-Healthy-Weight-Loss-Option-02.pdf
Heart-Healthy Weight Loss,1500,Non-Vegetarian,3,1487,74,55,06-Heart-Healthy-Weight-Loss/1500-kcal/1500-kcal-Non-Vegetarian-Heart-Healthy-Weight-Loss-Option-03.pdf
Heart-Healthy Weight Loss,1500,Non-Vegetarian,4,1496,73,58,06-Heart-Healthy-Weight-Loss/1500-kcal/1500-kcal-Non-Vegetarian-Heart-Healthy-Weight-Loss-Option-04.pdf
Heart-Healthy Weight Loss,1500,Non-Vegetarian,5,1495,79,63,06-Heart-Healthy-Weight-Loss/1500-kcal/1500-kcal-Non-Vegetarian-Heart-Healthy-Weight-Loss-Option-05.pdf
Heart-Healthy Weight Loss,1500,Non-Vegetarian,6,1499,76,55,06-Heart-Healthy-Weight-Loss/1500-kcal/1500-kcal-Non-Vegetarian-Heart-Healthy-Weight-Loss-Option-06.pdf
Heart-Healthy Weight Loss,1500,Non-Vegetarian,7,1482,76,62,06-Heart-Healthy-Weight-Loss/1500-kcal/1500-kcal-Non-Vegetarian-Heart-Healthy-Weight-Loss-Option-07.pdf
Heart-Healthy Weight Loss,1500,Non-Vegetarian,8,1493,80,57,06-Heart-Healthy-Weight-Loss/1500-kcal/1500-kcal-Non-Vegetarian-Heart-Healthy-Weight-Loss-Option-08.pdf
Heart-Healthy Weight Loss,1500,Non-Vegetarian,9,1503,71,56,06-Heart-Healthy-Weight-Loss/1500-kcal/1500-kcal-Non-Vegetarian-Heart-Healthy-Weight-Loss-Option-09.pdf
Heart-Healthy Weight Loss,1500,Non-Vegetarian,10,1492,77,52,06-Heart-Healthy-Weight-Loss/1500-kcal/1500-kcal-Non-Vegetarian-Heart-Healthy-Weight-Loss-Option-10.pdf
Heart-Healthy Weight Loss,1500,Non-Vegetarian,11,1494,73,52,06-Heart-Healthy-Weight-Loss/1500-kcal/1500-kcal-Non-Vegetarian-Heart-Healthy-Weight-Loss-Option-11.pdf
Heart-Healthy Weight Loss,1500,Non-Vegetarian,12,1497,74,54,06-Heart-Healthy-Weight-Loss/1500-kcal/1500-kcal-Non-Vegetarian-Heart-Healthy-Weight-Loss-Option-12.pdf
Heart-Healthy Weight Loss,1500,Non-Vegetarian,13,1511,78,64,06-Heart-Healthy-Weight-Loss/1500-kcal/1500-kcal-Non-Vegetarian-Heart-Healthy-Weight-Loss-Option-13.pdf
Heart-Healthy Weight Loss,1500,Non-Vegetarian,14,1502,73,54,06-Heart-Healthy-Weight-Loss/1500-kcal/1500-kcal-Non-Vegetarian-Heart-Healthy-Weight-Loss-Option-14.pdf
Heart-Healthy Weight Loss,1500,Non-Vegetarian,15,1510,71,50,06-Heart-Healthy-Weight-Loss/1500-kcal/1500-kcal-Non-Vegetarian-Heart-Healthy-Weight-Loss-Option-15.pdf
Heart-Healthy Weight Loss,1500,Non-Vegetarian,16,1502,77,67,06-Heart-Healthy-Weight-Loss/1500-kcal/1500-kcal-Non-Vegetarian-Heart-Healthy-Weight-Loss-Option-16.pdf
Heart-Healthy Weight Loss,1500,Non-Vegetarian,17,1492,73,63,06-Heart-Healthy-Weight-Loss/1500-kcal/1500-kcal-Non-Vegetarian-Heart-Healthy-Weight-Loss-Option-17.pdf
Heart-Healthy Weight Loss,1500,Non-Vegetarian,18,1492,72,60,06-Heart-Healthy-Weight-Loss/1500-kcal/1500-kcal-Non-Vegetarian-Heart-Healthy-Weight-Loss-Option-18.pdf
Heart-Healthy Weight Loss,1500,Non-Vegetarian,19,1504,79,65,06-Heart-Healthy-Weight-Loss/1500-kcal/1500-kcal-Non-Vegetarian-Heart-Healthy-Weight-Loss-Option-19.pdf
Heart-Healthy Weight Loss,1500,Non-Vegetarian,20,1498,74,62,06-Heart-Healthy-Weight-Loss/1500-kcal/1500-kcal-Non-Vegetarian-Heart-Healthy-Weight-Loss-Option-20.pdf
Heart-Healthy Weight Loss,1500,Non-Vegetarian,21,1503,78,56,06-Heart-Healthy-Weight-Loss/1500-kcal/1500-kcal-Non-Vegetarian-Heart-Healthy-Weight-Loss-Option-21.pdf
Heart-Healthy Weight Loss,1500,Non-Vegetarian,22,1493,70,50,06-Heart-Healthy-Weight-Loss/1500-kcal/1500-kcal-Non-Vegetarian-Heart-Healthy-Weight-Loss-Option-22.pdf
Heart-Healthy Weight Loss,1500,Non-Vegetarian,23,1505,77,66,06-Heart-Healthy-Weight-Loss/1500-kcal/1500-kcal-Non-Vegetarian-Heart-Healthy-Weight-Loss-Option-23.pdf
Heart-Healthy Weight Loss,1500,Non-Vegetarian,24,1496,76,67,06-Heart-Healthy-Weight-Loss/1500-kcal/1500-kcal-Non-Vegetarian-Heart-Healthy-Weight-Loss-Option-24.pdf
Heart-Healthy Weight Loss,1500,Non-Vegetarian,25,1482,71,48,06-Heart-Healthy-Weight-Loss/1500-kcal/1500-kcal-Non-Vegetarian-Heart-Healthy-Weight-Loss-Option-25.pdf
Heart-Healthy Weight Loss,1500,Non-Vegetarian,26,1501,72,62,06-Heart-Healthy-Weight-Loss/1500-kcal/1500-kcal-Non-Vegetarian-Heart-Healthy-Weight-Loss-Option-26.pdf
Heart-Healthy Weight Loss,1500,Non-Vegetarian,27,1500,75,56,06-Heart-Healthy-Weight-Loss/1500-kcal/1500-kcal-Non-Vegetarian-Heart-Healthy-Weight-Loss-Option-27.pdf
Heart-Healthy Weight Loss,1500,Non-Vegetarian,28,1494,73,62,06-Heart-Healthy-Weight-Loss/1500-kcal/1500-kcal-Non-Vegetarian-Heart-Healthy-Weight-Loss-Option-28.pdf
Heart-Healthy Weight Loss,1500,Non-Vegetarian,29,1491,68,58,06-Heart-Healthy-Weight-Loss/1500-kcal/1500-kcal-Non-Vegetarian-Heart-Healthy-Weight-Loss-Option-29.pdf
Heart-Healthy Weight Loss,1500,Non-Vegetarian,30,1501,81,58,06-Heart-Healthy-Weight-Loss/1500-kcal/1500-kcal-Non-Vegetarian-Heart-Healthy-Weight-Loss-Option-30.pdf
Heart-Healthy Weight Loss,1600,Vegetarian,1,1587,61,56,06-Heart-Healthy-Weight-Loss/1600-kcal/1600-kcal-Vegetarian-Heart-Healthy-Weight-Loss-Option-01.pdf
Heart-Healthy Weight Loss,1600,Vegetarian,2,1591,59,52,06-Heart-Healthy-Weight-Loss/1600-kcal/1600-kcal-Vegetarian-Heart-Healthy-Weight-Loss-Option-02.pdf
Heart-Healthy Weight Loss,1600,Vegetarian,3,1602,57,46,06-Heart-Healthy-Weight-Loss/1600-kcal/1600-kcal-Vegetarian-Heart-Healthy-Weight-Loss-Option-03.pdf
Heart-Healthy Weight Loss,1600,Vegetarian,4,1607,59,52,06-Heart-Healthy-Weight-Loss/1600-kcal/1600-kcal-Vegetarian-Heart-Healthy-Weight-Loss-Option-04.pdf
Heart-Healthy Weight Loss,1600,Vegetarian,5,1601,59,55,06-Heart-Healthy-Weight-Loss/1600-kcal/1600-kcal-Vegetarian-Heart-Healthy-Weight-Loss-Option-05.pdf
Heart-Healthy Weight Loss,1600,Vegetarian,6,1601,59,52,06-Heart-Healthy-Weight-Loss/1600-kcal/1600-kcal-Vegetarian-Heart-Healthy-Weight-Loss-Option-06.pdf
Heart-Healthy Weight Loss,1600,Vegetarian,7,1606,59,51,06-Heart-Healthy-Weight-Loss/1600-kcal/1600-kcal-Vegetarian-Heart-Healthy-Weight-Loss-Option-07.pdf
Heart-Healthy Weight Loss,1600,Vegetarian,8,1594,57,48,06-Heart-Healthy-Weight-Loss/1600-kcal/1600-kcal-Vegetarian-Heart-Healthy-Weight-Loss-Option-08.pdf
Heart-Healthy Weight Loss,1600,Vegetarian,9,1612,61,56,06-Heart-Healthy-Weight-Loss/1600-kcal/1600-kcal-Vegetarian-Heart-Healthy-Weight-Loss-Option-09.pdf
Heart-Healthy Weight Loss,1600,Vegetarian,10,1591,59,51,06-Heart-Healthy-Weight-Loss/1600-kcal/1600-kcal-Vegetarian-Heart-Healthy-Weight-Loss-Option-10.pdf
Heart-Healthy Weight Loss,1600,Vegetarian,11,1606,61,56,06-Heart-Healthy-Weight-Loss/1600-kcal/1600-kcal-Vegetarian-Heart-Healthy-Weight-Loss-Option-11.pdf
Heart-Healthy Weight Loss,1600,Vegetarian,12,1605,60,49,06-Heart-Healthy-Weight-Loss/1600-kcal/1600-kcal-Vegetarian-Heart-Healthy-Weight-Loss-Option-12.pdf
Heart-Healthy Weight Loss,1600,Vegetarian,13,1608,61,55,06-Heart-Healthy-Weight-Loss/1600-kcal/1600-kcal-Vegetarian-Heart-Healthy-Weight-Loss-Option-13.pdf
Heart-Healthy Weight Loss,1600,Vegetarian,14,1604,61,57,06-Heart-Healthy-Weight-Loss/1600-kcal/1600-kcal-Vegetarian-Heart-Healthy-Weight-Loss-Option-14.pdf
Heart-Healthy Weight Loss,1600,Vegetarian,15,1599,61,45,06-Heart-Healthy-Weight-Loss/1600-kcal/1600-kcal-Vegetarian-Heart-Healthy-Weight-Loss-Option-15.pdf
Heart-Healthy Weight Loss,1600,Vegetarian,16,1590,59,48,06-Heart-Healthy-Weight-Loss/1600-kcal/1600-kcal-Vegetarian-Heart-Healthy-Weight-Loss-Option-16.pdf
Heart-Healthy Weight Loss,1600,Vegetarian,17,1599,62,55,06-Heart-Healthy-Weight-Loss/1600-kcal/1600-kcal-Vegetarian-Heart-Healthy-Weight-Loss-Option-17.pdf
Heart-Healthy Weight Loss,1600,Vegetarian,18,1595,59,47,06-Heart-Healthy-Weight-Loss/1600-kcal/1600-kcal-Vegetarian-Heart-Healthy-Weight-Loss-Option-18.pdf
Heart-Healthy Weight Loss,1600,Vegetarian,19,1602,60,55,06-Heart-Healthy-Weight-Loss/1600-kcal/1600-kcal-Vegetarian-Heart-Healthy-Weight-Loss-Option-19.pdf
Heart-Healthy Weight Loss,1600,Vegetarian,20,1601,59,53,06-Heart-Healthy-Weight-Loss/1600-kcal/1600-kcal-Vegetarian-Heart-Healthy-Weight-Loss-Option-20.pdf
Heart-Healthy Weight Loss,1600,Vegetarian,21,1591,58,45,06-Heart-Healthy-Weight-Loss/1600-kcal/1600-kcal-Vegetarian-Heart-Healthy-Weight-Loss-Option-21.pdf
Heart-Healthy Weight Loss,1600,Vegetarian,22,1599,59,46,06-Heart-Healthy-Weight-Loss/1600-kcal/1600-kcal-Vegetarian-Heart-Healthy-Weight-Loss-Option-22.pdf
Heart-Healthy Weight Loss,1600,Vegetarian,23,1583,56,46,06-Heart-Healthy-Weight-Loss/1600-kcal/1600-kcal-Vegetarian-Heart-Healthy-Weight-Loss-Option-23.pdf
Heart-Healthy Weight Loss,1600,Vegetarian,24,1615,60,52,06-Heart-Healthy-Weight-Loss/1600-kcal/1600-kcal-Vegetarian-Heart-Healthy-Weight-Loss-Option-24.pdf
Heart-Healthy Weight Loss,1600,Vegetarian,25,1605,58,53,06-Heart-Healthy-Weight-Loss/1600-kcal/1600-kcal-Vegetarian-Heart-Healthy-Weight-Loss-Option-25.pdf
Heart-Healthy Weight Loss,1600,Vegetarian,26,1602,61,50,06-Heart-Healthy-Weight-Loss/1600-kcal/1600-kcal-Vegetarian-Heart-Healthy-Weight-Loss-Option-26.pdf
Heart-Healthy Weight Loss,1600,Vegetarian,27,1594,61,51,06-Heart-Healthy-Weight-Loss/1600-kcal/1600-kcal-Vegetarian-Heart-Healthy-Weight-Loss-Option-27.pdf
Heart-Healthy Weight Loss,1600,Vegetarian,28,1596,59,55,06-Heart-Healthy-Weight-Loss/1600-kcal/1600-kcal-Vegetarian-Heart-Healthy-Weight-Loss-Option-28.pdf
Heart-Healthy Weight Loss,1600,Vegetarian,29,1610,59,54,06-Heart-Healthy-Weight-Loss/1600-kcal/1600-kcal-Vegetarian-Heart-Healthy-Weight-Loss-Option-29.pdf
Heart-Healthy Weight Loss,1600,Vegetarian,30,1606,59,50,06-Heart-Healthy-Weight-Loss/1600-kcal/1600-kcal-Vegetarian-Heart-Healthy-Weight-Loss-Option-30.pdf
Heart-Healthy Weight Loss,1600,Vegan,1,1597,60,49,06-Heart-Healthy-Weight-Loss/1600-kcal/1600-kcal-Vegan-Heart-Healthy-Weight-Loss-Option-01.pdf
Heart-Healthy Weight Loss,1600,Vegan,2,1604,55,53,06-Heart-Healthy-Weight-Loss/1600-kcal/1600-kcal-Vegan-Heart-Healthy-Weight-Loss-Option-02.pdf
Heart-Healthy Weight Loss,1600,Vegan,3,1596,60,54,06-Heart-Healthy-Weight-Loss/1600-kcal/1600-kcal-Vegan-Heart-Healthy-Weight-Loss-Option-03.pdf
Heart-Healthy Weight Loss,1600,Vegan,4,1607,61,54,06-Heart-Healthy-Weight-Loss/1600-kcal/1600-kcal-Vegan-Heart-Healthy-Weight-Loss-Option-04.pdf
Heart-Healthy Weight Loss,1600,Vegan,5,1587,58,48,06-Heart-Healthy-Weight-Loss/1600-kcal/1600-kcal-Vegan-Heart-Healthy-Weight-Loss-Option-05.pdf
Heart-Healthy Weight Loss,1600,Vegan,6,1596,54,47,06-Heart-Healthy-Weight-Loss/1600-kcal/1600-kcal-Vegan-Heart-Healthy-Weight-Loss-Option-06.pdf
Heart-Healthy Weight Loss,1600,Vegan,7,1593,58,54,06-Heart-Healthy-Weight-Loss/1600-kcal/1600-kcal-Vegan-Heart-Healthy-Weight-Loss-Option-07.pdf
Heart-Healthy Weight Loss,1600,Vegan,8,1589,62,50,06-Heart-Healthy-Weight-Loss/1600-kcal/1600-kcal-Vegan-Heart-Healthy-Weight-Loss-Option-08.pdf
Heart-Healthy Weight Loss,1600,Vegan,9,1612,62,54,06-Heart-Healthy-Weight-Loss/1600-kcal/1600-kcal-Vegan-Heart-Healthy-Weight-Loss-Option-09.pdf
Heart-Healthy Weight Loss,1600,Vegan,10,1592,58,47,06-Heart-Healthy-Weight-Loss/1600-kcal/1600-kcal-Vegan-Heart-Healthy-Weight-Loss-Option-10.pdf
Heart-Healthy Weight Loss,1600,Vegan,11,1589,58,49,06-Heart-Healthy-Weight-Loss/1600-kcal/1600-kcal-Vegan-Heart-Healthy-Weight-Loss-Option-11.pdf
Heart-Healthy Weight Loss,1600,Vegan,12,1596,63,53,06-Heart-Healthy-Weight-Loss/1600-kcal/1600-kcal-Vegan-Heart-Healthy-Weight-Loss-Option-12.pdf
Heart-Healthy Weight Loss,1600,Vegan,13,1605,57,50,06-Heart-Healthy-Weight-Loss/1600-kcal/1600-kcal-Vegan-Heart-Healthy-Weight-Loss-Option-13.pdf
Heart-Healthy Weight Loss,1600,Vegan,14,1599,60,51,06-Heart-Healthy-Weight-Loss/1600-kcal/1600-kcal-Vegan-Heart-Healthy-Weight-Loss-Option-14.pdf
Heart-Healthy Weight Loss,1600,Vegan,15,1601,63,56,06-Heart-Healthy-Weight-Loss/1600-kcal/1600-kcal-Vegan-Heart-Healthy-Weight-Loss-Option-15.pdf
Heart-Healthy Weight Loss,1600,Vegan,16,1601,61,53,06-Heart-Healthy-Weight-Loss/1600-kcal/1600-kcal-Vegan-Heart-Healthy-Weight-Loss-Option-16.pdf
Heart-Healthy Weight Loss,1600,Vegan,17,1606,59,50,06-Heart-Healthy-Weight-Loss/1600-kcal/1600-kcal-Vegan-Heart-Healthy-Weight-Loss-Option-17.pdf
Heart-Healthy Weight Loss,1600,Vegan,18,1594,60,53,06-Heart-Healthy-Weight-Loss/1600-kcal/1600-kcal-Vegan-Heart-Healthy-Weight-Loss-Option-18.pdf
Heart-Healthy Weight Loss,1600,Vegan,19,1583,64,52,06-Heart-Healthy-Weight-Loss/1600-kcal/1600-kcal-Vegan-Heart-Healthy-Weight-Loss-Option-19.pdf
Heart-Healthy Weight Loss,1600,Vegan,20,1595,57,50,06-Heart-Healthy-Weight-Loss/1600-kcal/1600-kcal-Vegan-Heart-Healthy-Weight-Loss-Option-20.pdf
Heart-Healthy Weight Loss,1600,Vegan,21,1584,61,55,06-Heart-Healthy-Weight-Loss/1600-kcal/1600-kcal-Vegan-Heart-Healthy-Weight-Loss-Option-21.pdf
Heart-Healthy Weight Loss,1600,Vegan,22,1599,61,53,06-Heart-Healthy-Weight-Loss/1600-kcal/1600-kcal-Vegan-Heart-Healthy-Weight-Loss-Option-22.pdf
Heart-Healthy Weight Loss,1600,Vegan,23,1587,60,55,06-Heart-Healthy-Weight-Loss/1600-kcal/1600-kcal-Vegan-Heart-Healthy-Weight-Loss-Option-23.pdf
Heart-Healthy Weight Loss,1600,Vegan,24,1588,57,48,06-Heart-Healthy-Weight-Loss/1600-kcal/1600-kcal-Vegan-Heart-Healthy-Weight-Loss-Option-24.pdf
Heart-Healthy Weight Loss,1600,Vegan,25,1574,58,50,06-Heart-Healthy-Weight-Loss/1600-kcal/1600-kcal-Vegan-Heart-Healthy-Weight-Loss-Option-25.pdf
Heart-Healthy Weight Loss,1600,Vegan,26,1603,57,49,06-Heart-Healthy-Weight-Loss/1600-kcal/1600-kcal-Vegan-Heart-Healthy-Weight-Loss-Option-26.pdf
Heart-Healthy Weight Loss,1600,Vegan,27,1597,60,45,06-Heart-Healthy-Weight-Loss/1600-kcal/1600-kcal-Vegan-Heart-Healthy-Weight-Loss-Option-27.pdf
Heart-Healthy Weight Loss,1600,Vegan,28,1595,60,53,06-Heart-Healthy-Weight-Loss/1600-kcal/1600-kcal-Vegan-Heart-Healthy-Weight-Loss-Option-28.pdf
Heart-Healthy Weight Loss,1600,Vegan,29,1595,61,57,06-Heart-Healthy-Weight-Loss/1600-kcal/1600-kcal-Vegan-Heart-Healthy-Weight-Loss-Option-29.pdf
Heart-Healthy Weight Loss,1600,Vegan,30,1595,54,43,06-Heart-Healthy-Weight-Loss/1600-kcal/1600-kcal-Vegan-Heart-Healthy-Weight-Loss-Option-30.pdf
Heart-Healthy Weight Loss,1600,Eggetarian,1,1599,69,48,06-Heart-Healthy-Weight-Loss/1600-kcal/1600-kcal-Eggetarian-Heart-Healthy-Weight-Loss-Option-01.pdf
Heart-Healthy Weight Loss,1600,Eggetarian,2,1592,67,54,06-Heart-Healthy-Weight-Loss/1600-kcal/1600-kcal-Eggetarian-Heart-Healthy-Weight-Loss-Option-02.pdf
Heart-Healthy Weight Loss,1600,Eggetarian,3,1587,67,54,06-Heart-Healthy-Weight-Loss/1600-kcal/1600-kcal-Eggetarian-Heart-Healthy-Weight-Loss-Option-03.pdf
Heart-Healthy Weight Loss,1600,Eggetarian,4,1591,66,52,06-Heart-Healthy-Weight-Loss/1600-kcal/1600-kcal-Eggetarian-Heart-Healthy-Weight-Loss-Option-04.pdf
Heart-Healthy Weight Loss,1600,Eggetarian,5,1575,68,50,06-Heart-Healthy-Weight-Loss/1600-kcal/1600-kcal-Eggetarian-Heart-Healthy-Weight-Loss-Option-05.pdf
Heart-Healthy Weight Loss,1600,Eggetarian,6,1602,72,55,06-Heart-Healthy-Weight-Loss/1600-kcal/1600-kcal-Eggetarian-Heart-Healthy-Weight-Loss-Option-06.pdf
Heart-Healthy Weight Loss,1600,Eggetarian,7,1595,66,52,06-Heart-Healthy-Weight-Loss/1600-kcal/1600-kcal-Eggetarian-Heart-Healthy-Weight-Loss-Option-07.pdf
Heart-Healthy Weight Loss,1600,Eggetarian,8,1579,65,43,06-Heart-Healthy-Weight-Loss/1600-kcal/1600-kcal-Eggetarian-Heart-Healthy-Weight-Loss-Option-08.pdf
Heart-Healthy Weight Loss,1600,Eggetarian,9,1597,68,47,06-Heart-Healthy-Weight-Loss/1600-kcal/1600-kcal-Eggetarian-Heart-Healthy-Weight-Loss-Option-09.pdf
Heart-Healthy Weight Loss,1600,Eggetarian,10,1602,67,54,06-Heart-Healthy-Weight-Loss/1600-kcal/1600-kcal-Eggetarian-Heart-Healthy-Weight-Loss-Option-10.pdf
Heart-Healthy Weight Loss,1600,Eggetarian,11,1591,67,49,06-Heart-Healthy-Weight-Loss/1600-kcal/1600-kcal-Eggetarian-Heart-Healthy-Weight-Loss-Option-11.pdf
Heart-Healthy Weight Loss,1600,Eggetarian,12,1604,64,51,06-Heart-Healthy-Weight-Loss/1600-kcal/1600-kcal-Eggetarian-Heart-Healthy-Weight-Loss-Option-12.pdf
Heart-Healthy Weight Loss,1600,Eggetarian,13,1591,68,47,06-Heart-Healthy-Weight-Loss/1600-kcal/1600-kcal-Eggetarian-Heart-Healthy-Weight-Loss-Option-13.pdf
Heart-Healthy Weight Loss,1600,Eggetarian,14,1599,69,52,06-Heart-Healthy-Weight-Loss/1600-kcal/1600-kcal-Eggetarian-Heart-Healthy-Weight-Loss-Option-14.pdf
Heart-Healthy Weight Loss,1600,Eggetarian,15,1601,66,50,06-Heart-Healthy-Weight-Loss/1600-kcal/1600-kcal-Eggetarian-Heart-Healthy-Weight-Loss-Option-15.pdf
Heart-Healthy Weight Loss,1600,Eggetarian,16,1596,69,54,06-Heart-Healthy-Weight-Loss/1600-kcal/1600-kcal-Eggetarian-Heart-Healthy-Weight-Loss-Option-16.pdf
Heart-Healthy Weight Loss,1600,Eggetarian,17,1600,71,59,06-Heart-Healthy-Weight-Loss/1600-kcal/1600-kcal-Eggetarian-Heart-Healthy-Weight-Loss-Option-17.pdf
Heart-Healthy Weight Loss,1600,Eggetarian,18,1600,70,53,06-Heart-Healthy-Weight-Loss/1600-kcal/1600-kcal-Eggetarian-Heart-Healthy-Weight-Loss-Option-18.pdf
Heart-Healthy Weight Loss,1600,Eggetarian,19,1601,70,55,06-Heart-Healthy-Weight-Loss/1600-kcal/1600-kcal-Eggetarian-Heart-Healthy-Weight-Loss-Option-19.pdf
Heart-Healthy Weight Loss,1600,Eggetarian,20,1597,66,56,06-Heart-Healthy-Weight-Loss/1600-kcal/1600-kcal-Eggetarian-Heart-Healthy-Weight-Loss-Option-20.pdf
Heart-Healthy Weight Loss,1600,Eggetarian,21,1603,70,59,06-Heart-Healthy-Weight-Loss/1600-kcal/1600-kcal-Eggetarian-Heart-Healthy-Weight-Loss-Option-21.pdf
Heart-Healthy Weight Loss,1600,Eggetarian,22,1589,71,54,06-Heart-Healthy-Weight-Loss/1600-kcal/1600-kcal-Eggetarian-Heart-Healthy-Weight-Loss-Option-22.pdf
Heart-Healthy Weight Loss,1600,Eggetarian,23,1602,71,58,06-Heart-Healthy-Weight-Loss/1600-kcal/1600-kcal-Eggetarian-Heart-Healthy-Weight-Loss-Option-23.pdf
Heart-Healthy Weight Loss,1600,Eggetarian,24,1585,68,51,06-Heart-Healthy-Weight-Loss/1600-kcal/1600-kcal-Eggetarian-Heart-Healthy-Weight-Loss-Option-24.pdf
Heart-Healthy Weight Loss,1600,Eggetarian,25,1579,65,52,06-Heart-Healthy-Weight-Loss/1600-kcal/1600-kcal-Eggetarian-Heart-Healthy-Weight-Loss-Option-25.pdf
Heart-Healthy Weight Loss,1600,Eggetarian,26,1596,72,58,06-Heart-Healthy-Weight-Loss/1600-kcal/1600-kcal-Eggetarian-Heart-Healthy-Weight-Loss-Option-26.pdf
Heart-Healthy Weight Loss,1600,Eggetarian,27,1591,66,55,06-Heart-Healthy-Weight-Loss/1600-kcal/1600-kcal-Eggetarian-Heart-Healthy-Weight-Loss-Option-27.pdf
Heart-Healthy Weight Loss,1600,Eggetarian,28,1578,67,51,06-Heart-Healthy-Weight-Loss/1600-kcal/1600-kcal-Eggetarian-Heart-Healthy-Weight-Loss-Option-28.pdf
Heart-Healthy Weight Loss,1600,Eggetarian,29,1600,70,48,06-Heart-Healthy-Weight-Loss/1600-kcal/1600-kcal-Eggetarian-Heart-Healthy-Weight-Loss-Option-29.pdf
Heart-Healthy Weight Loss,1600,Eggetarian,30,1589,66,52,06-Heart-Healthy-Weight-Loss/1600-kcal/1600-kcal-Eggetarian-Heart-Healthy-Weight-Loss-Option-30.pdf
Heart-Healthy Weight Loss,1600,Non-Vegetarian,1,1602,86,63,06-Heart-Healthy-Weight-Loss/1600-kcal/1600-kcal-Non-Vegetarian-Heart-Healthy-Weight-Loss-Option-01.pdf
Heart-Healthy Weight Loss,1600,Non-Vegetarian,2,1591,76,55,06-Heart-Healthy-Weight-Loss/1600-kcal/1600-kcal-Non-Vegetarian-Heart-Healthy-Weight-Loss-Option-02.pdf
Heart-Healthy Weight Loss,1600,Non-Vegetarian,3,1586,85,61,06-Heart-Healthy-Weight-Loss/1600-kcal/1600-kcal-Non-Vegetarian-Heart-Healthy-Weight-Loss-Option-03.pdf
Heart-Healthy Weight Loss,1600,Non-Vegetarian,4,1599,73,58,06-Heart-Healthy-Weight-Loss/1600-kcal/1600-kcal-Non-Vegetarian-Heart-Healthy-Weight-Loss-Option-04.pdf
Heart-Healthy Weight Loss,1600,Non-Vegetarian,5,1587,80,49,06-Heart-Healthy-Weight-Loss/1600-kcal/1600-kcal-Non-Vegetarian-Heart-Healthy-Weight-Loss-Option-05.pdf
Heart-Healthy Weight Loss,1600,Non-Vegetarian,6,1589,77,62,06-Heart-Healthy-Weight-Loss/1600-kcal/1600-kcal-Non-Vegetarian-Heart-Healthy-Weight-Loss-Option-06.pdf
Heart-Healthy Weight Loss,1600,Non-Vegetarian,7,1585,82,67,06-Heart-Healthy-Weight-Loss/1600-kcal/1600-kcal-Non-Vegetarian-Heart-Healthy-Weight-Loss-Option-07.pdf
Heart-Healthy Weight Loss,1600,Non-Vegetarian,8,1581,75,56,06-Heart-Healthy-Weight-Loss/1600-kcal/1600-kcal-Non-Vegetarian-Heart-Healthy-Weight-Loss-Option-08.pdf
Heart-Healthy Weight Loss,1600,Non-Vegetarian,9,1606,79,70,06-Heart-Healthy-Weight-Loss/1600-kcal/1600-kcal-Non-Vegetarian-Heart-Healthy-Weight-Loss-Option-09.pdf
Heart-Healthy Weight Loss,1600,Non-Vegetarian,10,1601,80,65,06-Heart-Healthy-Weight-Loss/1600-kcal/1600-kcal-Non-Vegetarian-Heart-Healthy-Weight-Loss-Option-10.pdf
Heart-Healthy Weight Loss,1600,Non-Vegetarian,11,1591,80,61,06-Heart-Healthy-Weight-Loss/1600-kcal/1600-kcal-Non-Vegetarian-Heart-Healthy-Weight-Loss-Option-11.pdf
Heart-Healthy Weight Loss,1600,Non-Vegetarian,12,1601,82,73,06-Heart-Healthy-Weight-Loss/1600-kcal/1600-kcal-Non-Vegetarian-Heart-Healthy-Weight-Loss-Option-12.pdf
Heart-Healthy Weight Loss,1600,Non-Vegetarian,13,1603,79,61,06-Heart-Healthy-Weight-Loss/1600-kcal/1600-kcal-Non-Vegetarian-Heart-Healthy-Weight-Loss-Option-13.pdf
Heart-Healthy Weight Loss,1600,Non-Vegetarian,14,1587,75,54,06-Heart-Healthy-Weight-Loss/1600-kcal/1600-kcal-Non-Vegetarian-Heart-Healthy-Weight-Loss-Option-14.pdf
Heart-Healthy Weight Loss,1600,Non-Vegetarian,15,1594,79,65,06-Heart-Healthy-Weight-Loss/1600-kcal/1600-kcal-Non-Vegetarian-Heart-Healthy-Weight-Loss-Option-15.pdf
Heart-Healthy Weight Loss,1600,Non-Vegetarian,16,1603,77,60,06-Heart-Healthy-Weight-Loss/1600-kcal/1600-kcal-Non-Vegetarian-Heart-Healthy-Weight-Loss-Option-16.pdf
Heart-Healthy Weight Loss,1600,Non-Vegetarian,17,1597,76,59,06-Heart-Healthy-Weight-Loss/1600-kcal/1600-kcal-Non-Vegetarian-Heart-Healthy-Weight-Loss-Option-17.pdf
Heart-Healthy Weight Loss,1600,Non-Vegetarian,18,1587,75,59,06-Heart-Healthy-Weight-Loss/1600-kcal/1600-kcal-Non-Vegetarian-Heart-Healthy-Weight-Loss-Option-18.pdf
Heart-Healthy Weight Loss,1600,Non-Vegetarian,19,1600,74,61,06-Heart-Healthy-Weight-Loss/1600-kcal/1600-kcal-Non-Vegetarian-Heart-Healthy-Weight-Loss-Option-19.pdf
Heart-Healthy Weight Loss,1600,Non-Vegetarian,20,1592,81,62,06-Heart-Healthy-Weight-Loss/1600-kcal/1600-kcal-Non-Vegetarian-Heart-Healthy-Weight-Loss-Option-20.pdf
Heart-Healthy Weight Loss,1600,Non-Vegetarian,21,1580,67,51,06-Heart-Healthy-Weight-Loss/1600-kcal/1600-kcal-Non-Vegetarian-Heart-Healthy-Weight-Loss-Option-21.pdf
Heart-Healthy Weight Loss,1600,Non-Vegetarian,22,1598,79,59,06-Heart-Healthy-Weight-Loss/1600-kcal/1600-kcal-Non-Vegetarian-Heart-Healthy-Weight-Loss-Option-22.pdf
Heart-Healthy Weight Loss,1600,Non-Vegetarian,23,1599,77,60,06-Heart-Healthy-Weight-Loss/1600-kcal/1600-kcal-Non-Vegetarian-Heart-Healthy-Weight-Loss-Option-23.pdf
Heart-Healthy Weight Loss,1600,Non-Vegetarian,24,1607,76,65,06-Heart-Healthy-Weight-Loss/1600-kcal/1600-kcal-Non-Vegetarian-Heart-Healthy-Weight-Loss-Option-24.pdf
Heart-Healthy Weight Loss,1600,Non-Vegetarian,25,1590,76,55,06-Heart-Healthy-Weight-Loss/1600-kcal/1600-kcal-Non-Vegetarian-Heart-Healthy-Weight-Loss-Option-25.pdf
Heart-Healthy Weight Loss,1600,Non-Vegetarian,26,1591,75,62,06-Heart-Healthy-Weight-Loss/1600-kcal/1600-kcal-Non-Vegetarian-Heart-Healthy-Weight-Loss-Option-26.pdf
Heart-Healthy Weight Loss,1600,Non-Vegetarian,27,1595,76,64,06-Heart-Healthy-Weight-Loss/1600-kcal/1600-kcal-Non-Vegetarian-Heart-Healthy-Weight-Loss-Option-27.pdf
Heart-Healthy Weight Loss,1600,Non-Vegetarian,28,1593,79,65,06-Heart-Healthy-Weight-Loss/1600-kcal/1600-kcal-Non-Vegetarian-Heart-Healthy-Weight-Loss-Option-28.pdf
Heart-Healthy Weight Loss,1600,Non-Vegetarian,29,1591,80,64,06-Heart-Healthy-Weight-Loss/1600-kcal/1600-kcal-Non-Vegetarian-Heart-Healthy-Weight-Loss-Option-29.pdf
Heart-Healthy Weight Loss,1600,Non-Vegetarian,30,1582,74,56,06-Heart-Healthy-Weight-Loss/1600-kcal/1600-kcal-Non-Vegetarian-Heart-Healthy-Weight-Loss-Option-30.pdf
Heart-Healthy Weight Loss,1800,Vegetarian,1,1797,74,67,06-Heart-Healthy-Weight-Loss/1800-kcal/1800-kcal-Vegetarian-Heart-Healthy-Weight-Loss-Option-01.pdf
Heart-Healthy Weight Loss,1800,Vegetarian,2,1791,68,57,06-Heart-Healthy-Weight-Loss/1800-kcal/1800-kcal-Vegetarian-Heart-Healthy-Weight-Loss-Option-02.pdf
Heart-Healthy Weight Loss,1800,Vegetarian,3,1803,68,61,06-Heart-Healthy-Weight-Loss/1800-kcal/1800-kcal-Vegetarian-Heart-Healthy-Weight-Loss-Option-03.pdf
Heart-Healthy Weight Loss,1800,Vegetarian,4,1818,71,65,06-Heart-Healthy-Weight-Loss/1800-kcal/1800-kcal-Vegetarian-Heart-Healthy-Weight-Loss-Option-04.pdf
Heart-Healthy Weight Loss,1800,Vegetarian,5,1794,68,57,06-Heart-Healthy-Weight-Loss/1800-kcal/1800-kcal-Vegetarian-Heart-Healthy-Weight-Loss-Option-05.pdf
Heart-Healthy Weight Loss,1800,Vegetarian,6,1797,66,55,06-Heart-Healthy-Weight-Loss/1800-kcal/1800-kcal-Vegetarian-Heart-Healthy-Weight-Loss-Option-06.pdf
Heart-Healthy Weight Loss,1800,Vegetarian,7,1806,69,62,06-Heart-Healthy-Weight-Loss/1800-kcal/1800-kcal-Vegetarian-Heart-Healthy-Weight-Loss-Option-07.pdf
Heart-Healthy Weight Loss,1800,Vegetarian,8,1799,70,61,06-Heart-Healthy-Weight-Loss/1800-kcal/1800-kcal-Vegetarian-Heart-Healthy-Weight-Loss-Option-08.pdf
Heart-Healthy Weight Loss,1800,Vegetarian,9,1800,67,61,06-Heart-Healthy-Weight-Loss/1800-kcal/1800-kcal-Vegetarian-Heart-Healthy-Weight-Loss-Option-09.pdf
Heart-Healthy Weight Loss,1800,Vegetarian,10,1811,68,62,06-Heart-Healthy-Weight-Loss/1800-kcal/1800-kcal-Vegetarian-Heart-Healthy-Weight-Loss-Option-10.pdf
Heart-Healthy Weight Loss,1800,Vegetarian,11,1801,66,56,06-Heart-Healthy-Weight-Loss/1800-kcal/1800-kcal-Vegetarian-Heart-Healthy-Weight-Loss-Option-11.pdf
Heart-Healthy Weight Loss,1800,Vegetarian,12,1793,68,63,06-Heart-Healthy-Weight-Loss/1800-kcal/1800-kcal-Vegetarian-Heart-Healthy-Weight-Loss-Option-12.pdf
Heart-Healthy Weight Loss,1800,Vegetarian,13,1798,65,54,06-Heart-Healthy-Weight-Loss/1800-kcal/1800-kcal-Vegetarian-Heart-Healthy-Weight-Loss-Option-13.pdf
Heart-Healthy Weight Loss,1800,Vegetarian,14,1809,67,56,06-Heart-Healthy-Weight-Loss/1800-kcal/1800-kcal-Vegetarian-Heart-Healthy-Weight-Loss-Option-14.pdf
Heart-Healthy Weight Loss,1800,Vegetarian,15,1792,68,60,06-Heart-Healthy-Weight-Loss/1800-kcal/1800-kcal-Vegetarian-Heart-Healthy-Weight-Loss-Option-15.pdf
Heart-Healthy Weight Loss,1800,Vegetarian,16,1793,65,50,06-Heart-Healthy-Weight-Loss/1800-kcal/1800-kcal-Vegetarian-Heart-Healthy-Weight-Loss-Option-16.pdf
Heart-Healthy Weight Loss,1800,Vegetarian,17,1789,65,56,06-Heart-Healthy-Weight-Loss/1800-kcal/1800-kcal-Vegetarian-Heart-Healthy-Weight-Loss-Option-17.pdf
Heart-Healthy Weight Loss,1800,Vegetarian,18,1799,65,57,06-Heart-Healthy-Weight-Loss/1800-kcal/1800-kcal-Vegetarian-Heart-Healthy-Weight-Loss-Option-18.pdf
Heart-Healthy Weight Loss,1800,Vegetarian,19,1796,68,62,06-Heart-Healthy-Weight-Loss/1800-kcal/1800-kcal-Vegetarian-Heart-Healthy-Weight-Loss-Option-19.pdf
Heart-Healthy Weight Loss,1800,Vegetarian,20,1792,68,61,06-Heart-Healthy-Weight-Loss/1800-kcal/1800-kcal-Vegetarian-Heart-Healthy-Weight-Loss-Option-20.pdf
Heart-Healthy Weight Loss,1800,Vegetarian,21,1787,69,58,06-Heart-Healthy-Weight-Loss/1800-kcal/1800-kcal-Vegetarian-Heart-Healthy-Weight-Loss-Option-21.pdf
Heart-Healthy Weight Loss,1800,Vegetarian,22,1791,68,61,06-Heart-Healthy-Weight-Loss/1800-kcal/1800-kcal-Vegetarian-Heart-Healthy-Weight-Loss-Option-22.pdf
Heart-Healthy Weight Loss,1800,Vegetarian,23,1790,66,58,06-Heart-Healthy-Weight-Loss/1800-kcal/1800-kcal-Vegetarian-Heart-Healthy-Weight-Loss-Option-23.pdf
Heart-Healthy Weight Loss,1800,Vegetarian,24,1805,70,60,06-Heart-Healthy-Weight-Loss/1800-kcal/1800-kcal-Vegetarian-Heart-Healthy-Weight-Loss-Option-24.pdf
Heart-Healthy Weight Loss,1800,Vegetarian,25,1786,64,57,06-Heart-Healthy-Weight-Loss/1800-kcal/1800-kcal-Vegetarian-Heart-Healthy-Weight-Loss-Option-25.pdf
Heart-Healthy Weight Loss,1800,Vegetarian,26,1807,68,60,06-Heart-Healthy-Weight-Loss/1800-kcal/1800-kcal-Vegetarian-Heart-Healthy-Weight-Loss-Option-26.pdf
Heart-Healthy Weight Loss,1800,Vegetarian,27,1797,70,65,06-Heart-Healthy-Weight-Loss/1800-kcal/1800-kcal-Vegetarian-Heart-Healthy-Weight-Loss-Option-27.pdf
Heart-Healthy Weight Loss,1800,Vegetarian,28,1783,64,53,06-Heart-Healthy-Weight-Loss/1800-kcal/1800-kcal-Vegetarian-Heart-Healthy-Weight-Loss-Option-28.pdf
Heart-Healthy Weight Loss,1800,Vegetarian,29,1794,72,56,06-Heart-Healthy-Weight-Loss/1800-kcal/1800-kcal-Vegetarian-Heart-Healthy-Weight-Loss-Option-29.pdf
Heart-Healthy Weight Loss,1800,Vegetarian,30,1806,69,60,06-Heart-Healthy-Weight-Loss/1800-kcal/1800-kcal-Vegetarian-Heart-Healthy-Weight-Loss-Option-30.pdf
Heart-Healthy Weight Loss,1800,Vegan,1,1780,66,59,06-Heart-Healthy-Weight-Loss/1800-kcal/1800-kcal-Vegan-Heart-Healthy-Weight-Loss-Option-01.pdf
Heart-Healthy Weight Loss,1800,Vegan,2,1791,64,50,06-Heart-Healthy-Weight-Loss/1800-kcal/1800-kcal-Vegan-Heart-Healthy-Weight-Loss-Option-02.pdf
Heart-Healthy Weight Loss,1800,Vegan,3,1795,67,59,06-Heart-Healthy-Weight-Loss/1800-kcal/1800-kcal-Vegan-Heart-Healthy-Weight-Loss-Option-03.pdf
Heart-Healthy Weight Loss,1800,Vegan,4,1785,61,58,06-Heart-Healthy-Weight-Loss/1800-kcal/1800-kcal-Vegan-Heart-Healthy-Weight-Loss-Option-04.pdf
Heart-Healthy Weight Loss,1800,Vegan,5,1787,65,57,06-Heart-Healthy-Weight-Loss/1800-kcal/1800-kcal-Vegan-Heart-Healthy-Weight-Loss-Option-05.pdf
Heart-Healthy Weight Loss,1800,Vegan,6,1792,64,52,06-Heart-Healthy-Weight-Loss/1800-kcal/1800-kcal-Vegan-Heart-Healthy-Weight-Loss-Option-06.pdf
Heart-Healthy Weight Loss,1800,Vegan,7,1785,65,53,06-Heart-Healthy-Weight-Loss/1800-kcal/1800-kcal-Vegan-Heart-Healthy-Weight-Loss-Option-07.pdf
Heart-Healthy Weight Loss,1800,Vegan,8,1797,66,60,06-Heart-Healthy-Weight-Loss/1800-kcal/1800-kcal-Vegan-Heart-Healthy-Weight-Loss-Option-08.pdf
Heart-Healthy Weight Loss,1800,Vegan,9,1780,68,58,06-Heart-Healthy-Weight-Loss/1800-kcal/1800-kcal-Vegan-Heart-Healthy-Weight-Loss-Option-09.pdf
Heart-Healthy Weight Loss,1800,Vegan,10,1793,67,61,06-Heart-Healthy-Weight-Loss/1800-kcal/1800-kcal-Vegan-Heart-Healthy-Weight-Loss-Option-10.pdf
Heart-Healthy Weight Loss,1800,Vegan,11,1801,67,56,06-Heart-Healthy-Weight-Loss/1800-kcal/1800-kcal-Vegan-Heart-Healthy-Weight-Loss-Option-11.pdf
Heart-Healthy Weight Loss,1800,Vegan,12,1788,66,53,06-Heart-Healthy-Weight-Loss/1800-kcal/1800-kcal-Vegan-Heart-Healthy-Weight-Loss-Option-12.pdf
Heart-Healthy Weight Loss,1800,Vegan,13,1802,69,62,06-Heart-Healthy-Weight-Loss/1800-kcal/1800-kcal-Vegan-Heart-Healthy-Weight-Loss-Option-13.pdf
Heart-Healthy Weight Loss,1800,Vegan,14,1779,68,60,06-Heart-Healthy-Weight-Loss/1800-kcal/1800-kcal-Vegan-Heart-Healthy-Weight-Loss-Option-14.pdf
Heart-Healthy Weight Loss,1800,Vegan,15,1786,65,59,06-Heart-Healthy-Weight-Loss/1800-kcal/1800-kcal-Vegan-Heart-Healthy-Weight-Loss-Option-15.pdf
Heart-Healthy Weight Loss,1800,Vegan,16,1803,67,56,06-Heart-Healthy-Weight-Loss/1800-kcal/1800-kcal-Vegan-Heart-Healthy-Weight-Loss-Option-16.pdf
Heart-Healthy Weight Loss,1800,Vegan,17,1774,67,56,06-Heart-Healthy-Weight-Loss/1800-kcal/1800-kcal-Vegan-Heart-Healthy-Weight-Loss-Option-17.pdf
Heart-Healthy Weight Loss,1800,Vegan,18,1798,63,57,06-Heart-Healthy-Weight-Loss/1800-kcal/1800-kcal-Vegan-Heart-Healthy-Weight-Loss-Option-18.pdf
Heart-Healthy Weight Loss,1800,Vegan,19,1806,66,58,06-Heart-Healthy-Weight-Loss/1800-kcal/1800-kcal-Vegan-Heart-Healthy-Weight-Loss-Option-19.pdf
Heart-Healthy Weight Loss,1800,Vegan,20,1787,71,60,06-Heart-Healthy-Weight-Loss/1800-kcal/1800-kcal-Vegan-Heart-Healthy-Weight-Loss-Option-20.pdf
Heart-Healthy Weight Loss,1800,Vegan,21,1800,65,60,06-Heart-Healthy-Weight-Loss/1800-kcal/1800-kcal-Vegan-Heart-Healthy-Weight-Loss-Option-21.pdf
Heart-Healthy Weight Loss,1800,Vegan,22,1791,64,56,06-Heart-Healthy-Weight-Loss/1800-kcal/1800-kcal-Vegan-Heart-Healthy-Weight-Loss-Option-22.pdf
Heart-Healthy Weight Loss,1800,Vegan,23,1794,69,51,06-Heart-Healthy-Weight-Loss/1800-kcal/1800-kcal-Vegan-Heart-Healthy-Weight-Loss-Option-23.pdf
Heart-Healthy Weight Loss,1800,Vegan,24,1783,70,62,06-Heart-Healthy-Weight-Loss/1800-kcal/1800-kcal-Vegan-Heart-Healthy-Weight-Loss-Option-24.pdf
Heart-Healthy Weight Loss,1800,Vegan,25,1791,68,55,06-Heart-Healthy-Weight-Loss/1800-kcal/1800-kcal-Vegan-Heart-Healthy-Weight-Loss-Option-25.pdf
Heart-Healthy Weight Loss,1800,Vegan,26,1784,64,56,06-Heart-Healthy-Weight-Loss/1800-kcal/1800-kcal-Vegan-Heart-Healthy-Weight-Loss-Option-26.pdf
Heart-Healthy Weight Loss,1800,Vegan,27,1793,69,53,06-Heart-Healthy-Weight-Loss/1800-kcal/1800-kcal-Vegan-Heart-Healthy-Weight-Loss-Option-27.pdf
Heart-Healthy Weight Loss,1800,Vegan,28,1775,64,57,06-Heart-Healthy-Weight-Loss/1800-kcal/1800-kcal-Vegan-Heart-Healthy-Weight-Loss-Option-28.pdf
Heart-Healthy Weight Loss,1800,Vegan,29,1787,70,59,06-Heart-Healthy-Weight-Loss/1800-kcal/1800-kcal-Vegan-Heart-Healthy-Weight-Loss-Option-29.pdf
Heart-Healthy Weight Loss,1800,Vegan,30,1786,68,59,06-Heart-Healthy-Weight-Loss/1800-kcal/1800-kcal-Vegan-Heart-Healthy-Weight-Loss-Option-30.pdf
Heart-Healthy Weight Loss,1800,Eggetarian,1,1783,71,50,06-Heart-Healthy-Weight-Loss/1800-kcal/1800-kcal-Eggetarian-Heart-Healthy-Weight-Loss-Option-01.pdf
Heart-Healthy Weight Loss,1800,Eggetarian,2,1788,76,55,06-Heart-Healthy-Weight-Loss/1800-kcal/1800-kcal-Eggetarian-Heart-Healthy-Weight-Loss-Option-02.pdf
Heart-Healthy Weight Loss,1800,Eggetarian,3,1784,76,62,06-Heart-Healthy-Weight-Loss/1800-kcal/1800-kcal-Eggetarian-Heart-Healthy-Weight-Loss-Option-03.pdf
Heart-Healthy Weight Loss,1800,Eggetarian,4,1794,74,59,06-Heart-Healthy-Weight-Loss/1800-kcal/1800-kcal-Eggetarian-Heart-Healthy-Weight-Loss-Option-04.pdf
Heart-Healthy Weight Loss,1800,Eggetarian,5,1787,70,55,06-Heart-Healthy-Weight-Loss/1800-kcal/1800-kcal-Eggetarian-Heart-Healthy-Weight-Loss-Option-05.pdf
Heart-Healthy Weight Loss,1800,Eggetarian,6,1806,77,61,06-Heart-Healthy-Weight-Loss/1800-kcal/1800-kcal-Eggetarian-Heart-Healthy-Weight-Loss-Option-06.pdf
Heart-Healthy Weight Loss,1800,Eggetarian,7,1790,73,54,06-Heart-Healthy-Weight-Loss/1800-kcal/1800-kcal-Eggetarian-Heart-Healthy-Weight-Loss-Option-07.pdf
Heart-Healthy Weight Loss,1800,Eggetarian,8,1784,75,60,06-Heart-Healthy-Weight-Loss/1800-kcal/1800-kcal-Eggetarian-Heart-Healthy-Weight-Loss-Option-08.pdf
Heart-Healthy Weight Loss,1800,Eggetarian,9,1781,75,63,06-Heart-Healthy-Weight-Loss/1800-kcal/1800-kcal-Eggetarian-Heart-Healthy-Weight-Loss-Option-09.pdf
Heart-Healthy Weight Loss,1800,Eggetarian,10,1798,74,61,06-Heart-Healthy-Weight-Loss/1800-kcal/1800-kcal-Eggetarian-Heart-Healthy-Weight-Loss-Option-10.pdf
Heart-Healthy Weight Loss,1800,Eggetarian,11,1787,76,62,06-Heart-Healthy-Weight-Loss/1800-kcal/1800-kcal-Eggetarian-Heart-Healthy-Weight-Loss-Option-11.pdf
Heart-Healthy Weight Loss,1800,Eggetarian,12,1773,75,54,06-Heart-Healthy-Weight-Loss/1800-kcal/1800-kcal-Eggetarian-Heart-Healthy-Weight-Loss-Option-12.pdf
Heart-Healthy Weight Loss,1800,Eggetarian,13,1791,77,59,06-Heart-Healthy-Weight-Loss/1800-kcal/1800-kcal-Eggetarian-Heart-Healthy-Weight-Loss-Option-13.pdf
Heart-Healthy Weight Loss,1800,Eggetarian,14,1793,72,56,06-Heart-Healthy-Weight-Loss/1800-kcal/1800-kcal-Eggetarian-Heart-Healthy-Weight-Loss-Option-14.pdf
Heart-Healthy Weight Loss,1800,Eggetarian,15,1798,75,60,06-Heart-Healthy-Weight-Loss/1800-kcal/1800-kcal-Eggetarian-Heart-Healthy-Weight-Loss-Option-15.pdf
Heart-Healthy Weight Loss,1800,Eggetarian,16,1790,78,65,06-Heart-Healthy-Weight-Loss/1800-kcal/1800-kcal-Eggetarian-Heart-Healthy-Weight-Loss-Option-16.pdf
Heart-Healthy Weight Loss,1800,Eggetarian,17,1802,78,65,06-Heart-Healthy-Weight-Loss/1800-kcal/1800-kcal-Eggetarian-Heart-Healthy-Weight-Loss-Option-17.pdf
Heart-Healthy Weight Loss,1800,Eggetarian,18,1792,78,64,06-Heart-Healthy-Weight-Loss/1800-kcal/1800-kcal-Eggetarian-Heart-Healthy-Weight-Loss-Option-18.pdf
Heart-Healthy Weight Loss,1800,Eggetarian,19,1797,75,57,06-Heart-Healthy-Weight-Loss/1800-kcal/1800-kcal-Eggetarian-Heart-Healthy-Weight-Loss-Option-19.pdf
Heart-Healthy Weight Loss,1800,Eggetarian,20,1784,74,52,06-Heart-Healthy-Weight-Loss/1800-kcal/1800-kcal-Eggetarian-Heart-Healthy-Weight-Loss-Option-20.pdf
Heart-Healthy Weight Loss,1800,Eggetarian,21,1808,75,57,06-Heart-Healthy-Weight-Loss/1800-kcal/1800-kcal-Eggetarian-Heart-Healthy-Weight-Loss-Option-21.pdf
Heart-Healthy Weight Loss,1800,Eggetarian,22,1813,77,57,06-Heart-Healthy-Weight-Loss/1800-kcal/1800-kcal-Eggetarian-Heart-Healthy-Weight-Loss-Option-22.pdf
Heart-Healthy Weight Loss,1800,Eggetarian,23,1778,77,58,06-Heart-Healthy-Weight-Loss/1800-kcal/1800-kcal-Eggetarian-Heart-Healthy-Weight-Loss-Option-23.pdf
Heart-Healthy Weight Loss,1800,Eggetarian,24,1783,76,61,06-Heart-Healthy-Weight-Loss/1800-kcal/1800-kcal-Eggetarian-Heart-Healthy-Weight-Loss-Option-24.pdf
Heart-Healthy Weight Loss,1800,Eggetarian,25,1805,75,63,06-Heart-Healthy-Weight-Loss/1800-kcal/1800-kcal-Eggetarian-Heart-Healthy-Weight-Loss-Option-25.pdf
Heart-Healthy Weight Loss,1800,Eggetarian,26,1788,72,54,06-Heart-Healthy-Weight-Loss/1800-kcal/1800-kcal-Eggetarian-Heart-Healthy-Weight-Loss-Option-26.pdf
Heart-Healthy Weight Loss,1800,Eggetarian,27,1795,75,58,06-Heart-Healthy-Weight-Loss/1800-kcal/1800-kcal-Eggetarian-Heart-Healthy-Weight-Loss-Option-27.pdf
Heart-Healthy Weight Loss,1800,Eggetarian,28,1785,74,61,06-Heart-Healthy-Weight-Loss/1800-kcal/1800-kcal-Eggetarian-Heart-Healthy-Weight-Loss-Option-28.pdf
Heart-Healthy Weight Loss,1800,Eggetarian,29,1793,73,54,06-Heart-Healthy-Weight-Loss/1800-kcal/1800-kcal-Eggetarian-Heart-Healthy-Weight-Loss-Option-29.pdf
Heart-Healthy Weight Loss,1800,Eggetarian,30,1799,79,59,06-Heart-Healthy-Weight-Loss/1800-kcal/1800-kcal-Eggetarian-Heart-Healthy-Weight-Loss-Option-30.pdf
Heart-Healthy Weight Loss,1800,Non-Vegetarian,1,1783,89,76,06-Heart-Healthy-Weight-Loss/1800-kcal/1800-kcal-Non-Vegetarian-Heart-Healthy-Weight-Loss-Option-01.pdf
Heart-Healthy Weight Loss,1800,Non-Vegetarian,2,1793,81,69,06-Heart-Healthy-Weight-Loss/1800-kcal/1800-kcal-Non-Vegetarian-Heart-Healthy-Weight-Loss-Option-02.pdf
Heart-Healthy Weight Loss,1800,Non-Vegetarian,3,1782,90,73,06-Heart-Healthy-Weight-Loss/1800-kcal/1800-kcal-Non-Vegetarian-Heart-Healthy-Weight-Loss-Option-03.pdf
Heart-Healthy Weight Loss,1800,Non-Vegetarian,4,1788,84,61,06-Heart-Healthy-Weight-Loss/1800-kcal/1800-kcal-Non-Vegetarian-Heart-Healthy-Weight-Loss-Option-04.pdf
Heart-Healthy Weight Loss,1800,Non-Vegetarian,5,1799,83,61,06-Heart-Healthy-Weight-Loss/1800-kcal/1800-kcal-Non-Vegetarian-Heart-Healthy-Weight-Loss-Option-05.pdf
Heart-Healthy Weight Loss,1800,Non-Vegetarian,6,1800,85,67,06-Heart-Healthy-Weight-Loss/1800-kcal/1800-kcal-Non-Vegetarian-Heart-Healthy-Weight-Loss-Option-06.pdf
Heart-Healthy Weight Loss,1800,Non-Vegetarian,7,1788,86,70,06-Heart-Healthy-Weight-Loss/1800-kcal/1800-kcal-Non-Vegetarian-Heart-Healthy-Weight-Loss-Option-07.pdf
Heart-Healthy Weight Loss,1800,Non-Vegetarian,8,1795,93,76,06-Heart-Healthy-Weight-Loss/1800-kcal/1800-kcal-Non-Vegetarian-Heart-Healthy-Weight-Loss-Option-08.pdf
Heart-Healthy Weight Loss,1800,Non-Vegetarian,9,1783,83,71,06-Heart-Healthy-Weight-Loss/1800-kcal/1800-kcal-Non-Vegetarian-Heart-Healthy-Weight-Loss-Option-09.pdf
Heart-Healthy Weight Loss,1800,Non-Vegetarian,10,1785,87,73,06-Heart-Healthy-Weight-Loss/1800-kcal/1800-kcal-Non-Vegetarian-Heart-Healthy-Weight-Loss-Option-10.pdf
Heart-Healthy Weight Loss,1800,Non-Vegetarian,11,1779,83,65,06-Heart-Healthy-Weight-Loss/1800-kcal/1800-kcal-Non-Vegetarian-Heart-Healthy-Weight-Loss-Option-11.pdf
Heart-Healthy Weight Loss,1800,Non-Vegetarian,12,1801,87,72,06-Heart-Healthy-Weight-Loss/1800-kcal/1800-kcal-Non-Vegetarian-Heart-Healthy-Weight-Loss-Option-12.pdf
Heart-Healthy Weight Loss,1800,Non-Vegetarian,13,1794,91,68,06-Heart-Healthy-Weight-Loss/1800-kcal/1800-kcal-Non-Vegetarian-Heart-Healthy-Weight-Loss-Option-13.pdf
Heart-Healthy Weight Loss,1800,Non-Vegetarian,14,1786,92,74,06-Heart-Healthy-Weight-Loss/1800-kcal/1800-kcal-Non-Vegetarian-Heart-Healthy-Weight-Loss-Option-14.pdf
Heart-Healthy Weight Loss,1800,Non-Vegetarian,15,1792,84,65,06-Heart-Healthy-Weight-Loss/1800-kcal/1800-kcal-Non-Vegetarian-Heart-Healthy-Weight-Loss-Option-15.pdf
Heart-Healthy Weight Loss,1800,Non-Vegetarian,16,1790,85,69,06-Heart-Healthy-Weight-Loss/1800-kcal/1800-kcal-Non-Vegetarian-Heart-Healthy-Weight-Loss-Option-16.pdf
Heart-Healthy Weight Loss,1800,Non-Vegetarian,17,1790,90,76,06-Heart-Healthy-Weight-Loss/1800-kcal/1800-kcal-Non-Vegetarian-Heart-Healthy-Weight-Loss-Option-17.pdf
Heart-Healthy Weight Loss,1800,Non-Vegetarian,18,1791,85,70,06-Heart-Healthy-Weight-Loss/1800-kcal/1800-kcal-Non-Vegetarian-Heart-Healthy-Weight-Loss-Option-18.pdf
Heart-Healthy Weight Loss,1800,Non-Vegetarian,19,1794,84,70,06-Heart-Healthy-Weight-Loss/1800-kcal/1800-kcal-Non-Vegetarian-Heart-Healthy-Weight-Loss-Option-19.pdf
Heart-Healthy Weight Loss,1800,Non-Vegetarian,20,1788,88,60,06-Heart-Healthy-Weight-Loss/1800-kcal/1800-kcal-Non-Vegetarian-Heart-Healthy-Weight-Loss-Option-20.pdf
Heart-Healthy Weight Loss,1800,Non-Vegetarian,21,1796,88,66,06-Heart-Healthy-Weight-Loss/1800-kcal/1800-kcal-Non-Vegetarian-Heart-Healthy-Weight-Loss-Option-21.pdf
Heart-Healthy Weight Loss,1800,Non-Vegetarian,22,1797,81,63,06-Heart-Healthy-Weight-Loss/1800-kcal/1800-kcal-Non-Vegetarian-Heart-Healthy-Weight-Loss-Option-22.pdf
Heart-Healthy Weight Loss,1800,Non-Vegetarian,23,1794,84,74,06-Heart-Healthy-Weight-Loss/1800-kcal/1800-kcal-Non-Vegetarian-Heart-Healthy-Weight-Loss-Option-23.pdf
Heart-Healthy Weight Loss,1800,Non-Vegetarian,24,1789,76,68,06-Heart-Healthy-Weight-Loss/1800-kcal/1800-kcal-Non-Vegetarian-Heart-Healthy-Weight-Loss-Option-24.pdf
Heart-Healthy Weight Loss,1800,Non-Vegetarian,25,1793,91,76,06-Heart-Healthy-Weight-Loss/1800-kcal/1800-kcal-Non-Vegetarian-Heart-Healthy-Weight-Loss-Option-25.pdf
Heart-Healthy Weight Loss,1800,Non-Vegetarian,26,1796,85,64,06-Heart-Healthy-Weight-Loss/1800-kcal/1800-kcal-Non-Vegetarian-Heart-Healthy-Weight-Loss-Option-26.pdf
Heart-Healthy Weight Loss,1800,Non-Vegetarian,27,1788,87,82,06-Heart-Healthy-Weight-Loss/1800-kcal/1800-kcal-Non-Vegetarian-Heart-Healthy-Weight-Loss-Option-27.pdf
Heart-Healthy Weight Loss,1800,Non-Vegetarian,28,1789,79,60,06-Heart-Healthy-Weight-Loss/1800-kcal/1800-kcal-Non-Vegetarian-Heart-Healthy-Weight-Loss-Option-28.pdf
Heart-Healthy Weight Loss,1800,Non-Vegetarian,29,1788,89,68,06-Heart-Healthy-Weight-Loss/1800-kcal/1800-kcal-Non-Vegetarian-Heart-Healthy-Weight-Loss-Option-29.pdf
Heart-Healthy Weight Loss,1800,Non-Vegetarian,30,1766,78,60,06-Heart-Healthy-Weight-Loss/1800-kcal/1800-kcal-Non-Vegetarian-Heart-Healthy-Weight-Loss-Option-30.pdf
GLP-1 Support Weight Loss,1200,Vegetarian,1,1201,52,50,07-GLP-1-Support-Weight-Loss/1200-kcal/1200-kcal-Vegetarian-GLP-1-Support-Weight-Loss-Option-01.pdf
GLP-1 Support Weight Loss,1200,Vegetarian,2,1200,54,50,07-GLP-1-Support-Weight-Loss/1200-kcal/1200-kcal-Vegetarian-GLP-1-Support-Weight-Loss-Option-02.pdf
GLP-1 Support Weight Loss,1200,Vegetarian,3,1191,51,45,07-GLP-1-Support-Weight-Loss/1200-kcal/1200-kcal-Vegetarian-GLP-1-Support-Weight-Loss-Option-03.pdf
GLP-1 Support Weight Loss,1200,Vegetarian,4,1210,52,48,07-GLP-1-Support-Weight-Loss/1200-kcal/1200-kcal-Vegetarian-GLP-1-Support-Weight-Loss-Option-04.pdf
GLP-1 Support Weight Loss,1200,Vegetarian,5,1205,52,45,07-GLP-1-Support-Weight-Loss/1200-kcal/1200-kcal-Vegetarian-GLP-1-Support-Weight-Loss-Option-05.pdf
GLP-1 Support Weight Loss,1200,Vegetarian,6,1194,51,45,07-GLP-1-Support-Weight-Loss/1200-kcal/1200-kcal-Vegetarian-GLP-1-Support-Weight-Loss-Option-06.pdf
GLP-1 Support Weight Loss,1200,Vegetarian,7,1208,52,48,07-GLP-1-Support-Weight-Loss/1200-kcal/1200-kcal-Vegetarian-GLP-1-Support-Weight-Loss-Option-07.pdf
GLP-1 Support Weight Loss,1200,Vegetarian,8,1188,54,49,07-GLP-1-Support-Weight-Loss/1200-kcal/1200-kcal-Vegetarian-GLP-1-Support-Weight-Loss-Option-08.pdf
GLP-1 Support Weight Loss,1200,Vegetarian,9,1199,53,47,07-GLP-1-Support-Weight-Loss/1200-kcal/1200-kcal-Vegetarian-GLP-1-Support-Weight-Loss-Option-09.pdf
GLP-1 Support Weight Loss,1200,Vegetarian,10,1192,50,45,07-GLP-1-Support-Weight-Loss/1200-kcal/1200-kcal-Vegetarian-GLP-1-Support-Weight-Loss-Option-10.pdf
GLP-1 Support Weight Loss,1200,Vegetarian,11,1205,53,47,07-GLP-1-Support-Weight-Loss/1200-kcal/1200-kcal-Vegetarian-GLP-1-Support-Weight-Loss-Option-11.pdf
GLP-1 Support Weight Loss,1200,Vegetarian,12,1202,53,46,07-GLP-1-Support-Weight-Loss/1200-kcal/1200-kcal-Vegetarian-GLP-1-Support-Weight-Loss-Option-12.pdf
GLP-1 Support Weight Loss,1200,Vegetarian,13,1197,51,46,07-GLP-1-Support-Weight-Loss/1200-kcal/1200-kcal-Vegetarian-GLP-1-Support-Weight-Loss-Option-13.pdf
GLP-1 Support Weight Loss,1200,Vegetarian,14,1195,53,50,07-GLP-1-Support-Weight-Loss/1200-kcal/1200-kcal-Vegetarian-GLP-1-Support-Weight-Loss-Option-14.pdf
GLP-1 Support Weight Loss,1200,Vegetarian,15,1206,55,48,07-GLP-1-Support-Weight-Loss/1200-kcal/1200-kcal-Vegetarian-GLP-1-Support-Weight-Loss-Option-15.pdf
GLP-1 Support Weight Loss,1200,Vegetarian,16,1202,53,48,07-GLP-1-Support-Weight-Loss/1200-kcal/1200-kcal-Vegetarian-GLP-1-Support-Weight-Loss-Option-16.pdf
GLP-1 Support Weight Loss,1200,Vegetarian,17,1204,54,50,07-GLP-1-Support-Weight-Loss/1200-kcal/1200-kcal-Vegetarian-GLP-1-Support-Weight-Loss-Option-17.pdf
GLP-1 Support Weight Loss,1200,Vegetarian,18,1201,51,47,07-GLP-1-Support-Weight-Loss/1200-kcal/1200-kcal-Vegetarian-GLP-1-Support-Weight-Loss-Option-18.pdf
GLP-1 Support Weight Loss,1200,Vegetarian,19,1203,52,45,07-GLP-1-Support-Weight-Loss/1200-kcal/1200-kcal-Vegetarian-GLP-1-Support-Weight-Loss-Option-19.pdf
GLP-1 Support Weight Loss,1200,Vegetarian,20,1212,52,48,07-GLP-1-Support-Weight-Loss/1200-kcal/1200-kcal-Vegetarian-GLP-1-Support-Weight-Loss-Option-20.pdf
GLP-1 Support Weight Loss,1200,Vegetarian,21,1203,55,50,07-GLP-1-Support-Weight-Loss/1200-kcal/1200-kcal-Vegetarian-GLP-1-Support-Weight-Loss-Option-21.pdf
GLP-1 Support Weight Loss,1200,Vegetarian,22,1203,53,46,07-GLP-1-Support-Weight-Loss/1200-kcal/1200-kcal-Vegetarian-GLP-1-Support-Weight-Loss-Option-22.pdf
GLP-1 Support Weight Loss,1200,Vegetarian,23,1204,53,46,07-GLP-1-Support-Weight-Loss/1200-kcal/1200-kcal-Vegetarian-GLP-1-Support-Weight-Loss-Option-23.pdf
GLP-1 Support Weight Loss,1200,Vegetarian,24,1200,52,51,07-GLP-1-Support-Weight-Loss/1200-kcal/1200-kcal-Vegetarian-GLP-1-Support-Weight-Loss-Option-24.pdf
GLP-1 Support Weight Loss,1200,Vegetarian,25,1197,52,47,07-GLP-1-Support-Weight-Loss/1200-kcal/1200-kcal-Vegetarian-GLP-1-Support-Weight-Loss-Option-25.pdf
GLP-1 Support Weight Loss,1200,Vegetarian,26,1209,53,47,07-GLP-1-Support-Weight-Loss/1200-kcal/1200-kcal-Vegetarian-GLP-1-Support-Weight-Loss-Option-26.pdf
GLP-1 Support Weight Loss,1200,Vegetarian,27,1199,55,46,07-GLP-1-Support-Weight-Loss/1200-kcal/1200-kcal-Vegetarian-GLP-1-Support-Weight-Loss-Option-27.pdf
GLP-1 Support Weight Loss,1200,Vegetarian,28,1197,51,44,07-GLP-1-Support-Weight-Loss/1200-kcal/1200-kcal-Vegetarian-GLP-1-Support-Weight-Loss-Option-28.pdf
GLP-1 Support Weight Loss,1200,Vegetarian,29,1197,53,50,07-GLP-1-Support-Weight-Loss/1200-kcal/1200-kcal-Vegetarian-GLP-1-Support-Weight-Loss-Option-29.pdf
GLP-1 Support Weight Loss,1200,Vegetarian,30,1202,51,46,07-GLP-1-Support-Weight-Loss/1200-kcal/1200-kcal-Vegetarian-GLP-1-Support-Weight-Loss-Option-30.pdf
GLP-1 Support Weight Loss,1200,Vegan,1,1205,52,48,07-GLP-1-Support-Weight-Loss/1200-kcal/1200-kcal-Vegan-GLP-1-Support-Weight-Loss-Option-01.pdf
GLP-1 Support Weight Loss,1200,Vegan,2,1198,50,46,07-GLP-1-Support-Weight-Loss/1200-kcal/1200-kcal-Vegan-GLP-1-Support-Weight-Loss-Option-02.pdf
GLP-1 Support Weight Loss,1200,Vegan,3,1196,51,47,07-GLP-1-Support-Weight-Loss/1200-kcal/1200-kcal-Vegan-GLP-1-Support-Weight-Loss-Option-03.pdf
GLP-1 Support Weight Loss,1200,Vegan,4,1200,53,47,07-GLP-1-Support-Weight-Loss/1200-kcal/1200-kcal-Vegan-GLP-1-Support-Weight-Loss-Option-04.pdf
GLP-1 Support Weight Loss,1200,Vegan,5,1213,55,49,07-GLP-1-Support-Weight-Loss/1200-kcal/1200-kcal-Vegan-GLP-1-Support-Weight-Loss-Option-05.pdf
GLP-1 Support Weight Loss,1200,Vegan,6,1194,51,47,07-GLP-1-Support-Weight-Loss/1200-kcal/1200-kcal-Vegan-GLP-1-Support-Weight-Loss-Option-06.pdf
GLP-1 Support Weight Loss,1200,Vegan,7,1198,51,47,07-GLP-1-Support-Weight-Loss/1200-kcal/1200-kcal-Vegan-GLP-1-Support-Weight-Loss-Option-07.pdf
GLP-1 Support Weight Loss,1200,Vegan,8,1195,52,46,07-GLP-1-Support-Weight-Loss/1200-kcal/1200-kcal-Vegan-GLP-1-Support-Weight-Loss-Option-08.pdf
GLP-1 Support Weight Loss,1200,Vegan,9,1192,52,45,07-GLP-1-Support-Weight-Loss/1200-kcal/1200-kcal-Vegan-GLP-1-Support-Weight-Loss-Option-09.pdf
GLP-1 Support Weight Loss,1200,Vegan,10,1185,53,49,07-GLP-1-Support-Weight-Loss/1200-kcal/1200-kcal-Vegan-GLP-1-Support-Weight-Loss-Option-10.pdf
GLP-1 Support Weight Loss,1200,Vegan,11,1210,51,46,07-GLP-1-Support-Weight-Loss/1200-kcal/1200-kcal-Vegan-GLP-1-Support-Weight-Loss-Option-11.pdf
GLP-1 Support Weight Loss,1200,Vegan,12,1198,54,50,07-GLP-1-Support-Weight-Loss/1200-kcal/1200-kcal-Vegan-GLP-1-Support-Weight-Loss-Option-12.pdf
GLP-1 Support Weight Loss,1200,Vegan,13,1189,53,49,07-GLP-1-Support-Weight-Loss/1200-kcal/1200-kcal-Vegan-GLP-1-Support-Weight-Loss-Option-13.pdf
GLP-1 Support Weight Loss,1200,Vegan,14,1199,52,47,07-GLP-1-Support-Weight-Loss/1200-kcal/1200-kcal-Vegan-GLP-1-Support-Weight-Loss-Option-14.pdf
GLP-1 Support Weight Loss,1200,Vegan,15,1201,52,47,07-GLP-1-Support-Weight-Loss/1200-kcal/1200-kcal-Vegan-GLP-1-Support-Weight-Loss-Option-15.pdf
GLP-1 Support Weight Loss,1200,Vegan,16,1194,54,52,07-GLP-1-Support-Weight-Loss/1200-kcal/1200-kcal-Vegan-GLP-1-Support-Weight-Loss-Option-16.pdf
GLP-1 Support Weight Loss,1200,Vegan,17,1196,53,47,07-GLP-1-Support-Weight-Loss/1200-kcal/1200-kcal-Vegan-GLP-1-Support-Weight-Loss-Option-17.pdf
GLP-1 Support Weight Loss,1200,Vegan,18,1194,49,42,07-GLP-1-Support-Weight-Loss/1200-kcal/1200-kcal-Vegan-GLP-1-Support-Weight-Loss-Option-18.pdf
GLP-1 Support Weight Loss,1200,Vegan,19,1194,51,42,07-GLP-1-Support-Weight-Loss/1200-kcal/1200-kcal-Vegan-GLP-1-Support-Weight-Loss-Option-19.pdf
GLP-1 Support Weight Loss,1200,Vegan,20,1192,52,46,07-GLP-1-Support-Weight-Loss/1200-kcal/1200-kcal-Vegan-GLP-1-Support-Weight-Loss-Option-20.pdf
GLP-1 Support Weight Loss,1200,Vegan,21,1197,53,45,07-GLP-1-Support-Weight-Loss/1200-kcal/1200-kcal-Vegan-GLP-1-Support-Weight-Loss-Option-21.pdf
GLP-1 Support Weight Loss,1200,Vegan,22,1199,52,48,07-GLP-1-Support-Weight-Loss/1200-kcal/1200-kcal-Vegan-GLP-1-Support-Weight-Loss-Option-22.pdf
GLP-1 Support Weight Loss,1200,Vegan,23,1198,50,45,07-GLP-1-Support-Weight-Loss/1200-kcal/1200-kcal-Vegan-GLP-1-Support-Weight-Loss-Option-23.pdf
GLP-1 Support Weight Loss,1200,Vegan,24,1195,49,46,07-GLP-1-Support-Weight-Loss/1200-kcal/1200-kcal-Vegan-GLP-1-Support-Weight-Loss-Option-24.pdf
GLP-1 Support Weight Loss,1200,Vegan,25,1193,50,45,07-GLP-1-Support-Weight-Loss/1200-kcal/1200-kcal-Vegan-GLP-1-Support-Weight-Loss-Option-25.pdf
GLP-1 Support Weight Loss,1200,Vegan,26,1206,52,44,07-GLP-1-Support-Weight-Loss/1200-kcal/1200-kcal-Vegan-GLP-1-Support-Weight-Loss-Option-26.pdf
GLP-1 Support Weight Loss,1200,Vegan,27,1206,54,50,07-GLP-1-Support-Weight-Loss/1200-kcal/1200-kcal-Vegan-GLP-1-Support-Weight-Loss-Option-27.pdf
GLP-1 Support Weight Loss,1200,Vegan,28,1199,51,45,07-GLP-1-Support-Weight-Loss/1200-kcal/1200-kcal-Vegan-GLP-1-Support-Weight-Loss-Option-28.pdf
GLP-1 Support Weight Loss,1200,Vegan,29,1203,52,48,07-GLP-1-Support-Weight-Loss/1200-kcal/1200-kcal-Vegan-GLP-1-Support-Weight-Loss-Option-29.pdf
GLP-1 Support Weight Loss,1200,Vegan,30,1191,51,48,07-GLP-1-Support-Weight-Loss/1200-kcal/1200-kcal-Vegan-GLP-1-Support-Weight-Loss-Option-30.pdf
GLP-1 Support Weight Loss,1200,Eggetarian,1,1204,60,48,07-GLP-1-Support-Weight-Loss/1200-kcal/1200-kcal-Eggetarian-GLP-1-Support-Weight-Loss-Option-01.pdf
GLP-1 Support Weight Loss,1200,Eggetarian,2,1204,59,49,07-GLP-1-Support-Weight-Loss/1200-kcal/1200-kcal-Eggetarian-GLP-1-Support-Weight-Loss-Option-02.pdf
GLP-1 Support Weight Loss,1200,Eggetarian,3,1200,58,49,07-GLP-1-Support-Weight-Loss/1200-kcal/1200-kcal-Eggetarian-GLP-1-Support-Weight-Loss-Option-03.pdf
GLP-1 Support Weight Loss,1200,Eggetarian,4,1196,59,47,07-GLP-1-Support-Weight-Loss/1200-kcal/1200-kcal-Eggetarian-GLP-1-Support-Weight-Loss-Option-04.pdf
GLP-1 Support Weight Loss,1200,Eggetarian,5,1192,56,50,07-GLP-1-Support-Weight-Loss/1200-kcal/1200-kcal-Eggetarian-GLP-1-Support-Weight-Loss-Option-05.pdf
GLP-1 Support Weight Loss,1200,Eggetarian,6,1204,56,49,07-GLP-1-Support-Weight-Loss/1200-kcal/1200-kcal-Eggetarian-GLP-1-Support-Weight-Loss-Option-06.pdf
GLP-1 Support Weight Loss,1200,Eggetarian,7,1197,59,48,07-GLP-1-Support-Weight-Loss/1200-kcal/1200-kcal-Eggetarian-GLP-1-Support-Weight-Loss-Option-07.pdf
GLP-1 Support Weight Loss,1200,Eggetarian,8,1210,59,53,07-GLP-1-Support-Weight-Loss/1200-kcal/1200-kcal-Eggetarian-GLP-1-Support-Weight-Loss-Option-08.pdf
GLP-1 Support Weight Loss,1200,Eggetarian,9,1198,58,53,07-GLP-1-Support-Weight-Loss/1200-kcal/1200-kcal-Eggetarian-GLP-1-Support-Weight-Loss-Option-09.pdf
GLP-1 Support Weight Loss,1200,Eggetarian,10,1198,59,48,07-GLP-1-Support-Weight-Loss/1200-kcal/1200-kcal-Eggetarian-GLP-1-Support-Weight-Loss-Option-10.pdf
GLP-1 Support Weight Loss,1200,Eggetarian,11,1203,57,49,07-GLP-1-Support-Weight-Loss/1200-kcal/1200-kcal-Eggetarian-GLP-1-Support-Weight-Loss-Option-11.pdf
GLP-1 Support Weight Loss,1200,Eggetarian,12,1192,55,47,07-GLP-1-Support-Weight-Loss/1200-kcal/1200-kcal-Eggetarian-GLP-1-Support-Weight-Loss-Option-12.pdf
GLP-1 Support Weight Loss,1200,Eggetarian,13,1197,58,45,07-GLP-1-Support-Weight-Loss/1200-kcal/1200-kcal-Eggetarian-GLP-1-Support-Weight-Loss-Option-13.pdf
GLP-1 Support Weight Loss,1200,Eggetarian,14,1198,60,51,07-GLP-1-Support-Weight-Loss/1200-kcal/1200-kcal-Eggetarian-GLP-1-Support-Weight-Loss-Option-14.pdf
GLP-1 Support Weight Loss,1200,Eggetarian,15,1201,59,55,07-GLP-1-Support-Weight-Loss/1200-kcal/1200-kcal-Eggetarian-GLP-1-Support-Weight-Loss-Option-15.pdf
GLP-1 Support Weight Loss,1200,Eggetarian,16,1207,55,48,07-GLP-1-Support-Weight-Loss/1200-kcal/1200-kcal-Eggetarian-GLP-1-Support-Weight-Loss-Option-16.pdf
GLP-1 Support Weight Loss,1200,Eggetarian,17,1205,60,48,07-GLP-1-Support-Weight-Loss/1200-kcal/1200-kcal-Eggetarian-GLP-1-Support-Weight-Loss-Option-17.pdf
GLP-1 Support Weight Loss,1200,Eggetarian,18,1203,55,42,07-GLP-1-Support-Weight-Loss/1200-kcal/1200-kcal-Eggetarian-GLP-1-Support-Weight-Loss-Option-18.pdf
GLP-1 Support Weight Loss,1200,Eggetarian,19,1199,58,50,07-GLP-1-Support-Weight-Loss/1200-kcal/1200-kcal-Eggetarian-GLP-1-Support-Weight-Loss-Option-19.pdf
GLP-1 Support Weight Loss,1200,Eggetarian,20,1194,57,45,07-GLP-1-Support-Weight-Loss/1200-kcal/1200-kcal-Eggetarian-GLP-1-Support-Weight-Loss-Option-20.pdf
GLP-1 Support Weight Loss,1200,Eggetarian,21,1203,57,50,07-GLP-1-Support-Weight-Loss/1200-kcal/1200-kcal-Eggetarian-GLP-1-Support-Weight-Loss-Option-21.pdf
GLP-1 Support Weight Loss,1200,Eggetarian,22,1192,57,52,07-GLP-1-Support-Weight-Loss/1200-kcal/1200-kcal-Eggetarian-GLP-1-Support-Weight-Loss-Option-22.pdf
GLP-1 Support Weight Loss,1200,Eggetarian,23,1195,58,48,07-GLP-1-Support-Weight-Loss/1200-kcal/1200-kcal-Eggetarian-GLP-1-Support-Weight-Loss-Option-23.pdf
GLP-1 Support Weight Loss,1200,Eggetarian,24,1202,58,50,07-GLP-1-Support-Weight-Loss/1200-kcal/1200-kcal-Eggetarian-GLP-1-Support-Weight-Loss-Option-24.pdf
GLP-1 Support Weight Loss,1200,Eggetarian,25,1202,59,47,07-GLP-1-Support-Weight-Loss/1200-kcal/1200-kcal-Eggetarian-GLP-1-Support-Weight-Loss-Option-25.pdf
GLP-1 Support Weight Loss,1200,Eggetarian,26,1187,58,48,07-GLP-1-Support-Weight-Loss/1200-kcal/1200-kcal-Eggetarian-GLP-1-Support-Weight-Loss-Option-26.pdf
GLP-1 Support Weight Loss,1200,Eggetarian,27,1193,57,50,07-GLP-1-Support-Weight-Loss/1200-kcal/1200-kcal-Eggetarian-GLP-1-Support-Weight-Loss-Option-27.pdf
GLP-1 Support Weight Loss,1200,Eggetarian,28,1195,54,49,07-GLP-1-Support-Weight-Loss/1200-kcal/1200-kcal-Eggetarian-GLP-1-Support-Weight-Loss-Option-28.pdf
GLP-1 Support Weight Loss,1200,Eggetarian,29,1195,57,49,07-GLP-1-Support-Weight-Loss/1200-kcal/1200-kcal-Eggetarian-GLP-1-Support-Weight-Loss-Option-29.pdf
GLP-1 Support Weight Loss,1200,Eggetarian,30,1203,63,57,07-GLP-1-Support-Weight-Loss/1200-kcal/1200-kcal-Eggetarian-GLP-1-Support-Weight-Loss-Option-30.pdf
GLP-1 Support Weight Loss,1200,Non-Vegetarian,1,1187,64,56,07-GLP-1-Support-Weight-Loss/1200-kcal/1200-kcal-Non-Vegetarian-GLP-1-Support-Weight-Loss-Option-01.pdf
GLP-1 Support Weight Loss,1200,Non-Vegetarian,2,1195,66,46,07-GLP-1-Support-Weight-Loss/1200-kcal/1200-kcal-Non-Vegetarian-GLP-1-Support-Weight-Loss-Option-02.pdf
GLP-1 Support Weight Loss,1200,Non-Vegetarian,3,1197,63,52,07-GLP-1-Support-Weight-Loss/1200-kcal/1200-kcal-Non-Vegetarian-GLP-1-Support-Weight-Loss-Option-03.pdf
GLP-1 Support Weight Loss,1200,Non-Vegetarian,4,1212,70,56,07-GLP-1-Support-Weight-Loss/1200-kcal/1200-kcal-Non-Vegetarian-GLP-1-Support-Weight-Loss-Option-04.pdf
GLP-1 Support Weight Loss,1200,Non-Vegetarian,5,1199,70,61,07-GLP-1-Support-Weight-Loss/1200-kcal/1200-kcal-Non-Vegetarian-GLP-1-Support-Weight-Loss-Option-05.pdf
GLP-1 Support Weight Loss,1200,Non-Vegetarian,6,1210,66,54,07-GLP-1-Support-Weight-Loss/1200-kcal/1200-kcal-Non-Vegetarian-GLP-1-Support-Weight-Loss-Option-06.pdf
GLP-1 Support Weight Loss,1200,Non-Vegetarian,7,1200,65,53,07-GLP-1-Support-Weight-Loss/1200-kcal/1200-kcal-Non-Vegetarian-GLP-1-Support-Weight-Loss-Option-07.pdf
GLP-1 Support Weight Loss,1200,Non-Vegetarian,8,1199,65,53,07-GLP-1-Support-Weight-Loss/1200-kcal/1200-kcal-Non-Vegetarian-GLP-1-Support-Weight-Loss-Option-08.pdf
GLP-1 Support Weight Loss,1200,Non-Vegetarian,9,1203,74,59,07-GLP-1-Support-Weight-Loss/1200-kcal/1200-kcal-Non-Vegetarian-GLP-1-Support-Weight-Loss-Option-09.pdf
GLP-1 Support Weight Loss,1200,Non-Vegetarian,10,1207,73,63,07-GLP-1-Support-Weight-Loss/1200-kcal/1200-kcal-Non-Vegetarian-GLP-1-Support-Weight-Loss-Option-10.pdf
GLP-1 Support Weight Loss,1200,Non-Vegetarian,11,1200,68,48,07-GLP-1-Support-Weight-Loss/1200-kcal/1200-kcal-Non-Vegetarian-GLP-1-Support-Weight-Loss-Option-11.pdf
GLP-1 Support Weight Loss,1200,Non-Vegetarian,12,1206,69,60,07-GLP-1-Support-Weight-Loss/1200-kcal/1200-kcal-Non-Vegetarian-GLP-1-Support-Weight-Loss-Option-12.pdf
GLP-1 Support Weight Loss,1200,Non-Vegetarian,13,1181,69,55,07-GLP-1-Support-Weight-Loss/1200-kcal/1200-kcal-Non-Vegetarian-GLP-1-Support-Weight-Loss-Option-13.pdf
GLP-1 Support Weight Loss,1200,Non-Vegetarian,14,1198,68,56,07-GLP-1-Support-Weight-Loss/1200-kcal/1200-kcal-Non-Vegetarian-GLP-1-Support-Weight-Loss-Option-14.pdf
GLP-1 Support Weight Loss,1200,Non-Vegetarian,15,1203,69,51,07-GLP-1-Support-Weight-Loss/1200-kcal/1200-kcal-Non-Vegetarian-GLP-1-Support-Weight-Loss-Option-15.pdf
GLP-1 Support Weight Loss,1200,Non-Vegetarian,16,1206,68,60,07-GLP-1-Support-Weight-Loss/1200-kcal/1200-kcal-Non-Vegetarian-GLP-1-Support-Weight-Loss-Option-16.pdf
GLP-1 Support Weight Loss,1200,Non-Vegetarian,17,1200,62,49,07-GLP-1-Support-Weight-Loss/1200-kcal/1200-kcal-Non-Vegetarian-GLP-1-Support-Weight-Loss-Option-17.pdf
GLP-1 Support Weight Loss,1200,Non-Vegetarian,18,1195,65,57,07-GLP-1-Support-Weight-Loss/1200-kcal/1200-kcal-Non-Vegetarian-GLP-1-Support-Weight-Loss-Option-18.pdf
GLP-1 Support Weight Loss,1200,Non-Vegetarian,19,1197,66,55,07-GLP-1-Support-Weight-Loss/1200-kcal/1200-kcal-Non-Vegetarian-GLP-1-Support-Weight-Loss-Option-19.pdf
GLP-1 Support Weight Loss,1200,Non-Vegetarian,20,1202,67,58,07-GLP-1-Support-Weight-Loss/1200-kcal/1200-kcal-Non-Vegetarian-GLP-1-Support-Weight-Loss-Option-20.pdf
GLP-1 Support Weight Loss,1200,Non-Vegetarian,21,1201,65,58,07-GLP-1-Support-Weight-Loss/1200-kcal/1200-kcal-Non-Vegetarian-GLP-1-Support-Weight-Loss-Option-21.pdf
GLP-1 Support Weight Loss,1200,Non-Vegetarian,22,1203,68,45,07-GLP-1-Support-Weight-Loss/1200-kcal/1200-kcal-Non-Vegetarian-GLP-1-Support-Weight-Loss-Option-22.pdf
GLP-1 Support Weight Loss,1200,Non-Vegetarian,23,1200,64,53,07-GLP-1-Support-Weight-Loss/1200-kcal/1200-kcal-Non-Vegetarian-GLP-1-Support-Weight-Loss-Option-23.pdf
GLP-1 Support Weight Loss,1200,Non-Vegetarian,24,1207,70,59,07-GLP-1-Support-Weight-Loss/1200-kcal/1200-kcal-Non-Vegetarian-GLP-1-Support-Weight-Loss-Option-24.pdf
GLP-1 Support Weight Loss,1200,Non-Vegetarian,25,1218,69,56,07-GLP-1-Support-Weight-Loss/1200-kcal/1200-kcal-Non-Vegetarian-GLP-1-Support-Weight-Loss-Option-25.pdf
GLP-1 Support Weight Loss,1200,Non-Vegetarian,26,1198,65,49,07-GLP-1-Support-Weight-Loss/1200-kcal/1200-kcal-Non-Vegetarian-GLP-1-Support-Weight-Loss-Option-26.pdf
GLP-1 Support Weight Loss,1200,Non-Vegetarian,27,1210,65,55,07-GLP-1-Support-Weight-Loss/1200-kcal/1200-kcal-Non-Vegetarian-GLP-1-Support-Weight-Loss-Option-27.pdf
GLP-1 Support Weight Loss,1200,Non-Vegetarian,28,1200,65,54,07-GLP-1-Support-Weight-Loss/1200-kcal/1200-kcal-Non-Vegetarian-GLP-1-Support-Weight-Loss-Option-28.pdf
GLP-1 Support Weight Loss,1200,Non-Vegetarian,29,1205,65,57,07-GLP-1-Support-Weight-Loss/1200-kcal/1200-kcal-Non-Vegetarian-GLP-1-Support-Weight-Loss-Option-29.pdf
GLP-1 Support Weight Loss,1200,Non-Vegetarian,30,1205,66,48,07-GLP-1-Support-Weight-Loss/1200-kcal/1200-kcal-Non-Vegetarian-GLP-1-Support-Weight-Loss-Option-30.pdf
GLP-1 Support Weight Loss,1300,Vegetarian,1,1300,58,54,07-GLP-1-Support-Weight-Loss/1300-kcal/1300-kcal-Vegetarian-GLP-1-Support-Weight-Loss-Option-01.pdf
GLP-1 Support Weight Loss,1300,Vegetarian,2,1300,57,51,07-GLP-1-Support-Weight-Loss/1300-kcal/1300-kcal-Vegetarian-GLP-1-Support-Weight-Loss-Option-02.pdf
GLP-1 Support Weight Loss,1300,Vegetarian,3,1298,55,50,07-GLP-1-Support-Weight-Loss/1300-kcal/1300-kcal-Vegetarian-GLP-1-Support-Weight-Loss-Option-03.pdf
GLP-1 Support Weight Loss,1300,Vegetarian,4,1297,55,51,07-GLP-1-Support-Weight-Loss/1300-kcal/1300-kcal-Vegetarian-GLP-1-Support-Weight-Loss-Option-04.pdf
GLP-1 Support Weight Loss,1300,Vegetarian,5,1295,56,51,07-GLP-1-Support-Weight-Loss/1300-kcal/1300-kcal-Vegetarian-GLP-1-Support-Weight-Loss-Option-05.pdf
GLP-1 Support Weight Loss,1300,Vegetarian,6,1294,58,51,07-GLP-1-Support-Weight-Loss/1300-kcal/1300-kcal-Vegetarian-GLP-1-Support-Weight-Loss-Option-06.pdf
GLP-1 Support Weight Loss,1300,Vegetarian,7,1297,58,53,07-GLP-1-Support-Weight-Loss/1300-kcal/1300-kcal-Vegetarian-GLP-1-Support-Weight-Loss-Option-07.pdf
GLP-1 Support Weight Loss,1300,Vegetarian,8,1306,57,51,07-GLP-1-Support-Weight-Loss/1300-kcal/1300-kcal-Vegetarian-GLP-1-Support-Weight-Loss-Option-08.pdf
GLP-1 Support Weight Loss,1300,Vegetarian,9,1306,58,53,07-GLP-1-Support-Weight-Loss/1300-kcal/1300-kcal-Vegetarian-GLP-1-Support-Weight-Loss-Option-09.pdf
GLP-1 Support Weight Loss,1300,Vegetarian,10,1301,58,50,07-GLP-1-Support-Weight-Loss/1300-kcal/1300-kcal-Vegetarian-GLP-1-Support-Weight-Loss-Option-10.pdf
GLP-1 Support Weight Loss,1300,Vegetarian,11,1305,57,52,07-GLP-1-Support-Weight-Loss/1300-kcal/1300-kcal-Vegetarian-GLP-1-Support-Weight-Loss-Option-11.pdf
GLP-1 Support Weight Loss,1300,Vegetarian,12,1297,56,53,07-GLP-1-Support-Weight-Loss/1300-kcal/1300-kcal-Vegetarian-GLP-1-Support-Weight-Loss-Option-12.pdf
GLP-1 Support Weight Loss,1300,Vegetarian,13,1299,57,48,07-GLP-1-Support-Weight-Loss/1300-kcal/1300-kcal-Vegetarian-GLP-1-Support-Weight-Loss-Option-13.pdf
GLP-1 Support Weight Loss,1300,Vegetarian,14,1298,58,53,07-GLP-1-Support-Weight-Loss/1300-kcal/1300-kcal-Vegetarian-GLP-1-Support-Weight-Loss-Option-14.pdf
GLP-1 Support Weight Loss,1300,Vegetarian,15,1309,58,49,07-GLP-1-Support-Weight-Loss/1300-kcal/1300-kcal-Vegetarian-GLP-1-Support-Weight-Loss-Option-15.pdf
GLP-1 Support Weight Loss,1300,Vegetarian,16,1298,56,51,07-GLP-1-Support-Weight-Loss/1300-kcal/1300-kcal-Vegetarian-GLP-1-Support-Weight-Loss-Option-16.pdf
GLP-1 Support Weight Loss,1300,Vegetarian,17,1290,58,51,07-GLP-1-Support-Weight-Loss/1300-kcal/1300-kcal-Vegetarian-GLP-1-Support-Weight-Loss-Option-17.pdf
GLP-1 Support Weight Loss,1300,Vegetarian,18,1311,57,52,07-GLP-1-Support-Weight-Loss/1300-kcal/1300-kcal-Vegetarian-GLP-1-Support-Weight-Loss-Option-18.pdf
GLP-1 Support Weight Loss,1300,Vegetarian,19,1304,56,49,07-GLP-1-Support-Weight-Loss/1300-kcal/1300-kcal-Vegetarian-GLP-1-Support-Weight-Loss-Option-19.pdf
GLP-1 Support Weight Loss,1300,Vegetarian,20,1295,59,55,07-GLP-1-Support-Weight-Loss/1300-kcal/1300-kcal-Vegetarian-GLP-1-Support-Weight-Loss-Option-20.pdf
GLP-1 Support Weight Loss,1300,Vegetarian,21,1300,55,48,07-GLP-1-Support-Weight-Loss/1300-kcal/1300-kcal-Vegetarian-GLP-1-Support-Weight-Loss-Option-21.pdf
GLP-1 Support Weight Loss,1300,Vegetarian,22,1298,57,52,07-GLP-1-Support-Weight-Loss/1300-kcal/1300-kcal-Vegetarian-GLP-1-Support-Weight-Loss-Option-22.pdf
GLP-1 Support Weight Loss,1300,Vegetarian,23,1305,58,53,07-GLP-1-Support-Weight-Loss/1300-kcal/1300-kcal-Vegetarian-GLP-1-Support-Weight-Loss-Option-23.pdf
GLP-1 Support Weight Loss,1300,Vegetarian,24,1302,56,48,07-GLP-1-Support-Weight-Loss/1300-kcal/1300-kcal-Vegetarian-GLP-1-Support-Weight-Loss-Option-24.pdf
GLP-1 Support Weight Loss,1300,Vegetarian,25,1312,57,50,07-GLP-1-Support-Weight-Loss/1300-kcal/1300-kcal-Vegetarian-GLP-1-Support-Weight-Loss-Option-25.pdf
GLP-1 Support Weight Loss,1300,Vegetarian,26,1298,59,56,07-GLP-1-Support-Weight-Loss/1300-kcal/1300-kcal-Vegetarian-GLP-1-Support-Weight-Loss-Option-26.pdf
GLP-1 Support Weight Loss,1300,Vegetarian,27,1291,54,51,07-GLP-1-Support-Weight-Loss/1300-kcal/1300-kcal-Vegetarian-GLP-1-Support-Weight-Loss-Option-27.pdf
GLP-1 Support Weight Loss,1300,Vegetarian,28,1301,58,52,07-GLP-1-Support-Weight-Loss/1300-kcal/1300-kcal-Vegetarian-GLP-1-Support-Weight-Loss-Option-28.pdf
GLP-1 Support Weight Loss,1300,Vegetarian,29,1307,58,51,07-GLP-1-Support-Weight-Loss/1300-kcal/1300-kcal-Vegetarian-GLP-1-Support-Weight-Loss-Option-29.pdf
GLP-1 Support Weight Loss,1300,Vegetarian,30,1304,58,51,07-GLP-1-Support-Weight-Loss/1300-kcal/1300-kcal-Vegetarian-GLP-1-Support-Weight-Loss-Option-30.pdf
GLP-1 Support Weight Loss,1300,Vegan,1,1300,58,54,07-GLP-1-Support-Weight-Loss/1300-kcal/1300-kcal-Vegan-GLP-1-Support-Weight-Loss-Option-01.pdf
GLP-1 Support Weight Loss,1300,Vegan,2,1290,55,50,07-GLP-1-Support-Weight-Loss/1300-kcal/1300-kcal-Vegan-GLP-1-Support-Weight-Loss-Option-02.pdf
GLP-1 Support Weight Loss,1300,Vegan,3,1297,56,51,07-GLP-1-Support-Weight-Loss/1300-kcal/1300-kcal-Vegan-GLP-1-Support-Weight-Loss-Option-03.pdf
GLP-1 Support Weight Loss,1300,Vegan,4,1288,55,51,07-GLP-1-Support-Weight-Loss/1300-kcal/1300-kcal-Vegan-GLP-1-Support-Weight-Loss-Option-04.pdf
GLP-1 Support Weight Loss,1300,Vegan,5,1299,56,52,07-GLP-1-Support-Weight-Loss/1300-kcal/1300-kcal-Vegan-GLP-1-Support-Weight-Loss-Option-05.pdf
GLP-1 Support Weight Loss,1300,Vegan,6,1303,57,53,07-GLP-1-Support-Weight-Loss/1300-kcal/1300-kcal-Vegan-GLP-1-Support-Weight-Loss-Option-06.pdf
GLP-1 Support Weight Loss,1300,Vegan,7,1302,55,51,07-GLP-1-Support-Weight-Loss/1300-kcal/1300-kcal-Vegan-GLP-1-Support-Weight-Loss-Option-07.pdf
GLP-1 Support Weight Loss,1300,Vegan,8,1290,57,51,07-GLP-1-Support-Weight-Loss/1300-kcal/1300-kcal-Vegan-GLP-1-Support-Weight-Loss-Option-08.pdf
GLP-1 Support Weight Loss,1300,Vegan,9,1306,58,52,07-GLP-1-Support-Weight-Loss/1300-kcal/1300-kcal-Vegan-GLP-1-Support-Weight-Loss-Option-09.pdf
GLP-1 Support Weight Loss,1300,Vegan,10,1298,58,52,07-GLP-1-Support-Weight-Loss/1300-kcal/1300-kcal-Vegan-GLP-1-Support-Weight-Loss-Option-10.pdf
GLP-1 Support Weight Loss,1300,Vegan,11,1294,54,52,07-GLP-1-Support-Weight-Loss/1300-kcal/1300-kcal-Vegan-GLP-1-Support-Weight-Loss-Option-11.pdf
GLP-1 Support Weight Loss,1300,Vegan,12,1301,57,50,07-GLP-1-Support-Weight-Loss/1300-kcal/1300-kcal-Vegan-GLP-1-Support-Weight-Loss-Option-12.pdf
GLP-1 Support Weight Loss,1300,Vegan,13,1302,56,50,07-GLP-1-Support-Weight-Loss/1300-kcal/1300-kcal-Vegan-GLP-1-Support-Weight-Loss-Option-13.pdf
GLP-1 Support Weight Loss,1300,Vegan,14,1305,57,52,07-GLP-1-Support-Weight-Loss/1300-kcal/1300-kcal-Vegan-GLP-1-Support-Weight-Loss-Option-14.pdf
GLP-1 Support Weight Loss,1300,Vegan,15,1300,57,51,07-GLP-1-Support-Weight-Loss/1300-kcal/1300-kcal-Vegan-GLP-1-Support-Weight-Loss-Option-15.pdf
GLP-1 Support Weight Loss,1300,Vegan,16,1294,57,49,07-GLP-1-Support-Weight-Loss/1300-kcal/1300-kcal-Vegan-GLP-1-Support-Weight-Loss-Option-16.pdf
GLP-1 Support Weight Loss,1300,Vegan,17,1304,55,49,07-GLP-1-Support-Weight-Loss/1300-kcal/1300-kcal-Vegan-GLP-1-Support-Weight-Loss-Option-17.pdf
GLP-1 Support Weight Loss,1300,Vegan,18,1310,59,55,07-GLP-1-Support-Weight-Loss/1300-kcal/1300-kcal-Vegan-GLP-1-Support-Weight-Loss-Option-18.pdf
GLP-1 Support Weight Loss,1300,Vegan,19,1295,55,51,07-GLP-1-Support-Weight-Loss/1300-kcal/1300-kcal-Vegan-GLP-1-Support-Weight-Loss-Option-19.pdf
GLP-1 Support Weight Loss,1300,Vegan,20,1301,58,52,07-GLP-1-Support-Weight-Loss/1300-kcal/1300-kcal-Vegan-GLP-1-Support-Weight-Loss-Option-20.pdf
GLP-1 Support Weight Loss,1300,Vegan,21,1301,57,52,07-GLP-1-Support-Weight-Loss/1300-kcal/1300-kcal-Vegan-GLP-1-Support-Weight-Loss-Option-21.pdf
GLP-1 Support Weight Loss,1300,Vegan,22,1297,57,53,07-GLP-1-Support-Weight-Loss/1300-kcal/1300-kcal-Vegan-GLP-1-Support-Weight-Loss-Option-22.pdf
GLP-1 Support Weight Loss,1300,Vegan,23,1289,55,50,07-GLP-1-Support-Weight-Loss/1300-kcal/1300-kcal-Vegan-GLP-1-Support-Weight-Loss-Option-23.pdf
GLP-1 Support Weight Loss,1300,Vegan,24,1302,54,49,07-GLP-1-Support-Weight-Loss/1300-kcal/1300-kcal-Vegan-GLP-1-Support-Weight-Loss-Option-24.pdf
GLP-1 Support Weight Loss,1300,Vegan,25,1290,58,50,07-GLP-1-Support-Weight-Loss/1300-kcal/1300-kcal-Vegan-GLP-1-Support-Weight-Loss-Option-25.pdf
GLP-1 Support Weight Loss,1300,Vegan,26,1299,60,55,07-GLP-1-Support-Weight-Loss/1300-kcal/1300-kcal-Vegan-GLP-1-Support-Weight-Loss-Option-26.pdf
GLP-1 Support Weight Loss,1300,Vegan,27,1303,57,54,07-GLP-1-Support-Weight-Loss/1300-kcal/1300-kcal-Vegan-GLP-1-Support-Weight-Loss-Option-27.pdf
GLP-1 Support Weight Loss,1300,Vegan,28,1298,57,49,07-GLP-1-Support-Weight-Loss/1300-kcal/1300-kcal-Vegan-GLP-1-Support-Weight-Loss-Option-28.pdf
GLP-1 Support Weight Loss,1300,Vegan,29,1288,55,50,07-GLP-1-Support-Weight-Loss/1300-kcal/1300-kcal-Vegan-GLP-1-Support-Weight-Loss-Option-29.pdf
GLP-1 Support Weight Loss,1300,Vegan,30,1296,58,53,07-GLP-1-Support-Weight-Loss/1300-kcal/1300-kcal-Vegan-GLP-1-Support-Weight-Loss-Option-30.pdf
GLP-1 Support Weight Loss,1300,Eggetarian,1,1295,62,51,07-GLP-1-Support-Weight-Loss/1300-kcal/1300-kcal-Eggetarian-GLP-1-Support-Weight-Loss-Option-01.pdf
GLP-1 Support Weight Loss,1300,Eggetarian,2,1292,65,54,07-GLP-1-Support-Weight-Loss/1300-kcal/1300-kcal-Eggetarian-GLP-1-Support-Weight-Loss-Option-02.pdf
GLP-1 Support Weight Loss,1300,Eggetarian,3,1303,61,52,07-GLP-1-Support-Weight-Loss/1300-kcal/1300-kcal-Eggetarian-GLP-1-Support-Weight-Loss-Option-03.pdf
GLP-1 Support Weight Loss,1300,Eggetarian,4,1311,61,49,07-GLP-1-Support-Weight-Loss/1300-kcal/1300-kcal-Eggetarian-GLP-1-Support-Weight-Loss-Option-04.pdf
GLP-1 Support Weight Loss,1300,Eggetarian,5,1289,65,55,07-GLP-1-Support-Weight-Loss/1300-kcal/1300-kcal-Eggetarian-GLP-1-Support-Weight-Loss-Option-05.pdf
GLP-1 Support Weight Loss,1300,Eggetarian,6,1305,64,56,07-GLP-1-Support-Weight-Loss/1300-kcal/1300-kcal-Eggetarian-GLP-1-Support-Weight-Loss-Option-06.pdf
GLP-1 Support Weight Loss,1300,Eggetarian,7,1288,61,52,07-GLP-1-Support-Weight-Loss/1300-kcal/1300-kcal-Eggetarian-GLP-1-Support-Weight-Loss-Option-07.pdf
GLP-1 Support Weight Loss,1300,Eggetarian,8,1301,63,51,07-GLP-1-Support-Weight-Loss/1300-kcal/1300-kcal-Eggetarian-GLP-1-Support-Weight-Loss-Option-08.pdf
GLP-1 Support Weight Loss,1300,Eggetarian,9,1298,59,52,07-GLP-1-Support-Weight-Loss/1300-kcal/1300-kcal-Eggetarian-GLP-1-Support-Weight-Loss-Option-09.pdf
GLP-1 Support Weight Loss,1300,Eggetarian,10,1300,60,51,07-GLP-1-Support-Weight-Loss/1300-kcal/1300-kcal-Eggetarian-GLP-1-Support-Weight-Loss-Option-10.pdf
GLP-1 Support Weight Loss,1300,Eggetarian,11,1299,66,57,07-GLP-1-Support-Weight-Loss/1300-kcal/1300-kcal-Eggetarian-GLP-1-Support-Weight-Loss-Option-11.pdf
GLP-1 Support Weight Loss,1300,Eggetarian,12,1295,60,54,07-GLP-1-Support-Weight-Loss/1300-kcal/1300-kcal-Eggetarian-GLP-1-Support-Weight-Loss-Option-12.pdf
GLP-1 Support Weight Loss,1300,Eggetarian,13,1293,61,53,07-GLP-1-Support-Weight-Loss/1300-kcal/1300-kcal-Eggetarian-GLP-1-Support-Weight-Loss-Option-13.pdf
GLP-1 Support Weight Loss,1300,Eggetarian,14,1303,65,51,07-GLP-1-Support-Weight-Loss/1300-kcal/1300-kcal-Eggetarian-GLP-1-Support-Weight-Loss-Option-14.pdf
GLP-1 Support Weight Loss,1300,Eggetarian,15,1295,60,54,07-GLP-1-Support-Weight-Loss/1300-kcal/1300-kcal-Eggetarian-GLP-1-Support-Weight-Loss-Option-15.pdf
GLP-1 Support Weight Loss,1300,Eggetarian,16,1300,62,53,07-GLP-1-Support-Weight-Loss/1300-kcal/1300-kcal-Eggetarian-GLP-1-Support-Weight-Loss-Option-16.pdf
GLP-1 Support Weight Loss,1300,Eggetarian,17,1288,62,54,07-GLP-1-Support-Weight-Loss/1300-kcal/1300-kcal-Eggetarian-GLP-1-Support-Weight-Loss-Option-17.pdf
GLP-1 Support Weight Loss,1300,Eggetarian,18,1303,63,58,07-GLP-1-Support-Weight-Loss/1300-kcal/1300-kcal-Eggetarian-GLP-1-Support-Weight-Loss-Option-18.pdf
GLP-1 Support Weight Loss,1300,Eggetarian,19,1309,65,55,07-GLP-1-Support-Weight-Loss/1300-kcal/1300-kcal-Eggetarian-GLP-1-Support-Weight-Loss-Option-19.pdf
GLP-1 Support Weight Loss,1300,Eggetarian,20,1293,62,50,07-GLP-1-Support-Weight-Loss/1300-kcal/1300-kcal-Eggetarian-GLP-1-Support-Weight-Loss-Option-20.pdf
GLP-1 Support Weight Loss,1300,Eggetarian,21,1302,61,52,07-GLP-1-Support-Weight-Loss/1300-kcal/1300-kcal-Eggetarian-GLP-1-Support-Weight-Loss-Option-21.pdf
GLP-1 Support Weight Loss,1300,Eggetarian,22,1312,63,53,07-GLP-1-Support-Weight-Loss/1300-kcal/1300-kcal-Eggetarian-GLP-1-Support-Weight-Loss-Option-22.pdf
GLP-1 Support Weight Loss,1300,Eggetarian,23,1294,59,51,07-GLP-1-Support-Weight-Loss/1300-kcal/1300-kcal-Eggetarian-GLP-1-Support-Weight-Loss-Option-23.pdf
GLP-1 Support Weight Loss,1300,Eggetarian,24,1290,63,57,07-GLP-1-Support-Weight-Loss/1300-kcal/1300-kcal-Eggetarian-GLP-1-Support-Weight-Loss-Option-24.pdf
GLP-1 Support Weight Loss,1300,Eggetarian,25,1308,61,52,07-GLP-1-Support-Weight-Loss/1300-kcal/1300-kcal-Eggetarian-GLP-1-Support-Weight-Loss-Option-25.pdf
GLP-1 Support Weight Loss,1300,Eggetarian,26,1282,60,54,07-GLP-1-Support-Weight-Loss/1300-kcal/1300-kcal-Eggetarian-GLP-1-Support-Weight-Loss-Option-26.pdf
GLP-1 Support Weight Loss,1300,Eggetarian,27,1301,63,55,07-GLP-1-Support-Weight-Loss/1300-kcal/1300-kcal-Eggetarian-GLP-1-Support-Weight-Loss-Option-27.pdf
GLP-1 Support Weight Loss,1300,Eggetarian,28,1301,61,57,07-GLP-1-Support-Weight-Loss/1300-kcal/1300-kcal-Eggetarian-GLP-1-Support-Weight-Loss-Option-28.pdf
GLP-1 Support Weight Loss,1300,Eggetarian,29,1289,64,57,07-GLP-1-Support-Weight-Loss/1300-kcal/1300-kcal-Eggetarian-GLP-1-Support-Weight-Loss-Option-29.pdf
GLP-1 Support Weight Loss,1300,Eggetarian,30,1313,64,55,07-GLP-1-Support-Weight-Loss/1300-kcal/1300-kcal-Eggetarian-GLP-1-Support-Weight-Loss-Option-30.pdf
GLP-1 Support Weight Loss,1300,Non-Vegetarian,1,1297,70,60,07-GLP-1-Support-Weight-Loss/1300-kcal/1300-kcal-Non-Vegetarian-GLP-1-Support-Weight-Loss-Option-01.pdf
GLP-1 Support Weight Loss,1300,Non-Vegetarian,2,1293,70,58,07-GLP-1-Support-Weight-Loss/1300-kcal/1300-kcal-Non-Vegetarian-GLP-1-Support-Weight-Loss-Option-02.pdf
GLP-1 Support Weight Loss,1300,Non-Vegetarian,3,1288,68,55,07-GLP-1-Support-Weight-Loss/1300-kcal/1300-kcal-Non-Vegetarian-GLP-1-Support-Weight-Loss-Option-03.pdf
GLP-1 Support Weight Loss,1300,Non-Vegetarian,4,1285,72,61,07-GLP-1-Support-Weight-Loss/1300-kcal/1300-kcal-Non-Vegetarian-GLP-1-Support-Weight-Loss-Option-04.pdf
GLP-1 Support Weight Loss,1300,Non-Vegetarian,5,1299,66,61,07-GLP-1-Support-Weight-Loss/1300-kcal/1300-kcal-Non-Vegetarian-GLP-1-Support-Weight-Loss-Option-05.pdf
GLP-1 Support Weight Loss,1300,Non-Vegetarian,6,1295,70,55,07-GLP-1-Support-Weight-Loss/1300-kcal/1300-kcal-Non-Vegetarian-GLP-1-Support-Weight-Loss-Option-06.pdf
GLP-1 Support Weight Loss,1300,Non-Vegetarian,7,1300,70,61,07-GLP-1-Support-Weight-Loss/1300-kcal/1300-kcal-Non-Vegetarian-GLP-1-Support-Weight-Loss-Option-07.pdf
GLP-1 Support Weight Loss,1300,Non-Vegetarian,8,1291,71,60,07-GLP-1-Support-Weight-Loss/1300-kcal/1300-kcal-Non-Vegetarian-GLP-1-Support-Weight-Loss-Option-08.pdf
GLP-1 Support Weight Loss,1300,Non-Vegetarian,9,1287,69,56,07-GLP-1-Support-Weight-Loss/1300-kcal/1300-kcal-Non-Vegetarian-GLP-1-Support-Weight-Loss-Option-09.pdf
GLP-1 Support Weight Loss,1300,Non-Vegetarian,10,1304,75,56,07-GLP-1-Support-Weight-Loss/1300-kcal/1300-kcal-Non-Vegetarian-GLP-1-Support-Weight-Loss-Option-10.pdf
GLP-1 Support Weight Loss,1300,Non-Vegetarian,11,1300,74,63,07-GLP-1-Support-Weight-Loss/1300-kcal/1300-kcal-Non-Vegetarian-GLP-1-Support-Weight-Loss-Option-11.pdf
GLP-1 Support Weight Loss,1300,Non-Vegetarian,12,1296,73,63,07-GLP-1-Support-Weight-Loss/1300-kcal/1300-kcal-Non-Vegetarian-GLP-1-Support-Weight-Loss-Option-12.pdf
GLP-1 Support Weight Loss,1300,Non-Vegetarian,13,1292,80,68,07-GLP-1-Support-Weight-Loss/1300-kcal/1300-kcal-Non-Vegetarian-GLP-1-Support-Weight-Loss-Option-13.pdf
GLP-1 Support Weight Loss,1300,Non-Vegetarian,14,1300,72,59,07-GLP-1-Support-Weight-Loss/1300-kcal/1300-kcal-Non-Vegetarian-GLP-1-Support-Weight-Loss-Option-14.pdf
GLP-1 Support Weight Loss,1300,Non-Vegetarian,15,1297,68,55,07-GLP-1-Support-Weight-Loss/1300-kcal/1300-kcal-Non-Vegetarian-GLP-1-Support-Weight-Loss-Option-15.pdf
GLP-1 Support Weight Loss,1300,Non-Vegetarian,16,1290,72,59,07-GLP-1-Support-Weight-Loss/1300-kcal/1300-kcal-Non-Vegetarian-GLP-1-Support-Weight-Loss-Option-16.pdf
GLP-1 Support Weight Loss,1300,Non-Vegetarian,17,1307,74,60,07-GLP-1-Support-Weight-Loss/1300-kcal/1300-kcal-Non-Vegetarian-GLP-1-Support-Weight-Loss-Option-17.pdf
GLP-1 Support Weight Loss,1300,Non-Vegetarian,18,1302,74,63,07-GLP-1-Support-Weight-Loss/1300-kcal/1300-kcal-Non-Vegetarian-GLP-1-Support-Weight-Loss-Option-18.pdf
GLP-1 Support Weight Loss,1300,Non-Vegetarian,19,1297,73,63,07-GLP-1-Support-Weight-Loss/1300-kcal/1300-kcal-Non-Vegetarian-GLP-1-Support-Weight-Loss-Option-19.pdf
GLP-1 Support Weight Loss,1300,Non-Vegetarian,20,1295,76,59,07-GLP-1-Support-Weight-Loss/1300-kcal/1300-kcal-Non-Vegetarian-GLP-1-Support-Weight-Loss-Option-20.pdf
GLP-1 Support Weight Loss,1300,Non-Vegetarian,21,1308,73,61,07-GLP-1-Support-Weight-Loss/1300-kcal/1300-kcal-Non-Vegetarian-GLP-1-Support-Weight-Loss-Option-21.pdf
GLP-1 Support Weight Loss,1300,Non-Vegetarian,22,1295,74,60,07-GLP-1-Support-Weight-Loss/1300-kcal/1300-kcal-Non-Vegetarian-GLP-1-Support-Weight-Loss-Option-22.pdf
GLP-1 Support Weight Loss,1300,Non-Vegetarian,23,1288,72,62,07-GLP-1-Support-Weight-Loss/1300-kcal/1300-kcal-Non-Vegetarian-GLP-1-Support-Weight-Loss-Option-23.pdf
GLP-1 Support Weight Loss,1300,Non-Vegetarian,24,1294,72,54,07-GLP-1-Support-Weight-Loss/1300-kcal/1300-kcal-Non-Vegetarian-GLP-1-Support-Weight-Loss-Option-24.pdf
GLP-1 Support Weight Loss,1300,Non-Vegetarian,25,1300,73,59,07-GLP-1-Support-Weight-Loss/1300-kcal/1300-kcal-Non-Vegetarian-GLP-1-Support-Weight-Loss-Option-25.pdf
GLP-1 Support Weight Loss,1300,Non-Vegetarian,26,1293,74,65,07-GLP-1-Support-Weight-Loss/1300-kcal/1300-kcal-Non-Vegetarian-GLP-1-Support-Weight-Loss-Option-26.pdf
GLP-1 Support Weight Loss,1300,Non-Vegetarian,27,1297,73,59,07-GLP-1-Support-Weight-Loss/1300-kcal/1300-kcal-Non-Vegetarian-GLP-1-Support-Weight-Loss-Option-27.pdf
GLP-1 Support Weight Loss,1300,Non-Vegetarian,28,1299,67,56,07-GLP-1-Support-Weight-Loss/1300-kcal/1300-kcal-Non-Vegetarian-GLP-1-Support-Weight-Loss-Option-28.pdf
GLP-1 Support Weight Loss,1300,Non-Vegetarian,29,1299,71,55,07-GLP-1-Support-Weight-Loss/1300-kcal/1300-kcal-Non-Vegetarian-GLP-1-Support-Weight-Loss-Option-29.pdf
GLP-1 Support Weight Loss,1300,Non-Vegetarian,30,1303,71,55,07-GLP-1-Support-Weight-Loss/1300-kcal/1300-kcal-Non-Vegetarian-GLP-1-Support-Weight-Loss-Option-30.pdf
GLP-1 Support Weight Loss,1400,Vegetarian,1,1394,60,53,07-GLP-1-Support-Weight-Loss/1400-kcal/1400-kcal-Vegetarian-GLP-1-Support-Weight-Loss-Option-01.pdf
GLP-1 Support Weight Loss,1400,Vegetarian,2,1401,65,58,07-GLP-1-Support-Weight-Loss/1400-kcal/1400-kcal-Vegetarian-GLP-1-Support-Weight-Loss-Option-02.pdf
GLP-1 Support Weight Loss,1400,Vegetarian,3,1408,64,58,07-GLP-1-Support-Weight-Loss/1400-kcal/1400-kcal-Vegetarian-GLP-1-Support-Weight-Loss-Option-03.pdf
GLP-1 Support Weight Loss,1400,Vegetarian,4,1401,60,53,07-GLP-1-Support-Weight-Loss/1400-kcal/1400-kcal-Vegetarian-GLP-1-Support-Weight-Loss-Option-04.pdf
GLP-1 Support Weight Loss,1400,Vegetarian,5,1383,61,55,07-GLP-1-Support-Weight-Loss/1400-kcal/1400-kcal-Vegetarian-GLP-1-Support-Weight-Loss-Option-05.pdf
GLP-1 Support Weight Loss,1400,Vegetarian,6,1389,62,53,07-GLP-1-Support-Weight-Loss/1400-kcal/1400-kcal-Vegetarian-GLP-1-Support-Weight-Loss-Option-06.pdf
GLP-1 Support Weight Loss,1400,Vegetarian,7,1413,64,55,07-GLP-1-Support-Weight-Loss/1400-kcal/1400-kcal-Vegetarian-GLP-1-Support-Weight-Loss-Option-07.pdf
GLP-1 Support Weight Loss,1400,Vegetarian,8,1416,61,54,07-GLP-1-Support-Weight-Loss/1400-kcal/1400-kcal-Vegetarian-GLP-1-Support-Weight-Loss-Option-08.pdf
GLP-1 Support Weight Loss,1400,Vegetarian,9,1400,60,56,07-GLP-1-Support-Weight-Loss/1400-kcal/1400-kcal-Vegetarian-GLP-1-Support-Weight-Loss-Option-09.pdf
GLP-1 Support Weight Loss,1400,Vegetarian,10,1418,63,56,07-GLP-1-Support-Weight-Loss/1400-kcal/1400-kcal-Vegetarian-GLP-1-Support-Weight-Loss-Option-10.pdf
GLP-1 Support Weight Loss,1400,Vegetarian,11,1390,61,56,07-GLP-1-Support-Weight-Loss/1400-kcal/1400-kcal-Vegetarian-GLP-1-Support-Weight-Loss-Option-11.pdf
GLP-1 Support Weight Loss,1400,Vegetarian,12,1397,62,56,07-GLP-1-Support-Weight-Loss/1400-kcal/1400-kcal-Vegetarian-GLP-1-Support-Weight-Loss-Option-12.pdf
GLP-1 Support Weight Loss,1400,Vegetarian,13,1399,59,52,07-GLP-1-Support-Weight-Loss/1400-kcal/1400-kcal-Vegetarian-GLP-1-Support-Weight-Loss-Option-13.pdf
GLP-1 Support Weight Loss,1400,Vegetarian,14,1394,61,51,07-GLP-1-Support-Weight-Loss/1400-kcal/1400-kcal-Vegetarian-GLP-1-Support-Weight-Loss-Option-14.pdf
GLP-1 Support Weight Loss,1400,Vegetarian,15,1390,60,54,07-GLP-1-Support-Weight-Loss/1400-kcal/1400-kcal-Vegetarian-GLP-1-Support-Weight-Loss-Option-15.pdf
GLP-1 Support Weight Loss,1400,Vegetarian,16,1402,65,57,07-GLP-1-Support-Weight-Loss/1400-kcal/1400-kcal-Vegetarian-GLP-1-Support-Weight-Loss-Option-16.pdf
GLP-1 Support Weight Loss,1400,Vegetarian,17,1404,63,52,07-GLP-1-Support-Weight-Loss/1400-kcal/1400-kcal-Vegetarian-GLP-1-Support-Weight-Loss-Option-17.pdf
GLP-1 Support Weight Loss,1400,Vegetarian,18,1400,59,54,07-GLP-1-Support-Weight-Loss/1400-kcal/1400-kcal-Vegetarian-GLP-1-Support-Weight-Loss-Option-18.pdf
GLP-1 Support Weight Loss,1400,Vegetarian,19,1393,62,56,07-GLP-1-Support-Weight-Loss/1400-kcal/1400-kcal-Vegetarian-GLP-1-Support-Weight-Loss-Option-19.pdf
GLP-1 Support Weight Loss,1400,Vegetarian,20,1399,61,52,07-GLP-1-Support-Weight-Loss/1400-kcal/1400-kcal-Vegetarian-GLP-1-Support-Weight-Loss-Option-20.pdf
GLP-1 Support Weight Loss,1400,Vegetarian,21,1405,64,56,07-GLP-1-Support-Weight-Loss/1400-kcal/1400-kcal-Vegetarian-GLP-1-Support-Weight-Loss-Option-21.pdf
GLP-1 Support Weight Loss,1400,Vegetarian,22,1390,58,53,07-GLP-1-Support-Weight-Loss/1400-kcal/1400-kcal-Vegetarian-GLP-1-Support-Weight-Loss-Option-22.pdf
GLP-1 Support Weight Loss,1400,Vegetarian,23,1401,59,54,07-GLP-1-Support-Weight-Loss/1400-kcal/1400-kcal-Vegetarian-GLP-1-Support-Weight-Loss-Option-23.pdf
GLP-1 Support Weight Loss,1400,Vegetarian,24,1400,65,57,07-GLP-1-Support-Weight-Loss/1400-kcal/1400-kcal-Vegetarian-GLP-1-Support-Weight-Loss-Option-24.pdf
GLP-1 Support Weight Loss,1400,Vegetarian,25,1397,60,49,07-GLP-1-Support-Weight-Loss/1400-kcal/1400-kcal-Vegetarian-GLP-1-Support-Weight-Loss-Option-25.pdf
GLP-1 Support Weight Loss,1400,Vegetarian,26,1398,58,52,07-GLP-1-Support-Weight-Loss/1400-kcal/1400-kcal-Vegetarian-GLP-1-Support-Weight-Loss-Option-26.pdf
GLP-1 Support Weight Loss,1400,Vegetarian,27,1397,63,53,07-GLP-1-Support-Weight-Loss/1400-kcal/1400-kcal-Vegetarian-GLP-1-Support-Weight-Loss-Option-27.pdf
GLP-1 Support Weight Loss,1400,Vegetarian,28,1408,59,51,07-GLP-1-Support-Weight-Loss/1400-kcal/1400-kcal-Vegetarian-GLP-1-Support-Weight-Loss-Option-28.pdf
GLP-1 Support Weight Loss,1400,Vegetarian,29,1401,62,49,07-GLP-1-Support-Weight-Loss/1400-kcal/1400-kcal-Vegetarian-GLP-1-Support-Weight-Loss-Option-29.pdf
GLP-1 Support Weight Loss,1400,Vegetarian,30,1406,65,55,07-GLP-1-Support-Weight-Loss/1400-kcal/1400-kcal-Vegetarian-GLP-1-Support-Weight-Loss-Option-30.pdf
GLP-1 Support Weight Loss,1400,Vegan,1,1392,61,56,07-GLP-1-Support-Weight-Loss/1400-kcal/1400-kcal-Vegan-GLP-1-Support-Weight-Loss-Option-01.pdf
GLP-1 Support Weight Loss,1400,Vegan,2,1391,60,55,07-GLP-1-Support-Weight-Loss/1400-kcal/1400-kcal-Vegan-GLP-1-Support-Weight-Loss-Option-02.pdf
GLP-1 Support Weight Loss,1400,Vegan,3,1395,60,54,07-GLP-1-Support-Weight-Loss/1400-kcal/1400-kcal-Vegan-GLP-1-Support-Weight-Loss-Option-03.pdf
GLP-1 Support Weight Loss,1400,Vegan,4,1394,59,54,07-GLP-1-Support-Weight-Loss/1400-kcal/1400-kcal-Vegan-GLP-1-Support-Weight-Loss-Option-04.pdf
GLP-1 Support Weight Loss,1400,Vegan,5,1397,61,52,07-GLP-1-Support-Weight-Loss/1400-kcal/1400-kcal-Vegan-GLP-1-Support-Weight-Loss-Option-05.pdf
GLP-1 Support Weight Loss,1400,Vegan,6,1392,62,56,07-GLP-1-Support-Weight-Loss/1400-kcal/1400-kcal-Vegan-GLP-1-Support-Weight-Loss-Option-06.pdf
GLP-1 Support Weight Loss,1400,Vegan,7,1388,63,53,07-GLP-1-Support-Weight-Loss/1400-kcal/1400-kcal-Vegan-GLP-1-Support-Weight-Loss-Option-07.pdf
GLP-1 Support Weight Loss,1400,Vegan,8,1387,58,53,07-GLP-1-Support-Weight-Loss/1400-kcal/1400-kcal-Vegan-GLP-1-Support-Weight-Loss-Option-08.pdf
GLP-1 Support Weight Loss,1400,Vegan,9,1393,63,56,07-GLP-1-Support-Weight-Loss/1400-kcal/1400-kcal-Vegan-GLP-1-Support-Weight-Loss-Option-09.pdf
GLP-1 Support Weight Loss,1400,Vegan,10,1406,65,57,07-GLP-1-Support-Weight-Loss/1400-kcal/1400-kcal-Vegan-GLP-1-Support-Weight-Loss-Option-10.pdf
GLP-1 Support Weight Loss,1400,Vegan,11,1391,58,54,07-GLP-1-Support-Weight-Loss/1400-kcal/1400-kcal-Vegan-GLP-1-Support-Weight-Loss-Option-11.pdf
GLP-1 Support Weight Loss,1400,Vegan,12,1393,60,52,07-GLP-1-Support-Weight-Loss/1400-kcal/1400-kcal-Vegan-GLP-1-Support-Weight-Loss-Option-12.pdf
GLP-1 Support Weight Loss,1400,Vegan,13,1401,64,61,07-GLP-1-Support-Weight-Loss/1400-kcal/1400-kcal-Vegan-GLP-1-Support-Weight-Loss-Option-13.pdf
GLP-1 Support Weight Loss,1400,Vegan,14,1385,63,59,07-GLP-1-Support-Weight-Loss/1400-kcal/1400-kcal-Vegan-GLP-1-Support-Weight-Loss-Option-14.pdf
GLP-1 Support Weight Loss,1400,Vegan,15,1399,60,54,07-GLP-1-Support-Weight-Loss/1400-kcal/1400-kcal-Vegan-GLP-1-Support-Weight-Loss-Option-15.pdf
GLP-1 Support Weight Loss,1400,Vegan,16,1396,60,56,07-GLP-1-Support-Weight-Loss/1400-kcal/1400-kcal-Vegan-GLP-1-Support-Weight-Loss-Option-16.pdf
GLP-1 Support Weight Loss,1400,Vegan,17,1400,59,56,07-GLP-1-Support-Weight-Loss/1400-kcal/1400-kcal-Vegan-GLP-1-Support-Weight-Loss-Option-17.pdf
GLP-1 Support Weight Loss,1400,Vegan,18,1400,64,55,07-GLP-1-Support-Weight-Loss/1400-kcal/1400-kcal-Vegan-GLP-1-Support-Weight-Loss-Option-18.pdf
GLP-1 Support Weight Loss,1400,Vegan,19,1402,62,56,07-GLP-1-Support-Weight-Loss/1400-kcal/1400-kcal-Vegan-GLP-1-Support-Weight-Loss-Option-19.pdf
GLP-1 Support Weight Loss,1400,Vegan,20,1382,59,55,07-GLP-1-Support-Weight-Loss/1400-kcal/1400-kcal-Vegan-GLP-1-Support-Weight-Loss-Option-20.pdf
GLP-1 Support Weight Loss,1400,Vegan,21,1387,61,57,07-GLP-1-Support-Weight-Loss/1400-kcal/1400-kcal-Vegan-GLP-1-Support-Weight-Loss-Option-21.pdf
GLP-1 Support Weight Loss,1400,Vegan,22,1388,58,52,07-GLP-1-Support-Weight-Loss/1400-kcal/1400-kcal-Vegan-GLP-1-Support-Weight-Loss-Option-22.pdf
GLP-1 Support Weight Loss,1400,Vegan,23,1400,61,56,07-GLP-1-Support-Weight-Loss/1400-kcal/1400-kcal-Vegan-GLP-1-Support-Weight-Loss-Option-23.pdf
GLP-1 Support Weight Loss,1400,Vegan,24,1403,61,57,07-GLP-1-Support-Weight-Loss/1400-kcal/1400-kcal-Vegan-GLP-1-Support-Weight-Loss-Option-24.pdf
GLP-1 Support Weight Loss,1400,Vegan,25,1393,62,56,07-GLP-1-Support-Weight-Loss/1400-kcal/1400-kcal-Vegan-GLP-1-Support-Weight-Loss-Option-25.pdf
GLP-1 Support Weight Loss,1400,Vegan,26,1400,59,56,07-GLP-1-Support-Weight-Loss/1400-kcal/1400-kcal-Vegan-GLP-1-Support-Weight-Loss-Option-26.pdf
GLP-1 Support Weight Loss,1400,Vegan,27,1395,59,53,07-GLP-1-Support-Weight-Loss/1400-kcal/1400-kcal-Vegan-GLP-1-Support-Weight-Loss-Option-27.pdf
GLP-1 Support Weight Loss,1400,Vegan,28,1399,60,56,07-GLP-1-Support-Weight-Loss/1400-kcal/1400-kcal-Vegan-GLP-1-Support-Weight-Loss-Option-28.pdf
GLP-1 Support Weight Loss,1400,Vegan,29,1389,60,53,07-GLP-1-Support-Weight-Loss/1400-kcal/1400-kcal-Vegan-GLP-1-Support-Weight-Loss-Option-29.pdf
GLP-1 Support Weight Loss,1400,Vegan,30,1397,60,57,07-GLP-1-Support-Weight-Loss/1400-kcal/1400-kcal-Vegan-GLP-1-Support-Weight-Loss-Option-30.pdf
GLP-1 Support Weight Loss,1400,Eggetarian,1,1393,70,51,07-GLP-1-Support-Weight-Loss/1400-kcal/1400-kcal-Eggetarian-GLP-1-Support-Weight-Loss-Option-01.pdf
GLP-1 Support Weight Loss,1400,Eggetarian,2,1390,64,58,07-GLP-1-Support-Weight-Loss/1400-kcal/1400-kcal-Eggetarian-GLP-1-Support-Weight-Loss-Option-02.pdf
GLP-1 Support Weight Loss,1400,Eggetarian,3,1402,63,55,07-GLP-1-Support-Weight-Loss/1400-kcal/1400-kcal-Eggetarian-GLP-1-Support-Weight-Loss-Option-03.pdf
GLP-1 Support Weight Loss,1400,Eggetarian,4,1385,68,57,07-GLP-1-Support-Weight-Loss/1400-kcal/1400-kcal-Eggetarian-GLP-1-Support-Weight-Loss-Option-04.pdf
GLP-1 Support Weight Loss,1400,Eggetarian,5,1387,66,61,07-GLP-1-Support-Weight-Loss/1400-kcal/1400-kcal-Eggetarian-GLP-1-Support-Weight-Loss-Option-05.pdf
GLP-1 Support Weight Loss,1400,Eggetarian,6,1389,65,58,07-GLP-1-Support-Weight-Loss/1400-kcal/1400-kcal-Eggetarian-GLP-1-Support-Weight-Loss-Option-06.pdf
GLP-1 Support Weight Loss,1400,Eggetarian,7,1391,67,60,07-GLP-1-Support-Weight-Loss/1400-kcal/1400-kcal-Eggetarian-GLP-1-Support-Weight-Loss-Option-07.pdf
GLP-1 Support Weight Loss,1400,Eggetarian,8,1395,67,62,07-GLP-1-Support-Weight-Loss/1400-kcal/1400-kcal-Eggetarian-GLP-1-Support-Weight-Loss-Option-08.pdf
GLP-1 Support Weight Loss,1400,Eggetarian,9,1389,66,56,07-GLP-1-Support-Weight-Loss/1400-kcal/1400-kcal-Eggetarian-GLP-1-Support-Weight-Loss-Option-09.pdf
GLP-1 Support Weight Loss,1400,Eggetarian,10,1390,66,53,07-GLP-1-Support-Weight-Loss/1400-kcal/1400-kcal-Eggetarian-GLP-1-Support-Weight-Loss-Option-10.pdf
GLP-1 Support Weight Loss,1400,Eggetarian,11,1384,63,58,07-GLP-1-Support-Weight-Loss/1400-kcal/1400-kcal-Eggetarian-GLP-1-Support-Weight-Loss-Option-11.pdf
GLP-1 Support Weight Loss,1400,Eggetarian,12,1401,68,60,07-GLP-1-Support-Weight-Loss/1400-kcal/1400-kcal-Eggetarian-GLP-1-Support-Weight-Loss-Option-12.pdf
GLP-1 Support Weight Loss,1400,Eggetarian,13,1401,65,54,07-GLP-1-Support-Weight-Loss/1400-kcal/1400-kcal-Eggetarian-GLP-1-Support-Weight-Loss-Option-13.pdf
GLP-1 Support Weight Loss,1400,Eggetarian,14,1386,66,58,07-GLP-1-Support-Weight-Loss/1400-kcal/1400-kcal-Eggetarian-GLP-1-Support-Weight-Loss-Option-14.pdf
GLP-1 Support Weight Loss,1400,Eggetarian,15,1397,66,55,07-GLP-1-Support-Weight-Loss/1400-kcal/1400-kcal-Eggetarian-GLP-1-Support-Weight-Loss-Option-15.pdf
GLP-1 Support Weight Loss,1400,Eggetarian,16,1399,68,56,07-GLP-1-Support-Weight-Loss/1400-kcal/1400-kcal-Eggetarian-GLP-1-Support-Weight-Loss-Option-16.pdf
GLP-1 Support Weight Loss,1400,Eggetarian,17,1391,66,55,07-GLP-1-Support-Weight-Loss/1400-kcal/1400-kcal-Eggetarian-GLP-1-Support-Weight-Loss-Option-17.pdf
GLP-1 Support Weight Loss,1400,Eggetarian,18,1397,69,59,07-GLP-1-Support-Weight-Loss/1400-kcal/1400-kcal-Eggetarian-GLP-1-Support-Weight-Loss-Option-18.pdf
GLP-1 Support Weight Loss,1400,Eggetarian,19,1393,66,56,07-GLP-1-Support-Weight-Loss/1400-kcal/1400-kcal-Eggetarian-GLP-1-Support-Weight-Loss-Option-19.pdf
GLP-1 Support Weight Loss,1400,Eggetarian,20,1395,68,60,07-GLP-1-Support-Weight-Loss/1400-kcal/1400-kcal-Eggetarian-GLP-1-Support-Weight-Loss-Option-20.pdf
GLP-1 Support Weight Loss,1400,Eggetarian,21,1405,67,61,07-GLP-1-Support-Weight-Loss/1400-kcal/1400-kcal-Eggetarian-GLP-1-Support-Weight-Loss-Option-21.pdf
GLP-1 Support Weight Loss,1400,Eggetarian,22,1398,67,55,07-GLP-1-Support-Weight-Loss/1400-kcal/1400-kcal-Eggetarian-GLP-1-Support-Weight-Loss-Option-22.pdf
GLP-1 Support Weight Loss,1400,Eggetarian,23,1380,65,51,07-GLP-1-Support-Weight-Loss/1400-kcal/1400-kcal-Eggetarian-GLP-1-Support-Weight-Loss-Option-23.pdf
GLP-1 Support Weight Loss,1400,Eggetarian,24,1408,64,50,07-GLP-1-Support-Weight-Loss/1400-kcal/1400-kcal-Eggetarian-GLP-1-Support-Weight-Loss-Option-24.pdf
GLP-1 Support Weight Loss,1400,Eggetarian,25,1402,67,65,07-GLP-1-Support-Weight-Loss/1400-kcal/1400-kcal-Eggetarian-GLP-1-Support-Weight-Loss-Option-25.pdf
GLP-1 Support Weight Loss,1400,Eggetarian,26,1398,63,53,07-GLP-1-Support-Weight-Loss/1400-kcal/1400-kcal-Eggetarian-GLP-1-Support-Weight-Loss-Option-26.pdf
GLP-1 Support Weight Loss,1400,Eggetarian,27,1390,62,55,07-GLP-1-Support-Weight-Loss/1400-kcal/1400-kcal-Eggetarian-GLP-1-Support-Weight-Loss-Option-27.pdf
GLP-1 Support Weight Loss,1400,Eggetarian,28,1398,67,54,07-GLP-1-Support-Weight-Loss/1400-kcal/1400-kcal-Eggetarian-GLP-1-Support-Weight-Loss-Option-28.pdf
GLP-1 Support Weight Loss,1400,Eggetarian,29,1402,67,59,07-GLP-1-Support-Weight-Loss/1400-kcal/1400-kcal-Eggetarian-GLP-1-Support-Weight-Loss-Option-29.pdf
GLP-1 Support Weight Loss,1400,Eggetarian,30,1409,66,53,07-GLP-1-Support-Weight-Loss/1400-kcal/1400-kcal-Eggetarian-GLP-1-Support-Weight-Loss-Option-30.pdf
GLP-1 Support Weight Loss,1400,Non-Vegetarian,1,1401,81,59,07-GLP-1-Support-Weight-Loss/1400-kcal/1400-kcal-Non-Vegetarian-GLP-1-Support-Weight-Loss-Option-01.pdf
GLP-1 Support Weight Loss,1400,Non-Vegetarian,2,1378,74,65,07-GLP-1-Support-Weight-Loss/1400-kcal/1400-kcal-Non-Vegetarian-GLP-1-Support-Weight-Loss-Option-02.pdf
GLP-1 Support Weight Loss,1400,Non-Vegetarian,3,1400,77,66,07-GLP-1-Support-Weight-Loss/1400-kcal/1400-kcal-Non-Vegetarian-GLP-1-Support-Weight-Loss-Option-03.pdf
GLP-1 Support Weight Loss,1400,Non-Vegetarian,4,1395,71,59,07-GLP-1-Support-Weight-Loss/1400-kcal/1400-kcal-Non-Vegetarian-GLP-1-Support-Weight-Loss-Option-04.pdf
GLP-1 Support Weight Loss,1400,Non-Vegetarian,5,1393,77,64,07-GLP-1-Support-Weight-Loss/1400-kcal/1400-kcal-Non-Vegetarian-GLP-1-Support-Weight-Loss-Option-05.pdf
GLP-1 Support Weight Loss,1400,Non-Vegetarian,6,1386,76,67,07-GLP-1-Support-Weight-Loss/1400-kcal/1400-kcal-Non-Vegetarian-GLP-1-Support-Weight-Loss-Option-06.pdf
GLP-1 Support Weight Loss,1400,Non-Vegetarian,7,1397,76,62,07-GLP-1-Support-Weight-Loss/1400-kcal/1400-kcal-Non-Vegetarian-GLP-1-Support-Weight-Loss-Option-07.pdf
GLP-1 Support Weight Loss,1400,Non-Vegetarian,8,1404,77,58,07-GLP-1-Support-Weight-Loss/1400-kcal/1400-kcal-Non-Vegetarian-GLP-1-Support-Weight-Loss-Option-08.pdf
GLP-1 Support Weight Loss,1400,Non-Vegetarian,9,1400,74,59,07-GLP-1-Support-Weight-Loss/1400-kcal/1400-kcal-Non-Vegetarian-GLP-1-Support-Weight-Loss-Option-09.pdf
GLP-1 Support Weight Loss,1400,Non-Vegetarian,10,1399,78,69,07-GLP-1-Support-Weight-Loss/1400-kcal/1400-kcal-Non-Vegetarian-GLP-1-Support-Weight-Loss-Option-10.pdf
GLP-1 Support Weight Loss,1400,Non-Vegetarian,11,1398,74,60,07-GLP-1-Support-Weight-Loss/1400-kcal/1400-kcal-Non-Vegetarian-GLP-1-Support-Weight-Loss-Option-11.pdf
GLP-1 Support Weight Loss,1400,Non-Vegetarian,12,1405,83,64,07-GLP-1-Support-Weight-Loss/1400-kcal/1400-kcal-Non-Vegetarian-GLP-1-Support-Weight-Loss-Option-12.pdf
GLP-1 Support Weight Loss,1400,Non-Vegetarian,13,1402,81,72,07-GLP-1-Support-Weight-Loss/1400-kcal/1400-kcal-Non-Vegetarian-GLP-1-Support-Weight-Loss-Option-13.pdf
GLP-1 Support Weight Loss,1400,Non-Vegetarian,14,1397,77,64,07-GLP-1-Support-Weight-Loss/1400-kcal/1400-kcal-Non-Vegetarian-GLP-1-Support-Weight-Loss-Option-14.pdf
GLP-1 Support Weight Loss,1400,Non-Vegetarian,15,1391,73,61,07-GLP-1-Support-Weight-Loss/1400-kcal/1400-kcal-Non-Vegetarian-GLP-1-Support-Weight-Loss-Option-15.pdf
GLP-1 Support Weight Loss,1400,Non-Vegetarian,16,1390,73,67,07-GLP-1-Support-Weight-Loss/1400-kcal/1400-kcal-Non-Vegetarian-GLP-1-Support-Weight-Loss-Option-16.pdf
GLP-1 Support Weight Loss,1400,Non-Vegetarian,17,1402,76,64,07-GLP-1-Support-Weight-Loss/1400-kcal/1400-kcal-Non-Vegetarian-GLP-1-Support-Weight-Loss-Option-17.pdf
GLP-1 Support Weight Loss,1400,Non-Vegetarian,18,1399,80,63,07-GLP-1-Support-Weight-Loss/1400-kcal/1400-kcal-Non-Vegetarian-GLP-1-Support-Weight-Loss-Option-18.pdf
GLP-1 Support Weight Loss,1400,Non-Vegetarian,19,1397,76,64,07-GLP-1-Support-Weight-Loss/1400-kcal/1400-kcal-Non-Vegetarian-GLP-1-Support-Weight-Loss-Option-19.pdf
GLP-1 Support Weight Loss,1400,Non-Vegetarian,20,1392,79,60,07-GLP-1-Support-Weight-Loss/1400-kcal/1400-kcal-Non-Vegetarian-GLP-1-Support-Weight-Loss-Option-20.pdf
GLP-1 Support Weight Loss,1400,Non-Vegetarian,21,1396,79,69,07-GLP-1-Support-Weight-Loss/1400-kcal/1400-kcal-Non-Vegetarian-GLP-1-Support-Weight-Loss-Option-21.pdf
GLP-1 Support Weight Loss,1400,Non-Vegetarian,22,1387,77,70,07-GLP-1-Support-Weight-Loss/1400-kcal/1400-kcal-Non-Vegetarian-GLP-1-Support-Weight-Loss-Option-22.pdf
GLP-1 Support Weight Loss,1400,Non-Vegetarian,23,1389,76,65,07-GLP-1-Support-Weight-Loss/1400-kcal/1400-kcal-Non-Vegetarian-GLP-1-Support-Weight-Loss-Option-23.pdf
GLP-1 Support Weight Loss,1400,Non-Vegetarian,24,1397,74,60,07-GLP-1-Support-Weight-Loss/1400-kcal/1400-kcal-Non-Vegetarian-GLP-1-Support-Weight-Loss-Option-24.pdf
GLP-1 Support Weight Loss,1400,Non-Vegetarian,25,1398,72,62,07-GLP-1-Support-Weight-Loss/1400-kcal/1400-kcal-Non-Vegetarian-GLP-1-Support-Weight-Loss-Option-25.pdf
GLP-1 Support Weight Loss,1400,Non-Vegetarian,26,1397,69,63,07-GLP-1-Support-Weight-Loss/1400-kcal/1400-kcal-Non-Vegetarian-GLP-1-Support-Weight-Loss-Option-26.pdf
GLP-1 Support Weight Loss,1400,Non-Vegetarian,27,1382,76,68,07-GLP-1-Support-Weight-Loss/1400-kcal/1400-kcal-Non-Vegetarian-GLP-1-Support-Weight-Loss-Option-27.pdf
GLP-1 Support Weight Loss,1400,Non-Vegetarian,28,1403,80,65,07-GLP-1-Support-Weight-Loss/1400-kcal/1400-kcal-Non-Vegetarian-GLP-1-Support-Weight-Loss-Option-28.pdf
GLP-1 Support Weight Loss,1400,Non-Vegetarian,29,1383,73,60,07-GLP-1-Support-Weight-Loss/1400-kcal/1400-kcal-Non-Vegetarian-GLP-1-Support-Weight-Loss-Option-29.pdf
GLP-1 Support Weight Loss,1400,Non-Vegetarian,30,1398,83,73,07-GLP-1-Support-Weight-Loss/1400-kcal/1400-kcal-Non-Vegetarian-GLP-1-Support-Weight-Loss-Option-30.pdf
GLP-1 Support Weight Loss,1500,Vegetarian,1,1499,64,59,07-GLP-1-Support-Weight-Loss/1500-kcal/1500-kcal-Vegetarian-GLP-1-Support-Weight-Loss-Option-01.pdf
GLP-1 Support Weight Loss,1500,Vegetarian,2,1493,66,59,07-GLP-1-Support-Weight-Loss/1500-kcal/1500-kcal-Vegetarian-GLP-1-Support-Weight-Loss-Option-02.pdf
GLP-1 Support Weight Loss,1500,Vegetarian,3,1494,65,58,07-GLP-1-Support-Weight-Loss/1500-kcal/1500-kcal-Vegetarian-GLP-1-Support-Weight-Loss-Option-03.pdf
GLP-1 Support Weight Loss,1500,Vegetarian,4,1497,62,58,07-GLP-1-Support-Weight-Loss/1500-kcal/1500-kcal-Vegetarian-GLP-1-Support-Weight-Loss-Option-04.pdf
GLP-1 Support Weight Loss,1500,Vegetarian,5,1499,63,58,07-GLP-1-Support-Weight-Loss/1500-kcal/1500-kcal-Vegetarian-GLP-1-Support-Weight-Loss-Option-05.pdf
GLP-1 Support Weight Loss,1500,Vegetarian,6,1508,66,58,07-GLP-1-Support-Weight-Loss/1500-kcal/1500-kcal-Vegetarian-GLP-1-Support-Weight-Loss-Option-06.pdf
GLP-1 Support Weight Loss,1500,Vegetarian,7,1499,65,60,07-GLP-1-Support-Weight-Loss/1500-kcal/1500-kcal-Vegetarian-GLP-1-Support-Weight-Loss-Option-07.pdf
GLP-1 Support Weight Loss,1500,Vegetarian,8,1503,68,62,07-GLP-1-Support-Weight-Loss/1500-kcal/1500-kcal-Vegetarian-GLP-1-Support-Weight-Loss-Option-08.pdf
GLP-1 Support Weight Loss,1500,Vegetarian,9,1499,65,55,07-GLP-1-Support-Weight-Loss/1500-kcal/1500-kcal-Vegetarian-GLP-1-Support-Weight-Loss-Option-09.pdf
GLP-1 Support Weight Loss,1500,Vegetarian,10,1492,67,59,07-GLP-1-Support-Weight-Loss/1500-kcal/1500-kcal-Vegetarian-GLP-1-Support-Weight-Loss-Option-10.pdf
GLP-1 Support Weight Loss,1500,Vegetarian,11,1492,66,58,07-GLP-1-Support-Weight-Loss/1500-kcal/1500-kcal-Vegetarian-GLP-1-Support-Weight-Loss-Option-11.pdf
GLP-1 Support Weight Loss,1500,Vegetarian,12,1506,67,62,07-GLP-1-Support-Weight-Loss/1500-kcal/1500-kcal-Vegetarian-GLP-1-Support-Weight-Loss-Option-12.pdf
GLP-1 Support Weight Loss,1500,Vegetarian,13,1497,63,57,07-GLP-1-Support-Weight-Loss/1500-kcal/1500-kcal-Vegetarian-GLP-1-Support-Weight-Loss-Option-13.pdf
GLP-1 Support Weight Loss,1500,Vegetarian,14,1504,66,59,07-GLP-1-Support-Weight-Loss/1500-kcal/1500-kcal-Vegetarian-GLP-1-Support-Weight-Loss-Option-14.pdf
GLP-1 Support Weight Loss,1500,Vegetarian,15,1503,65,60,07-GLP-1-Support-Weight-Loss/1500-kcal/1500-kcal-Vegetarian-GLP-1-Support-Weight-Loss-Option-15.pdf
GLP-1 Support Weight Loss,1500,Vegetarian,16,1502,65,55,07-GLP-1-Support-Weight-Loss/1500-kcal/1500-kcal-Vegetarian-GLP-1-Support-Weight-Loss-Option-16.pdf
GLP-1 Support Weight Loss,1500,Vegetarian,17,1491,63,58,07-GLP-1-Support-Weight-Loss/1500-kcal/1500-kcal-Vegetarian-GLP-1-Support-Weight-Loss-Option-17.pdf
GLP-1 Support Weight Loss,1500,Vegetarian,18,1495,66,60,07-GLP-1-Support-Weight-Loss/1500-kcal/1500-kcal-Vegetarian-GLP-1-Support-Weight-Loss-Option-18.pdf
GLP-1 Support Weight Loss,1500,Vegetarian,19,1505,65,57,07-GLP-1-Support-Weight-Loss/1500-kcal/1500-kcal-Vegetarian-GLP-1-Support-Weight-Loss-Option-19.pdf
GLP-1 Support Weight Loss,1500,Vegetarian,20,1494,66,62,07-GLP-1-Support-Weight-Loss/1500-kcal/1500-kcal-Vegetarian-GLP-1-Support-Weight-Loss-Option-20.pdf
GLP-1 Support Weight Loss,1500,Vegetarian,21,1502,67,60,07-GLP-1-Support-Weight-Loss/1500-kcal/1500-kcal-Vegetarian-GLP-1-Support-Weight-Loss-Option-21.pdf
GLP-1 Support Weight Loss,1500,Vegetarian,22,1502,66,60,07-GLP-1-Support-Weight-Loss/1500-kcal/1500-kcal-Vegetarian-GLP-1-Support-Weight-Loss-Option-22.pdf
GLP-1 Support Weight Loss,1500,Vegetarian,23,1487,62,55,07-GLP-1-Support-Weight-Loss/1500-kcal/1500-kcal-Vegetarian-GLP-1-Support-Weight-Loss-Option-23.pdf
GLP-1 Support Weight Loss,1500,Vegetarian,24,1491,63,56,07-GLP-1-Support-Weight-Loss/1500-kcal/1500-kcal-Vegetarian-GLP-1-Support-Weight-Loss-Option-24.pdf
GLP-1 Support Weight Loss,1500,Vegetarian,25,1508,63,57,07-GLP-1-Support-Weight-Loss/1500-kcal/1500-kcal-Vegetarian-GLP-1-Support-Weight-Loss-Option-25.pdf
GLP-1 Support Weight Loss,1500,Vegetarian,26,1489,66,60,07-GLP-1-Support-Weight-Loss/1500-kcal/1500-kcal-Vegetarian-GLP-1-Support-Weight-Loss-Option-26.pdf
GLP-1 Support Weight Loss,1500,Vegetarian,27,1486,65,61,07-GLP-1-Support-Weight-Loss/1500-kcal/1500-kcal-Vegetarian-GLP-1-Support-Weight-Loss-Option-27.pdf
GLP-1 Support Weight Loss,1500,Vegetarian,28,1496,65,60,07-GLP-1-Support-Weight-Loss/1500-kcal/1500-kcal-Vegetarian-GLP-1-Support-Weight-Loss-Option-28.pdf
GLP-1 Support Weight Loss,1500,Vegetarian,29,1490,67,62,07-GLP-1-Support-Weight-Loss/1500-kcal/1500-kcal-Vegetarian-GLP-1-Support-Weight-Loss-Option-29.pdf
GLP-1 Support Weight Loss,1500,Vegetarian,30,1495,64,56,07-GLP-1-Support-Weight-Loss/1500-kcal/1500-kcal-Vegetarian-GLP-1-Support-Weight-Loss-Option-30.pdf
GLP-1 Support Weight Loss,1500,Vegan,1,1489,68,58,07-GLP-1-Support-Weight-Loss/1500-kcal/1500-kcal-Vegan-GLP-1-Support-Weight-Loss-Option-01.pdf
GLP-1 Support Weight Loss,1500,Vegan,2,1503,67,64,07-GLP-1-Support-Weight-Loss/1500-kcal/1500-kcal-Vegan-GLP-1-Support-Weight-Loss-Option-02.pdf
GLP-1 Support Weight Loss,1500,Vegan,3,1497,64,58,07-GLP-1-Support-Weight-Loss/1500-kcal/1500-kcal-Vegan-GLP-1-Support-Weight-Loss-Option-03.pdf
GLP-1 Support Weight Loss,1500,Vegan,4,1497,64,57,07-GLP-1-Support-Weight-Loss/1500-kcal/1500-kcal-Vegan-GLP-1-Support-Weight-Loss-Option-04.pdf
GLP-1 Support Weight Loss,1500,Vegan,5,1483,63,59,07-GLP-1-Support-Weight-Loss/1500-kcal/1500-kcal-Vegan-GLP-1-Support-Weight-Loss-Option-05.pdf
GLP-1 Support Weight Loss,1500,Vegan,6,1495,66,64,07-GLP-1-Support-Weight-Loss/1500-kcal/1500-kcal-Vegan-GLP-1-Support-Weight-Loss-Option-06.pdf
GLP-1 Support Weight Loss,1500,Vegan,7,1497,67,62,07-GLP-1-Support-Weight-Loss/1500-kcal/1500-kcal-Vegan-GLP-1-Support-Weight-Loss-Option-07.pdf
GLP-1 Support Weight Loss,1500,Vegan,8,1490,62,55,07-GLP-1-Support-Weight-Loss/1500-kcal/1500-kcal-Vegan-GLP-1-Support-Weight-Loss-Option-08.pdf
GLP-1 Support Weight Loss,1500,Vegan,9,1488,61,55,07-GLP-1-Support-Weight-Loss/1500-kcal/1500-kcal-Vegan-GLP-1-Support-Weight-Loss-Option-09.pdf
GLP-1 Support Weight Loss,1500,Vegan,10,1493,66,60,07-GLP-1-Support-Weight-Loss/1500-kcal/1500-kcal-Vegan-GLP-1-Support-Weight-Loss-Option-10.pdf
GLP-1 Support Weight Loss,1500,Vegan,11,1495,64,57,07-GLP-1-Support-Weight-Loss/1500-kcal/1500-kcal-Vegan-GLP-1-Support-Weight-Loss-Option-11.pdf
GLP-1 Support Weight Loss,1500,Vegan,12,1506,65,56,07-GLP-1-Support-Weight-Loss/1500-kcal/1500-kcal-Vegan-GLP-1-Support-Weight-Loss-Option-12.pdf
GLP-1 Support Weight Loss,1500,Vegan,13,1493,63,58,07-GLP-1-Support-Weight-Loss/1500-kcal/1500-kcal-Vegan-GLP-1-Support-Weight-Loss-Option-13.pdf
GLP-1 Support Weight Loss,1500,Vegan,14,1481,62,58,07-GLP-1-Support-Weight-Loss/1500-kcal/1500-kcal-Vegan-GLP-1-Support-Weight-Loss-Option-14.pdf
GLP-1 Support Weight Loss,1500,Vegan,15,1490,65,57,07-GLP-1-Support-Weight-Loss/1500-kcal/1500-kcal-Vegan-GLP-1-Support-Weight-Loss-Option-15.pdf
GLP-1 Support Weight Loss,1500,Vegan,16,1494,64,58,07-GLP-1-Support-Weight-Loss/1500-kcal/1500-kcal-Vegan-GLP-1-Support-Weight-Loss-Option-16.pdf
GLP-1 Support Weight Loss,1500,Vegan,17,1501,66,59,07-GLP-1-Support-Weight-Loss/1500-kcal/1500-kcal-Vegan-GLP-1-Support-Weight-Loss-Option-17.pdf
GLP-1 Support Weight Loss,1500,Vegan,18,1491,64,59,07-GLP-1-Support-Weight-Loss/1500-kcal/1500-kcal-Vegan-GLP-1-Support-Weight-Loss-Option-18.pdf
GLP-1 Support Weight Loss,1500,Vegan,19,1479,66,60,07-GLP-1-Support-Weight-Loss/1500-kcal/1500-kcal-Vegan-GLP-1-Support-Weight-Loss-Option-19.pdf
GLP-1 Support Weight Loss,1500,Vegan,20,1488,66,61,07-GLP-1-Support-Weight-Loss/1500-kcal/1500-kcal-Vegan-GLP-1-Support-Weight-Loss-Option-20.pdf
GLP-1 Support Weight Loss,1500,Vegan,21,1494,67,65,07-GLP-1-Support-Weight-Loss/1500-kcal/1500-kcal-Vegan-GLP-1-Support-Weight-Loss-Option-21.pdf
GLP-1 Support Weight Loss,1500,Vegan,22,1496,65,60,07-GLP-1-Support-Weight-Loss/1500-kcal/1500-kcal-Vegan-GLP-1-Support-Weight-Loss-Option-22.pdf
GLP-1 Support Weight Loss,1500,Vegan,23,1501,65,55,07-GLP-1-Support-Weight-Loss/1500-kcal/1500-kcal-Vegan-GLP-1-Support-Weight-Loss-Option-23.pdf
GLP-1 Support Weight Loss,1500,Vegan,24,1505,65,61,07-GLP-1-Support-Weight-Loss/1500-kcal/1500-kcal-Vegan-GLP-1-Support-Weight-Loss-Option-24.pdf
GLP-1 Support Weight Loss,1500,Vegan,25,1487,65,59,07-GLP-1-Support-Weight-Loss/1500-kcal/1500-kcal-Vegan-GLP-1-Support-Weight-Loss-Option-25.pdf
GLP-1 Support Weight Loss,1500,Vegan,26,1501,67,60,07-GLP-1-Support-Weight-Loss/1500-kcal/1500-kcal-Vegan-GLP-1-Support-Weight-Loss-Option-26.pdf
GLP-1 Support Weight Loss,1500,Vegan,27,1496,64,58,07-GLP-1-Support-Weight-Loss/1500-kcal/1500-kcal-Vegan-GLP-1-Support-Weight-Loss-Option-27.pdf
GLP-1 Support Weight Loss,1500,Vegan,28,1488,64,59,07-GLP-1-Support-Weight-Loss/1500-kcal/1500-kcal-Vegan-GLP-1-Support-Weight-Loss-Option-28.pdf
GLP-1 Support Weight Loss,1500,Vegan,29,1496,66,59,07-GLP-1-Support-Weight-Loss/1500-kcal/1500-kcal-Vegan-GLP-1-Support-Weight-Loss-Option-29.pdf
GLP-1 Support Weight Loss,1500,Vegan,30,1506,65,59,07-GLP-1-Support-Weight-Loss/1500-kcal/1500-kcal-Vegan-GLP-1-Support-Weight-Loss-Option-30.pdf
GLP-1 Support Weight Loss,1500,Eggetarian,1,1497,72,62,07-GLP-1-Support-Weight-Loss/1500-kcal/1500-kcal-Eggetarian-GLP-1-Support-Weight-Loss-Option-01.pdf
GLP-1 Support Weight Loss,1500,Eggetarian,2,1499,72,61,07-GLP-1-Support-Weight-Loss/1500-kcal/1500-kcal-Eggetarian-GLP-1-Support-Weight-Loss-Option-02.pdf
GLP-1 Support Weight Loss,1500,Eggetarian,3,1493,66,60,07-GLP-1-Support-Weight-Loss/1500-kcal/1500-kcal-Eggetarian-GLP-1-Support-Weight-Loss-Option-03.pdf
GLP-1 Support Weight Loss,1500,Eggetarian,4,1497,72,68,07-GLP-1-Support-Weight-Loss/1500-kcal/1500-kcal-Eggetarian-GLP-1-Support-Weight-Loss-Option-04.pdf
GLP-1 Support Weight Loss,1500,Eggetarian,5,1494,69,57,07-GLP-1-Support-Weight-Loss/1500-kcal/1500-kcal-Eggetarian-GLP-1-Support-Weight-Loss-Option-05.pdf
GLP-1 Support Weight Loss,1500,Eggetarian,6,1510,69,60,07-GLP-1-Support-Weight-Loss/1500-kcal/1500-kcal-Eggetarian-GLP-1-Support-Weight-Loss-Option-06.pdf
GLP-1 Support Weight Loss,1500,Eggetarian,7,1482,69,55,07-GLP-1-Support-Weight-Loss/1500-kcal/1500-kcal-Eggetarian-GLP-1-Support-Weight-Loss-Option-07.pdf
GLP-1 Support Weight Loss,1500,Eggetarian,8,1487,72,64,07-GLP-1-Support-Weight-Loss/1500-kcal/1500-kcal-Eggetarian-GLP-1-Support-Weight-Loss-Option-08.pdf
GLP-1 Support Weight Loss,1500,Eggetarian,9,1492,71,59,07-GLP-1-Support-Weight-Loss/1500-kcal/1500-kcal-Eggetarian-GLP-1-Support-Weight-Loss-Option-09.pdf
GLP-1 Support Weight Loss,1500,Eggetarian,10,1488,71,58,07-GLP-1-Support-Weight-Loss/1500-kcal/1500-kcal-Eggetarian-GLP-1-Support-Weight-Loss-Option-10.pdf
GLP-1 Support Weight Loss,1500,Eggetarian,11,1504,74,66,07-GLP-1-Support-Weight-Loss/1500-kcal/1500-kcal-Eggetarian-GLP-1-Support-Weight-Loss-Option-11.pdf
GLP-1 Support Weight Loss,1500,Eggetarian,12,1494,70,63,07-GLP-1-Support-Weight-Loss/1500-kcal/1500-kcal-Eggetarian-GLP-1-Support-Weight-Loss-Option-12.pdf
GLP-1 Support Weight Loss,1500,Eggetarian,13,1493,70,60,07-GLP-1-Support-Weight-Loss/1500-kcal/1500-kcal-Eggetarian-GLP-1-Support-Weight-Loss-Option-13.pdf
GLP-1 Support Weight Loss,1500,Eggetarian,14,1494,72,59,07-GLP-1-Support-Weight-Loss/1500-kcal/1500-kcal-Eggetarian-GLP-1-Support-Weight-Loss-Option-14.pdf
GLP-1 Support Weight Loss,1500,Eggetarian,15,1503,71,62,07-GLP-1-Support-Weight-Loss/1500-kcal/1500-kcal-Eggetarian-GLP-1-Support-Weight-Loss-Option-15.pdf
GLP-1 Support Weight Loss,1500,Eggetarian,16,1516,70,58,07-GLP-1-Support-Weight-Loss/1500-kcal/1500-kcal-Eggetarian-GLP-1-Support-Weight-Loss-Option-16.pdf
GLP-1 Support Weight Loss,1500,Eggetarian,17,1505,72,59,07-GLP-1-Support-Weight-Loss/1500-kcal/1500-kcal-Eggetarian-GLP-1-Support-Weight-Loss-Option-17.pdf
GLP-1 Support Weight Loss,1500,Eggetarian,18,1498,73,62,07-GLP-1-Support-Weight-Loss/1500-kcal/1500-kcal-Eggetarian-GLP-1-Support-Weight-Loss-Option-18.pdf
GLP-1 Support Weight Loss,1500,Eggetarian,19,1490,72,61,07-GLP-1-Support-Weight-Loss/1500-kcal/1500-kcal-Eggetarian-GLP-1-Support-Weight-Loss-Option-19.pdf
GLP-1 Support Weight Loss,1500,Eggetarian,20,1494,72,56,07-GLP-1-Support-Weight-Loss/1500-kcal/1500-kcal-Eggetarian-GLP-1-Support-Weight-Loss-Option-20.pdf
GLP-1 Support Weight Loss,1500,Eggetarian,21,1488,73,64,07-GLP-1-Support-Weight-Loss/1500-kcal/1500-kcal-Eggetarian-GLP-1-Support-Weight-Loss-Option-21.pdf
GLP-1 Support Weight Loss,1500,Eggetarian,22,1488,68,61,07-GLP-1-Support-Weight-Loss/1500-kcal/1500-kcal-Eggetarian-GLP-1-Support-Weight-Loss-Option-22.pdf
GLP-1 Support Weight Loss,1500,Eggetarian,23,1494,68,58,07-GLP-1-Support-Weight-Loss/1500-kcal/1500-kcal-Eggetarian-GLP-1-Support-Weight-Loss-Option-23.pdf
GLP-1 Support Weight Loss,1500,Eggetarian,24,1490,71,63,07-GLP-1-Support-Weight-Loss/1500-kcal/1500-kcal-Eggetarian-GLP-1-Support-Weight-Loss-Option-24.pdf
GLP-1 Support Weight Loss,1500,Eggetarian,25,1495,71,56,07-GLP-1-Support-Weight-Loss/1500-kcal/1500-kcal-Eggetarian-GLP-1-Support-Weight-Loss-Option-25.pdf
GLP-1 Support Weight Loss,1500,Eggetarian,26,1492,76,67,07-GLP-1-Support-Weight-Loss/1500-kcal/1500-kcal-Eggetarian-GLP-1-Support-Weight-Loss-Option-26.pdf
GLP-1 Support Weight Loss,1500,Eggetarian,27,1504,70,56,07-GLP-1-Support-Weight-Loss/1500-kcal/1500-kcal-Eggetarian-GLP-1-Support-Weight-Loss-Option-27.pdf
GLP-1 Support Weight Loss,1500,Eggetarian,28,1487,72,62,07-GLP-1-Support-Weight-Loss/1500-kcal/1500-kcal-Eggetarian-GLP-1-Support-Weight-Loss-Option-28.pdf
GLP-1 Support Weight Loss,1500,Eggetarian,29,1492,69,59,07-GLP-1-Support-Weight-Loss/1500-kcal/1500-kcal-Eggetarian-GLP-1-Support-Weight-Loss-Option-29.pdf
GLP-1 Support Weight Loss,1500,Eggetarian,30,1504,71,67,07-GLP-1-Support-Weight-Loss/1500-kcal/1500-kcal-Eggetarian-GLP-1-Support-Weight-Loss-Option-30.pdf
GLP-1 Support Weight Loss,1500,Non-Vegetarian,1,1498,83,74,07-GLP-1-Support-Weight-Loss/1500-kcal/1500-kcal-Non-Vegetarian-GLP-1-Support-Weight-Loss-Option-01.pdf
GLP-1 Support Weight Loss,1500,Non-Vegetarian,2,1485,80,68,07-GLP-1-Support-Weight-Loss/1500-kcal/1500-kcal-Non-Vegetarian-GLP-1-Support-Weight-Loss-Option-02.pdf
GLP-1 Support Weight Loss,1500,Non-Vegetarian,3,1484,81,67,07-GLP-1-Support-Weight-Loss/1500-kcal/1500-kcal-Non-Vegetarian-GLP-1-Support-Weight-Loss-Option-03.pdf
GLP-1 Support Weight Loss,1500,Non-Vegetarian,4,1503,76,65,07-GLP-1-Support-Weight-Loss/1500-kcal/1500-kcal-Non-Vegetarian-GLP-1-Support-Weight-Loss-Option-04.pdf
GLP-1 Support Weight Loss,1500,Non-Vegetarian,5,1504,78,66,07-GLP-1-Support-Weight-Loss/1500-kcal/1500-kcal-Non-Vegetarian-GLP-1-Support-Weight-Loss-Option-05.pdf
GLP-1 Support Weight Loss,1500,Non-Vegetarian,6,1498,80,69,07-GLP-1-Support-Weight-Loss/1500-kcal/1500-kcal-Non-Vegetarian-GLP-1-Support-Weight-Loss-Option-06.pdf
GLP-1 Support Weight Loss,1500,Non-Vegetarian,7,1493,81,67,07-GLP-1-Support-Weight-Loss/1500-kcal/1500-kcal-Non-Vegetarian-GLP-1-Support-Weight-Loss-Option-07.pdf
GLP-1 Support Weight Loss,1500,Non-Vegetarian,8,1488,83,72,07-GLP-1-Support-Weight-Loss/1500-kcal/1500-kcal-Non-Vegetarian-GLP-1-Support-Weight-Loss-Option-08.pdf
GLP-1 Support Weight Loss,1500,Non-Vegetarian,9,1495,86,64,07-GLP-1-Support-Weight-Loss/1500-kcal/1500-kcal-Non-Vegetarian-GLP-1-Support-Weight-Loss-Option-09.pdf
GLP-1 Support Weight Loss,1500,Non-Vegetarian,10,1499,82,67,07-GLP-1-Support-Weight-Loss/1500-kcal/1500-kcal-Non-Vegetarian-GLP-1-Support-Weight-Loss-Option-10.pdf
GLP-1 Support Weight Loss,1500,Non-Vegetarian,11,1505,77,66,07-GLP-1-Support-Weight-Loss/1500-kcal/1500-kcal-Non-Vegetarian-GLP-1-Support-Weight-Loss-Option-11.pdf
GLP-1 Support Weight Loss,1500,Non-Vegetarian,12,1496,79,69,07-GLP-1-Support-Weight-Loss/1500-kcal/1500-kcal-Non-Vegetarian-GLP-1-Support-Weight-Loss-Option-12.pdf
GLP-1 Support Weight Loss,1500,Non-Vegetarian,13,1490,81,68,07-GLP-1-Support-Weight-Loss/1500-kcal/1500-kcal-Non-Vegetarian-GLP-1-Support-Weight-Loss-Option-13.pdf
GLP-1 Support Weight Loss,1500,Non-Vegetarian,14,1504,81,73,07-GLP-1-Support-Weight-Loss/1500-kcal/1500-kcal-Non-Vegetarian-GLP-1-Support-Weight-Loss-Option-14.pdf
GLP-1 Support Weight Loss,1500,Non-Vegetarian,15,1493,85,76,07-GLP-1-Support-Weight-Loss/1500-kcal/1500-kcal-Non-Vegetarian-GLP-1-Support-Weight-Loss-Option-15.pdf
GLP-1 Support Weight Loss,1500,Non-Vegetarian,16,1499,84,63,07-GLP-1-Support-Weight-Loss/1500-kcal/1500-kcal-Non-Vegetarian-GLP-1-Support-Weight-Loss-Option-16.pdf
GLP-1 Support Weight Loss,1500,Non-Vegetarian,17,1489,84,69,07-GLP-1-Support-Weight-Loss/1500-kcal/1500-kcal-Non-Vegetarian-GLP-1-Support-Weight-Loss-Option-17.pdf
GLP-1 Support Weight Loss,1500,Non-Vegetarian,18,1499,80,64,07-GLP-1-Support-Weight-Loss/1500-kcal/1500-kcal-Non-Vegetarian-GLP-1-Support-Weight-Loss-Option-18.pdf
GLP-1 Support Weight Loss,1500,Non-Vegetarian,19,1484,83,76,07-GLP-1-Support-Weight-Loss/1500-kcal/1500-kcal-Non-Vegetarian-GLP-1-Support-Weight-Loss-Option-19.pdf
GLP-1 Support Weight Loss,1500,Non-Vegetarian,20,1497,76,64,07-GLP-1-Support-Weight-Loss/1500-kcal/1500-kcal-Non-Vegetarian-GLP-1-Support-Weight-Loss-Option-20.pdf
GLP-1 Support Weight Loss,1500,Non-Vegetarian,21,1499,81,72,07-GLP-1-Support-Weight-Loss/1500-kcal/1500-kcal-Non-Vegetarian-GLP-1-Support-Weight-Loss-Option-21.pdf
GLP-1 Support Weight Loss,1500,Non-Vegetarian,22,1489,79,67,07-GLP-1-Support-Weight-Loss/1500-kcal/1500-kcal-Non-Vegetarian-GLP-1-Support-Weight-Loss-Option-22.pdf
GLP-1 Support Weight Loss,1500,Non-Vegetarian,23,1486,79,71,07-GLP-1-Support-Weight-Loss/1500-kcal/1500-kcal-Non-Vegetarian-GLP-1-Support-Weight-Loss-Option-23.pdf
GLP-1 Support Weight Loss,1500,Non-Vegetarian,24,1492,85,75,07-GLP-1-Support-Weight-Loss/1500-kcal/1500-kcal-Non-Vegetarian-GLP-1-Support-Weight-Loss-Option-24.pdf
GLP-1 Support Weight Loss,1500,Non-Vegetarian,25,1480,80,64,07-GLP-1-Support-Weight-Loss/1500-kcal/1500-kcal-Non-Vegetarian-GLP-1-Support-Weight-Loss-Option-25.pdf
GLP-1 Support Weight Loss,1500,Non-Vegetarian,26,1491,77,67,07-GLP-1-Support-Weight-Loss/1500-kcal/1500-kcal-Non-Vegetarian-GLP-1-Support-Weight-Loss-Option-26.pdf
GLP-1 Support Weight Loss,1500,Non-Vegetarian,27,1489,81,68,07-GLP-1-Support-Weight-Loss/1500-kcal/1500-kcal-Non-Vegetarian-GLP-1-Support-Weight-Loss-Option-27.pdf
GLP-1 Support Weight Loss,1500,Non-Vegetarian,28,1507,89,72,07-GLP-1-Support-Weight-Loss/1500-kcal/1500-kcal-Non-Vegetarian-GLP-1-Support-Weight-Loss-Option-28.pdf
GLP-1 Support Weight Loss,1500,Non-Vegetarian,29,1506,82,69,07-GLP-1-Support-Weight-Loss/1500-kcal/1500-kcal-Non-Vegetarian-GLP-1-Support-Weight-Loss-Option-29.pdf
GLP-1 Support Weight Loss,1500,Non-Vegetarian,30,1491,82,65,07-GLP-1-Support-Weight-Loss/1500-kcal/1500-kcal-Non-Vegetarian-GLP-1-Support-Weight-Loss-Option-30.pdf
GLP-1 Support Weight Loss,1600,Vegetarian,1,1597,70,62,07-GLP-1-Support-Weight-Loss/1600-kcal/1600-kcal-Vegetarian-GLP-1-Support-Weight-Loss-Option-01.pdf
GLP-1 Support Weight Loss,1600,Vegetarian,2,1595,67,63,07-GLP-1-Support-Weight-Loss/1600-kcal/1600-kcal-Vegetarian-GLP-1-Support-Weight-Loss-Option-02.pdf
GLP-1 Support Weight Loss,1600,Vegetarian,3,1593,72,67,07-GLP-1-Support-Weight-Loss/1600-kcal/1600-kcal-Vegetarian-GLP-1-Support-Weight-Loss-Option-03.pdf
GLP-1 Support Weight Loss,1600,Vegetarian,4,1601,71,65,07-GLP-1-Support-Weight-Loss/1600-kcal/1600-kcal-Vegetarian-GLP-1-Support-Weight-Loss-Option-04.pdf
GLP-1 Support Weight Loss,1600,Vegetarian,5,1617,72,64,07-GLP-1-Support-Weight-Loss/1600-kcal/1600-kcal-Vegetarian-GLP-1-Support-Weight-Loss-Option-05.pdf
GLP-1 Support Weight Loss,1600,Vegetarian,6,1596,73,67,07-GLP-1-Support-Weight-Loss/1600-kcal/1600-kcal-Vegetarian-GLP-1-Support-Weight-Loss-Option-06.pdf
GLP-1 Support Weight Loss,1600,Vegetarian,7,1598,69,59,07-GLP-1-Support-Weight-Loss/1600-kcal/1600-kcal-Vegetarian-GLP-1-Support-Weight-Loss-Option-07.pdf
GLP-1 Support Weight Loss,1600,Vegetarian,8,1600,71,59,07-GLP-1-Support-Weight-Loss/1600-kcal/1600-kcal-Vegetarian-GLP-1-Support-Weight-Loss-Option-08.pdf
GLP-1 Support Weight Loss,1600,Vegetarian,9,1597,70,64,07-GLP-1-Support-Weight-Loss/1600-kcal/1600-kcal-Vegetarian-GLP-1-Support-Weight-Loss-Option-09.pdf
GLP-1 Support Weight Loss,1600,Vegetarian,10,1600,69,64,07-GLP-1-Support-Weight-Loss/1600-kcal/1600-kcal-Vegetarian-GLP-1-Support-Weight-Loss-Option-10.pdf
GLP-1 Support Weight Loss,1600,Vegetarian,11,1601,68,54,07-GLP-1-Support-Weight-Loss/1600-kcal/1600-kcal-Vegetarian-GLP-1-Support-Weight-Loss-Option-11.pdf
GLP-1 Support Weight Loss,1600,Vegetarian,12,1585,69,65,07-GLP-1-Support-Weight-Loss/1600-kcal/1600-kcal-Vegetarian-GLP-1-Support-Weight-Loss-Option-12.pdf
GLP-1 Support Weight Loss,1600,Vegetarian,13,1595,70,59,07-GLP-1-Support-Weight-Loss/1600-kcal/1600-kcal-Vegetarian-GLP-1-Support-Weight-Loss-Option-13.pdf
GLP-1 Support Weight Loss,1600,Vegetarian,14,1597,67,61,07-GLP-1-Support-Weight-Loss/1600-kcal/1600-kcal-Vegetarian-GLP-1-Support-Weight-Loss-Option-14.pdf
GLP-1 Support Weight Loss,1600,Vegetarian,15,1596,70,62,07-GLP-1-Support-Weight-Loss/1600-kcal/1600-kcal-Vegetarian-GLP-1-Support-Weight-Loss-Option-15.pdf
GLP-1 Support Weight Loss,1600,Vegetarian,16,1595,68,61,07-GLP-1-Support-Weight-Loss/1600-kcal/1600-kcal-Vegetarian-GLP-1-Support-Weight-Loss-Option-16.pdf
GLP-1 Support Weight Loss,1600,Vegetarian,17,1603,70,62,07-GLP-1-Support-Weight-Loss/1600-kcal/1600-kcal-Vegetarian-GLP-1-Support-Weight-Loss-Option-17.pdf
GLP-1 Support Weight Loss,1600,Vegetarian,18,1583,68,63,07-GLP-1-Support-Weight-Loss/1600-kcal/1600-kcal-Vegetarian-GLP-1-Support-Weight-Loss-Option-18.pdf
GLP-1 Support Weight Loss,1600,Vegetarian,19,1609,70,64,07-GLP-1-Support-Weight-Loss/1600-kcal/1600-kcal-Vegetarian-GLP-1-Support-Weight-Loss-Option-19.pdf
GLP-1 Support Weight Loss,1600,Vegetarian,20,1604,70,60,07-GLP-1-Support-Weight-Loss/1600-kcal/1600-kcal-Vegetarian-GLP-1-Support-Weight-Loss-Option-20.pdf
GLP-1 Support Weight Loss,1600,Vegetarian,21,1585,68,62,07-GLP-1-Support-Weight-Loss/1600-kcal/1600-kcal-Vegetarian-GLP-1-Support-Weight-Loss-Option-21.pdf
GLP-1 Support Weight Loss,1600,Vegetarian,22,1604,70,63,07-GLP-1-Support-Weight-Loss/1600-kcal/1600-kcal-Vegetarian-GLP-1-Support-Weight-Loss-Option-22.pdf
GLP-1 Support Weight Loss,1600,Vegetarian,23,1587,69,63,07-GLP-1-Support-Weight-Loss/1600-kcal/1600-kcal-Vegetarian-GLP-1-Support-Weight-Loss-Option-23.pdf
GLP-1 Support Weight Loss,1600,Vegetarian,24,1607,71,61,07-GLP-1-Support-Weight-Loss/1600-kcal/1600-kcal-Vegetarian-GLP-1-Support-Weight-Loss-Option-24.pdf
GLP-1 Support Weight Loss,1600,Vegetarian,25,1593,67,58,07-GLP-1-Support-Weight-Loss/1600-kcal/1600-kcal-Vegetarian-GLP-1-Support-Weight-Loss-Option-25.pdf
GLP-1 Support Weight Loss,1600,Vegetarian,26,1590,71,65,07-GLP-1-Support-Weight-Loss/1600-kcal/1600-kcal-Vegetarian-GLP-1-Support-Weight-Loss-Option-26.pdf
GLP-1 Support Weight Loss,1600,Vegetarian,27,1593,68,60,07-GLP-1-Support-Weight-Loss/1600-kcal/1600-kcal-Vegetarian-GLP-1-Support-Weight-Loss-Option-27.pdf
GLP-1 Support Weight Loss,1600,Vegetarian,28,1594,72,69,07-GLP-1-Support-Weight-Loss/1600-kcal/1600-kcal-Vegetarian-GLP-1-Support-Weight-Loss-Option-28.pdf
GLP-1 Support Weight Loss,1600,Vegetarian,29,1594,72,61,07-GLP-1-Support-Weight-Loss/1600-kcal/1600-kcal-Vegetarian-GLP-1-Support-Weight-Loss-Option-29.pdf
GLP-1 Support Weight Loss,1600,Vegetarian,30,1594,71,64,07-GLP-1-Support-Weight-Loss/1600-kcal/1600-kcal-Vegetarian-GLP-1-Support-Weight-Loss-Option-30.pdf
GLP-1 Support Weight Loss,1600,Vegan,1,1593,70,63,07-GLP-1-Support-Weight-Loss/1600-kcal/1600-kcal-Vegan-GLP-1-Support-Weight-Loss-Option-01.pdf
GLP-1 Support Weight Loss,1600,Vegan,2,1596,69,65,07-GLP-1-Support-Weight-Loss/1600-kcal/1600-kcal-Vegan-GLP-1-Support-Weight-Loss-Option-02.pdf
GLP-1 Support Weight Loss,1600,Vegan,3,1600,69,64,07-GLP-1-Support-Weight-Loss/1600-kcal/1600-kcal-Vegan-GLP-1-Support-Weight-Loss-Option-03.pdf
GLP-1 Support Weight Loss,1600,Vegan,4,1610,68,62,07-GLP-1-Support-Weight-Loss/1600-kcal/1600-kcal-Vegan-GLP-1-Support-Weight-Loss-Option-04.pdf
GLP-1 Support Weight Loss,1600,Vegan,5,1580,69,60,07-GLP-1-Support-Weight-Loss/1600-kcal/1600-kcal-Vegan-GLP-1-Support-Weight-Loss-Option-05.pdf
GLP-1 Support Weight Loss,1600,Vegan,6,1608,72,61,07-GLP-1-Support-Weight-Loss/1600-kcal/1600-kcal-Vegan-GLP-1-Support-Weight-Loss-Option-06.pdf
GLP-1 Support Weight Loss,1600,Vegan,7,1604,68,62,07-GLP-1-Support-Weight-Loss/1600-kcal/1600-kcal-Vegan-GLP-1-Support-Weight-Loss-Option-07.pdf
GLP-1 Support Weight Loss,1600,Vegan,8,1590,71,59,07-GLP-1-Support-Weight-Loss/1600-kcal/1600-kcal-Vegan-GLP-1-Support-Weight-Loss-Option-08.pdf
GLP-1 Support Weight Loss,1600,Vegan,9,1601,71,65,07-GLP-1-Support-Weight-Loss/1600-kcal/1600-kcal-Vegan-GLP-1-Support-Weight-Loss-Option-09.pdf
GLP-1 Support Weight Loss,1600,Vegan,10,1593,70,69,07-GLP-1-Support-Weight-Loss/1600-kcal/1600-kcal-Vegan-GLP-1-Support-Weight-Loss-Option-10.pdf
GLP-1 Support Weight Loss,1600,Vegan,11,1592,69,64,07-GLP-1-Support-Weight-Loss/1600-kcal/1600-kcal-Vegan-GLP-1-Support-Weight-Loss-Option-11.pdf
GLP-1 Support Weight Loss,1600,Vegan,12,1582,69,60,07-GLP-1-Support-Weight-Loss/1600-kcal/1600-kcal-Vegan-GLP-1-Support-Weight-Loss-Option-12.pdf
GLP-1 Support Weight Loss,1600,Vegan,13,1599,68,58,07-GLP-1-Support-Weight-Loss/1600-kcal/1600-kcal-Vegan-GLP-1-Support-Weight-Loss-Option-13.pdf
GLP-1 Support Weight Loss,1600,Vegan,14,1585,71,60,07-GLP-1-Support-Weight-Loss/1600-kcal/1600-kcal-Vegan-GLP-1-Support-Weight-Loss-Option-14.pdf
GLP-1 Support Weight Loss,1600,Vegan,15,1605,70,63,07-GLP-1-Support-Weight-Loss/1600-kcal/1600-kcal-Vegan-GLP-1-Support-Weight-Loss-Option-15.pdf
GLP-1 Support Weight Loss,1600,Vegan,16,1595,68,65,07-GLP-1-Support-Weight-Loss/1600-kcal/1600-kcal-Vegan-GLP-1-Support-Weight-Loss-Option-16.pdf
GLP-1 Support Weight Loss,1600,Vegan,17,1591,72,66,07-GLP-1-Support-Weight-Loss/1600-kcal/1600-kcal-Vegan-GLP-1-Support-Weight-Loss-Option-17.pdf
GLP-1 Support Weight Loss,1600,Vegan,18,1594,69,62,07-GLP-1-Support-Weight-Loss/1600-kcal/1600-kcal-Vegan-GLP-1-Support-Weight-Loss-Option-18.pdf
GLP-1 Support Weight Loss,1600,Vegan,19,1605,73,61,07-GLP-1-Support-Weight-Loss/1600-kcal/1600-kcal-Vegan-GLP-1-Support-Weight-Loss-Option-19.pdf
GLP-1 Support Weight Loss,1600,Vegan,20,1593,72,63,07-GLP-1-Support-Weight-Loss/1600-kcal/1600-kcal-Vegan-GLP-1-Support-Weight-Loss-Option-20.pdf
GLP-1 Support Weight Loss,1600,Vegan,21,1608,70,66,07-GLP-1-Support-Weight-Loss/1600-kcal/1600-kcal-Vegan-GLP-1-Support-Weight-Loss-Option-21.pdf
GLP-1 Support Weight Loss,1600,Vegan,22,1599,71,67,07-GLP-1-Support-Weight-Loss/1600-kcal/1600-kcal-Vegan-GLP-1-Support-Weight-Loss-Option-22.pdf
GLP-1 Support Weight Loss,1600,Vegan,23,1594,67,63,07-GLP-1-Support-Weight-Loss/1600-kcal/1600-kcal-Vegan-GLP-1-Support-Weight-Loss-Option-23.pdf
GLP-1 Support Weight Loss,1600,Vegan,24,1600,72,61,07-GLP-1-Support-Weight-Loss/1600-kcal/1600-kcal-Vegan-GLP-1-Support-Weight-Loss-Option-24.pdf
GLP-1 Support Weight Loss,1600,Vegan,25,1589,71,67,07-GLP-1-Support-Weight-Loss/1600-kcal/1600-kcal-Vegan-GLP-1-Support-Weight-Loss-Option-25.pdf
GLP-1 Support Weight Loss,1600,Vegan,26,1596,72,67,07-GLP-1-Support-Weight-Loss/1600-kcal/1600-kcal-Vegan-GLP-1-Support-Weight-Loss-Option-26.pdf
GLP-1 Support Weight Loss,1600,Vegan,27,1571,71,60,07-GLP-1-Support-Weight-Loss/1600-kcal/1600-kcal-Vegan-GLP-1-Support-Weight-Loss-Option-27.pdf
GLP-1 Support Weight Loss,1600,Vegan,28,1599,71,65,07-GLP-1-Support-Weight-Loss/1600-kcal/1600-kcal-Vegan-GLP-1-Support-Weight-Loss-Option-28.pdf
GLP-1 Support Weight Loss,1600,Vegan,29,1589,67,60,07-GLP-1-Support-Weight-Loss/1600-kcal/1600-kcal-Vegan-GLP-1-Support-Weight-Loss-Option-29.pdf
GLP-1 Support Weight Loss,1600,Vegan,30,1577,67,58,07-GLP-1-Support-Weight-Loss/1600-kcal/1600-kcal-Vegan-GLP-1-Support-Weight-Loss-Option-30.pdf
GLP-1 Support Weight Loss,1600,Eggetarian,1,1588,74,63,07-GLP-1-Support-Weight-Loss/1600-kcal/1600-kcal-Eggetarian-GLP-1-Support-Weight-Loss-Option-01.pdf
GLP-1 Support Weight Loss,1600,Eggetarian,2,1598,74,71,07-GLP-1-Support-Weight-Loss/1600-kcal/1600-kcal-Eggetarian-GLP-1-Support-Weight-Loss-Option-02.pdf
GLP-1 Support Weight Loss,1600,Eggetarian,3,1604,72,61,07-GLP-1-Support-Weight-Loss/1600-kcal/1600-kcal-Eggetarian-GLP-1-Support-Weight-Loss-Option-03.pdf
GLP-1 Support Weight Loss,1600,Eggetarian,4,1596,75,61,07-GLP-1-Support-Weight-Loss/1600-kcal/1600-kcal-Eggetarian-GLP-1-Support-Weight-Loss-Option-04.pdf
GLP-1 Support Weight Loss,1600,Eggetarian,5,1595,71,61,07-GLP-1-Support-Weight-Loss/1600-kcal/1600-kcal-Eggetarian-GLP-1-Support-Weight-Loss-Option-05.pdf
GLP-1 Support Weight Loss,1600,Eggetarian,6,1604,73,66,07-GLP-1-Support-Weight-Loss/1600-kcal/1600-kcal-Eggetarian-GLP-1-Support-Weight-Loss-Option-06.pdf
GLP-1 Support Weight Loss,1600,Eggetarian,7,1603,77,64,07-GLP-1-Support-Weight-Loss/1600-kcal/1600-kcal-Eggetarian-GLP-1-Support-Weight-Loss-Option-07.pdf
GLP-1 Support Weight Loss,1600,Eggetarian,8,1590,75,64,07-GLP-1-Support-Weight-Loss/1600-kcal/1600-kcal-Eggetarian-GLP-1-Support-Weight-Loss-Option-08.pdf
GLP-1 Support Weight Loss,1600,Eggetarian,9,1598,78,67,07-GLP-1-Support-Weight-Loss/1600-kcal/1600-kcal-Eggetarian-GLP-1-Support-Weight-Loss-Option-09.pdf
GLP-1 Support Weight Loss,1600,Eggetarian,10,1588,71,58,07-GLP-1-Support-Weight-Loss/1600-kcal/1600-kcal-Eggetarian-GLP-1-Support-Weight-Loss-Option-10.pdf
GLP-1 Support Weight Loss,1600,Eggetarian,11,1577,73,61,07-GLP-1-Support-Weight-Loss/1600-kcal/1600-kcal-Eggetarian-GLP-1-Support-Weight-Loss-Option-11.pdf
GLP-1 Support Weight Loss,1600,Eggetarian,12,1584,74,65,07-GLP-1-Support-Weight-Loss/1600-kcal/1600-kcal-Eggetarian-GLP-1-Support-Weight-Loss-Option-12.pdf
GLP-1 Support Weight Loss,1600,Eggetarian,13,1592,73,66,07-GLP-1-Support-Weight-Loss/1600-kcal/1600-kcal-Eggetarian-GLP-1-Support-Weight-Loss-Option-13.pdf
GLP-1 Support Weight Loss,1600,Eggetarian,14,1590,72,65,07-GLP-1-Support-Weight-Loss/1600-kcal/1600-kcal-Eggetarian-GLP-1-Support-Weight-Loss-Option-14.pdf
GLP-1 Support Weight Loss,1600,Eggetarian,15,1596,69,59,07-GLP-1-Support-Weight-Loss/1600-kcal/1600-kcal-Eggetarian-GLP-1-Support-Weight-Loss-Option-15.pdf
GLP-1 Support Weight Loss,1600,Eggetarian,16,1591,71,60,07-GLP-1-Support-Weight-Loss/1600-kcal/1600-kcal-Eggetarian-GLP-1-Support-Weight-Loss-Option-16.pdf
GLP-1 Support Weight Loss,1600,Eggetarian,17,1597,73,60,07-GLP-1-Support-Weight-Loss/1600-kcal/1600-kcal-Eggetarian-GLP-1-Support-Weight-Loss-Option-17.pdf
GLP-1 Support Weight Loss,1600,Eggetarian,18,1594,80,73,07-GLP-1-Support-Weight-Loss/1600-kcal/1600-kcal-Eggetarian-GLP-1-Support-Weight-Loss-Option-18.pdf
GLP-1 Support Weight Loss,1600,Eggetarian,19,1589,74,66,07-GLP-1-Support-Weight-Loss/1600-kcal/1600-kcal-Eggetarian-GLP-1-Support-Weight-Loss-Option-19.pdf
GLP-1 Support Weight Loss,1600,Eggetarian,20,1601,72,67,07-GLP-1-Support-Weight-Loss/1600-kcal/1600-kcal-Eggetarian-GLP-1-Support-Weight-Loss-Option-20.pdf
GLP-1 Support Weight Loss,1600,Eggetarian,21,1589,80,73,07-GLP-1-Support-Weight-Loss/1600-kcal/1600-kcal-Eggetarian-GLP-1-Support-Weight-Loss-Option-21.pdf
GLP-1 Support Weight Loss,1600,Eggetarian,22,1592,73,61,07-GLP-1-Support-Weight-Loss/1600-kcal/1600-kcal-Eggetarian-GLP-1-Support-Weight-Loss-Option-22.pdf
GLP-1 Support Weight Loss,1600,Eggetarian,23,1594,72,63,07-GLP-1-Support-Weight-Loss/1600-kcal/1600-kcal-Eggetarian-GLP-1-Support-Weight-Loss-Option-23.pdf
GLP-1 Support Weight Loss,1600,Eggetarian,24,1597,71,62,07-GLP-1-Support-Weight-Loss/1600-kcal/1600-kcal-Eggetarian-GLP-1-Support-Weight-Loss-Option-24.pdf
GLP-1 Support Weight Loss,1600,Eggetarian,25,1573,75,59,07-GLP-1-Support-Weight-Loss/1600-kcal/1600-kcal-Eggetarian-GLP-1-Support-Weight-Loss-Option-25.pdf
GLP-1 Support Weight Loss,1600,Eggetarian,26,1585,72,64,07-GLP-1-Support-Weight-Loss/1600-kcal/1600-kcal-Eggetarian-GLP-1-Support-Weight-Loss-Option-26.pdf
GLP-1 Support Weight Loss,1600,Eggetarian,27,1602,77,70,07-GLP-1-Support-Weight-Loss/1600-kcal/1600-kcal-Eggetarian-GLP-1-Support-Weight-Loss-Option-27.pdf
GLP-1 Support Weight Loss,1600,Eggetarian,28,1580,78,64,07-GLP-1-Support-Weight-Loss/1600-kcal/1600-kcal-Eggetarian-GLP-1-Support-Weight-Loss-Option-28.pdf
GLP-1 Support Weight Loss,1600,Eggetarian,29,1594,75,65,07-GLP-1-Support-Weight-Loss/1600-kcal/1600-kcal-Eggetarian-GLP-1-Support-Weight-Loss-Option-29.pdf
GLP-1 Support Weight Loss,1600,Eggetarian,30,1602,76,66,07-GLP-1-Support-Weight-Loss/1600-kcal/1600-kcal-Eggetarian-GLP-1-Support-Weight-Loss-Option-30.pdf
GLP-1 Support Weight Loss,1600,Non-Vegetarian,1,1588,81,71,07-GLP-1-Support-Weight-Loss/1600-kcal/1600-kcal-Non-Vegetarian-GLP-1-Support-Weight-Loss-Option-01.pdf
GLP-1 Support Weight Loss,1600,Non-Vegetarian,2,1587,89,82,07-GLP-1-Support-Weight-Loss/1600-kcal/1600-kcal-Non-Vegetarian-GLP-1-Support-Weight-Loss-Option-02.pdf
GLP-1 Support Weight Loss,1600,Non-Vegetarian,3,1587,81,67,07-GLP-1-Support-Weight-Loss/1600-kcal/1600-kcal-Non-Vegetarian-GLP-1-Support-Weight-Loss-Option-03.pdf
GLP-1 Support Weight Loss,1600,Non-Vegetarian,4,1607,94,72,07-GLP-1-Support-Weight-Loss/1600-kcal/1600-kcal-Non-Vegetarian-GLP-1-Support-Weight-Loss-Option-04.pdf
GLP-1 Support Weight Loss,1600,Non-Vegetarian,5,1602,88,67,07-GLP-1-Support-Weight-Loss/1600-kcal/1600-kcal-Non-Vegetarian-GLP-1-Support-Weight-Loss-Option-05.pdf
GLP-1 Support Weight Loss,1600,Non-Vegetarian,6,1596,88,82,07-GLP-1-Support-Weight-Loss/1600-kcal/1600-kcal-Non-Vegetarian-GLP-1-Support-Weight-Loss-Option-06.pdf
GLP-1 Support Weight Loss,1600,Non-Vegetarian,7,1606,88,73,07-GLP-1-Support-Weight-Loss/1600-kcal/1600-kcal-Non-Vegetarian-GLP-1-Support-Weight-Loss-Option-07.pdf
GLP-1 Support Weight Loss,1600,Non-Vegetarian,8,1593,85,65,07-GLP-1-Support-Weight-Loss/1600-kcal/1600-kcal-Non-Vegetarian-GLP-1-Support-Weight-Loss-Option-08.pdf
GLP-1 Support Weight Loss,1600,Non-Vegetarian,9,1593,84,74,07-GLP-1-Support-Weight-Loss/1600-kcal/1600-kcal-Non-Vegetarian-GLP-1-Support-Weight-Loss-Option-09.pdf
GLP-1 Support Weight Loss,1600,Non-Vegetarian,10,1588,85,70,07-GLP-1-Support-Weight-Loss/1600-kcal/1600-kcal-Non-Vegetarian-GLP-1-Support-Weight-Loss-Option-10.pdf
GLP-1 Support Weight Loss,1600,Non-Vegetarian,11,1594,91,67,07-GLP-1-Support-Weight-Loss/1600-kcal/1600-kcal-Non-Vegetarian-GLP-1-Support-Weight-Loss-Option-11.pdf
GLP-1 Support Weight Loss,1600,Non-Vegetarian,12,1587,90,65,07-GLP-1-Support-Weight-Loss/1600-kcal/1600-kcal-Non-Vegetarian-GLP-1-Support-Weight-Loss-Option-12.pdf
GLP-1 Support Weight Loss,1600,Non-Vegetarian,13,1583,83,74,07-GLP-1-Support-Weight-Loss/1600-kcal/1600-kcal-Non-Vegetarian-GLP-1-Support-Weight-Loss-Option-13.pdf
GLP-1 Support Weight Loss,1600,Non-Vegetarian,14,1596,93,68,07-GLP-1-Support-Weight-Loss/1600-kcal/1600-kcal-Non-Vegetarian-GLP-1-Support-Weight-Loss-Option-14.pdf
GLP-1 Support Weight Loss,1600,Non-Vegetarian,15,1594,84,77,07-GLP-1-Support-Weight-Loss/1600-kcal/1600-kcal-Non-Vegetarian-GLP-1-Support-Weight-Loss-Option-15.pdf
GLP-1 Support Weight Loss,1600,Non-Vegetarian,16,1590,87,69,07-GLP-1-Support-Weight-Loss/1600-kcal/1600-kcal-Non-Vegetarian-GLP-1-Support-Weight-Loss-Option-16.pdf
GLP-1 Support Weight Loss,1600,Non-Vegetarian,17,1598,83,70,07-GLP-1-Support-Weight-Loss/1600-kcal/1600-kcal-Non-Vegetarian-GLP-1-Support-Weight-Loss-Option-17.pdf
GLP-1 Support Weight Loss,1600,Non-Vegetarian,18,1587,85,60,07-GLP-1-Support-Weight-Loss/1600-kcal/1600-kcal-Non-Vegetarian-GLP-1-Support-Weight-Loss-Option-18.pdf
GLP-1 Support Weight Loss,1600,Non-Vegetarian,19,1603,88,68,07-GLP-1-Support-Weight-Loss/1600-kcal/1600-kcal-Non-Vegetarian-GLP-1-Support-Weight-Loss-Option-19.pdf
GLP-1 Support Weight Loss,1600,Non-Vegetarian,20,1606,88,75,07-GLP-1-Support-Weight-Loss/1600-kcal/1600-kcal-Non-Vegetarian-GLP-1-Support-Weight-Loss-Option-20.pdf
GLP-1 Support Weight Loss,1600,Non-Vegetarian,21,1602,85,77,07-GLP-1-Support-Weight-Loss/1600-kcal/1600-kcal-Non-Vegetarian-GLP-1-Support-Weight-Loss-Option-21.pdf
GLP-1 Support Weight Loss,1600,Non-Vegetarian,22,1592,84,70,07-GLP-1-Support-Weight-Loss/1600-kcal/1600-kcal-Non-Vegetarian-GLP-1-Support-Weight-Loss-Option-22.pdf
GLP-1 Support Weight Loss,1600,Non-Vegetarian,23,1600,91,73,07-GLP-1-Support-Weight-Loss/1600-kcal/1600-kcal-Non-Vegetarian-GLP-1-Support-Weight-Loss-Option-23.pdf
GLP-1 Support Weight Loss,1600,Non-Vegetarian,24,1607,88,74,07-GLP-1-Support-Weight-Loss/1600-kcal/1600-kcal-Non-Vegetarian-GLP-1-Support-Weight-Loss-Option-24.pdf
GLP-1 Support Weight Loss,1600,Non-Vegetarian,25,1586,86,75,07-GLP-1-Support-Weight-Loss/1600-kcal/1600-kcal-Non-Vegetarian-GLP-1-Support-Weight-Loss-Option-25.pdf
GLP-1 Support Weight Loss,1600,Non-Vegetarian,26,1597,79,69,07-GLP-1-Support-Weight-Loss/1600-kcal/1600-kcal-Non-Vegetarian-GLP-1-Support-Weight-Loss-Option-26.pdf
GLP-1 Support Weight Loss,1600,Non-Vegetarian,27,1597,82,73,07-GLP-1-Support-Weight-Loss/1600-kcal/1600-kcal-Non-Vegetarian-GLP-1-Support-Weight-Loss-Option-27.pdf
GLP-1 Support Weight Loss,1600,Non-Vegetarian,28,1589,87,65,07-GLP-1-Support-Weight-Loss/1600-kcal/1600-kcal-Non-Vegetarian-GLP-1-Support-Weight-Loss-Option-28.pdf
GLP-1 Support Weight Loss,1600,Non-Vegetarian,29,1572,85,72,07-GLP-1-Support-Weight-Loss/1600-kcal/1600-kcal-Non-Vegetarian-GLP-1-Support-Weight-Loss-Option-29.pdf
GLP-1 Support Weight Loss,1600,Non-Vegetarian,30,1595,87,72,07-GLP-1-Support-Weight-Loss/1600-kcal/1600-kcal-Non-Vegetarian-GLP-1-Support-Weight-Loss-Option-30.pdf
GLP-1 Support Weight Loss,1800,Vegetarian,1,1780,75,70,07-GLP-1-Support-Weight-Loss/1800-kcal/1800-kcal-Vegetarian-GLP-1-Support-Weight-Loss-Option-01.pdf
GLP-1 Support Weight Loss,1800,Vegetarian,2,1793,81,71,07-GLP-1-Support-Weight-Loss/1800-kcal/1800-kcal-Vegetarian-GLP-1-Support-Weight-Loss-Option-02.pdf
GLP-1 Support Weight Loss,1800,Vegetarian,3,1795,78,67,07-GLP-1-Support-Weight-Loss/1800-kcal/1800-kcal-Vegetarian-GLP-1-Support-Weight-Loss-Option-03.pdf
GLP-1 Support Weight Loss,1800,Vegetarian,4,1789,76,67,07-GLP-1-Support-Weight-Loss/1800-kcal/1800-kcal-Vegetarian-GLP-1-Support-Weight-Loss-Option-04.pdf
GLP-1 Support Weight Loss,1800,Vegetarian,5,1792,79,66,07-GLP-1-Support-Weight-Loss/1800-kcal/1800-kcal-Vegetarian-GLP-1-Support-Weight-Loss-Option-05.pdf
GLP-1 Support Weight Loss,1800,Vegetarian,6,1794,76,63,07-GLP-1-Support-Weight-Loss/1800-kcal/1800-kcal-Vegetarian-GLP-1-Support-Weight-Loss-Option-06.pdf
GLP-1 Support Weight Loss,1800,Vegetarian,7,1799,78,70,07-GLP-1-Support-Weight-Loss/1800-kcal/1800-kcal-Vegetarian-GLP-1-Support-Weight-Loss-Option-07.pdf
GLP-1 Support Weight Loss,1800,Vegetarian,8,1784,75,67,07-GLP-1-Support-Weight-Loss/1800-kcal/1800-kcal-Vegetarian-GLP-1-Support-Weight-Loss-Option-08.pdf
GLP-1 Support Weight Loss,1800,Vegetarian,9,1785,79,69,07-GLP-1-Support-Weight-Loss/1800-kcal/1800-kcal-Vegetarian-GLP-1-Support-Weight-Loss-Option-09.pdf
GLP-1 Support Weight Loss,1800,Vegetarian,10,1774,79,71,07-GLP-1-Support-Weight-Loss/1800-kcal/1800-kcal-Vegetarian-GLP-1-Support-Weight-Loss-Option-10.pdf
GLP-1 Support Weight Loss,1800,Vegetarian,11,1806,79,73,07-GLP-1-Support-Weight-Loss/1800-kcal/1800-kcal-Vegetarian-GLP-1-Support-Weight-Loss-Option-11.pdf
GLP-1 Support Weight Loss,1800,Vegetarian,12,1785,75,66,07-GLP-1-Support-Weight-Loss/1800-kcal/1800-kcal-Vegetarian-GLP-1-Support-Weight-Loss-Option-12.pdf
GLP-1 Support Weight Loss,1800,Vegetarian,13,1790,77,72,07-GLP-1-Support-Weight-Loss/1800-kcal/1800-kcal-Vegetarian-GLP-1-Support-Weight-Loss-Option-13.pdf
GLP-1 Support Weight Loss,1800,Vegetarian,14,1795,75,70,07-GLP-1-Support-Weight-Loss/1800-kcal/1800-kcal-Vegetarian-GLP-1-Support-Weight-Loss-Option-14.pdf
GLP-1 Support Weight Loss,1800,Vegetarian,15,1790,78,72,07-GLP-1-Support-Weight-Loss/1800-kcal/1800-kcal-Vegetarian-GLP-1-Support-Weight-Loss-Option-15.pdf
GLP-1 Support Weight Loss,1800,Vegetarian,16,1790,79,68,07-GLP-1-Support-Weight-Loss/1800-kcal/1800-kcal-Vegetarian-GLP-1-Support-Weight-Loss-Option-16.pdf
GLP-1 Support Weight Loss,1800,Vegetarian,17,1777,73,68,07-GLP-1-Support-Weight-Loss/1800-kcal/1800-kcal-Vegetarian-GLP-1-Support-Weight-Loss-Option-17.pdf
GLP-1 Support Weight Loss,1800,Vegetarian,18,1789,75,69,07-GLP-1-Support-Weight-Loss/1800-kcal/1800-kcal-Vegetarian-GLP-1-Support-Weight-Loss-Option-18.pdf
GLP-1 Support Weight Loss,1800,Vegetarian,19,1800,75,69,07-GLP-1-Support-Weight-Loss/1800-kcal/1800-kcal-Vegetarian-GLP-1-Support-Weight-Loss-Option-19.pdf
GLP-1 Support Weight Loss,1800,Vegetarian,20,1801,78,72,07-GLP-1-Support-Weight-Loss/1800-kcal/1800-kcal-Vegetarian-GLP-1-Support-Weight-Loss-Option-20.pdf
GLP-1 Support Weight Loss,1800,Vegetarian,21,1790,77,64,07-GLP-1-Support-Weight-Loss/1800-kcal/1800-kcal-Vegetarian-GLP-1-Support-Weight-Loss-Option-21.pdf
GLP-1 Support Weight Loss,1800,Vegetarian,22,1795,75,66,07-GLP-1-Support-Weight-Loss/1800-kcal/1800-kcal-Vegetarian-GLP-1-Support-Weight-Loss-Option-22.pdf
GLP-1 Support Weight Loss,1800,Vegetarian,23,1790,76,66,07-GLP-1-Support-Weight-Loss/1800-kcal/1800-kcal-Vegetarian-GLP-1-Support-Weight-Loss-Option-23.pdf
GLP-1 Support Weight Loss,1800,Vegetarian,24,1788,75,66,07-GLP-1-Support-Weight-Loss/1800-kcal/1800-kcal-Vegetarian-GLP-1-Support-Weight-Loss-Option-24.pdf
GLP-1 Support Weight Loss,1800,Vegetarian,25,1790,78,72,07-GLP-1-Support-Weight-Loss/1800-kcal/1800-kcal-Vegetarian-GLP-1-Support-Weight-Loss-Option-25.pdf
GLP-1 Support Weight Loss,1800,Vegetarian,26,1794,76,69,07-GLP-1-Support-Weight-Loss/1800-kcal/1800-kcal-Vegetarian-GLP-1-Support-Weight-Loss-Option-26.pdf
GLP-1 Support Weight Loss,1800,Vegetarian,27,1775,75,69,07-GLP-1-Support-Weight-Loss/1800-kcal/1800-kcal-Vegetarian-GLP-1-Support-Weight-Loss-Option-27.pdf
GLP-1 Support Weight Loss,1800,Vegetarian,28,1789,76,70,07-GLP-1-Support-Weight-Loss/1800-kcal/1800-kcal-Vegetarian-GLP-1-Support-Weight-Loss-Option-28.pdf
GLP-1 Support Weight Loss,1800,Vegetarian,29,1780,76,66,07-GLP-1-Support-Weight-Loss/1800-kcal/1800-kcal-Vegetarian-GLP-1-Support-Weight-Loss-Option-29.pdf
GLP-1 Support Weight Loss,1800,Vegetarian,30,1792,78,72,07-GLP-1-Support-Weight-Loss/1800-kcal/1800-kcal-Vegetarian-GLP-1-Support-Weight-Loss-Option-30.pdf
GLP-1 Support Weight Loss,1800,Vegan,1,1788,77,68,07-GLP-1-Support-Weight-Loss/1800-kcal/1800-kcal-Vegan-GLP-1-Support-Weight-Loss-Option-01.pdf
GLP-1 Support Weight Loss,1800,Vegan,2,1783,75,66,07-GLP-1-Support-Weight-Loss/1800-kcal/1800-kcal-Vegan-GLP-1-Support-Weight-Loss-Option-02.pdf
GLP-1 Support Weight Loss,1800,Vegan,3,1794,79,72,07-GLP-1-Support-Weight-Loss/1800-kcal/1800-kcal-Vegan-GLP-1-Support-Weight-Loss-Option-03.pdf
GLP-1 Support Weight Loss,1800,Vegan,4,1781,77,73,07-GLP-1-Support-Weight-Loss/1800-kcal/1800-kcal-Vegan-GLP-1-Support-Weight-Loss-Option-04.pdf
GLP-1 Support Weight Loss,1800,Vegan,5,1797,78,66,07-GLP-1-Support-Weight-Loss/1800-kcal/1800-kcal-Vegan-GLP-1-Support-Weight-Loss-Option-05.pdf
GLP-1 Support Weight Loss,1800,Vegan,6,1795,75,64,07-GLP-1-Support-Weight-Loss/1800-kcal/1800-kcal-Vegan-GLP-1-Support-Weight-Loss-Option-06.pdf
GLP-1 Support Weight Loss,1800,Vegan,7,1807,78,66,07-GLP-1-Support-Weight-Loss/1800-kcal/1800-kcal-Vegan-GLP-1-Support-Weight-Loss-Option-07.pdf
GLP-1 Support Weight Loss,1800,Vegan,8,1786,74,61,07-GLP-1-Support-Weight-Loss/1800-kcal/1800-kcal-Vegan-GLP-1-Support-Weight-Loss-Option-08.pdf
GLP-1 Support Weight Loss,1800,Vegan,9,1790,78,72,07-GLP-1-Support-Weight-Loss/1800-kcal/1800-kcal-Vegan-GLP-1-Support-Weight-Loss-Option-09.pdf
GLP-1 Support Weight Loss,1800,Vegan,10,1790,78,73,07-GLP-1-Support-Weight-Loss/1800-kcal/1800-kcal-Vegan-GLP-1-Support-Weight-Loss-Option-10.pdf
GLP-1 Support Weight Loss,1800,Vegan,11,1778,77,68,07-GLP-1-Support-Weight-Loss/1800-kcal/1800-kcal-Vegan-GLP-1-Support-Weight-Loss-Option-11.pdf
GLP-1 Support Weight Loss,1800,Vegan,12,1771,77,71,07-GLP-1-Support-Weight-Loss/1800-kcal/1800-kcal-Vegan-GLP-1-Support-Weight-Loss-Option-12.pdf
GLP-1 Support Weight Loss,1800,Vegan,13,1796,75,68,07-GLP-1-Support-Weight-Loss/1800-kcal/1800-kcal-Vegan-GLP-1-Support-Weight-Loss-Option-13.pdf
GLP-1 Support Weight Loss,1800,Vegan,14,1793,79,71,07-GLP-1-Support-Weight-Loss/1800-kcal/1800-kcal-Vegan-GLP-1-Support-Weight-Loss-Option-14.pdf
GLP-1 Support Weight Loss,1800,Vegan,15,1774,76,72,07-GLP-1-Support-Weight-Loss/1800-kcal/1800-kcal-Vegan-GLP-1-Support-Weight-Loss-Option-15.pdf
GLP-1 Support Weight Loss,1800,Vegan,16,1797,77,67,07-GLP-1-Support-Weight-Loss/1800-kcal/1800-kcal-Vegan-GLP-1-Support-Weight-Loss-Option-16.pdf
GLP-1 Support Weight Loss,1800,Vegan,17,1784,77,68,07-GLP-1-Support-Weight-Loss/1800-kcal/1800-kcal-Vegan-GLP-1-Support-Weight-Loss-Option-17.pdf
GLP-1 Support Weight Loss,1800,Vegan,18,1785,72,66,07-GLP-1-Support-Weight-Loss/1800-kcal/1800-kcal-Vegan-GLP-1-Support-Weight-Loss-Option-18.pdf
GLP-1 Support Weight Loss,1800,Vegan,19,1800,77,67,07-GLP-1-Support-Weight-Loss/1800-kcal/1800-kcal-Vegan-GLP-1-Support-Weight-Loss-Option-19.pdf
GLP-1 Support Weight Loss,1800,Vegan,20,1782,75,66,07-GLP-1-Support-Weight-Loss/1800-kcal/1800-kcal-Vegan-GLP-1-Support-Weight-Loss-Option-20.pdf
GLP-1 Support Weight Loss,1800,Vegan,21,1781,74,70,07-GLP-1-Support-Weight-Loss/1800-kcal/1800-kcal-Vegan-GLP-1-Support-Weight-Loss-Option-21.pdf
GLP-1 Support Weight Loss,1800,Vegan,22,1784,76,70,07-GLP-1-Support-Weight-Loss/1800-kcal/1800-kcal-Vegan-GLP-1-Support-Weight-Loss-Option-22.pdf
GLP-1 Support Weight Loss,1800,Vegan,23,1793,77,68,07-GLP-1-Support-Weight-Loss/1800-kcal/1800-kcal-Vegan-GLP-1-Support-Weight-Loss-Option-23.pdf
GLP-1 Support Weight Loss,1800,Vegan,24,1779,72,63,07-GLP-1-Support-Weight-Loss/1800-kcal/1800-kcal-Vegan-GLP-1-Support-Weight-Loss-Option-24.pdf
GLP-1 Support Weight Loss,1800,Vegan,25,1798,79,73,07-GLP-1-Support-Weight-Loss/1800-kcal/1800-kcal-Vegan-GLP-1-Support-Weight-Loss-Option-25.pdf
GLP-1 Support Weight Loss,1800,Vegan,26,1787,75,65,07-GLP-1-Support-Weight-Loss/1800-kcal/1800-kcal-Vegan-GLP-1-Support-Weight-Loss-Option-26.pdf
GLP-1 Support Weight Loss,1800,Vegan,27,1794,81,76,07-GLP-1-Support-Weight-Loss/1800-kcal/1800-kcal-Vegan-GLP-1-Support-Weight-Loss-Option-27.pdf
GLP-1 Support Weight Loss,1800,Vegan,28,1787,76,70,07-GLP-1-Support-Weight-Loss/1800-kcal/1800-kcal-Vegan-GLP-1-Support-Weight-Loss-Option-28.pdf
GLP-1 Support Weight Loss,1800,Vegan,29,1774,75,67,07-GLP-1-Support-Weight-Loss/1800-kcal/1800-kcal-Vegan-GLP-1-Support-Weight-Loss-Option-29.pdf
GLP-1 Support Weight Loss,1800,Vegan,30,1791,77,70,07-GLP-1-Support-Weight-Loss/1800-kcal/1800-kcal-Vegan-GLP-1-Support-Weight-Loss-Option-30.pdf
GLP-1 Support Weight Loss,1800,Eggetarian,1,1792,84,76,07-GLP-1-Support-Weight-Loss/1800-kcal/1800-kcal-Eggetarian-GLP-1-Support-Weight-Loss-Option-01.pdf
GLP-1 Support Weight Loss,1800,Eggetarian,2,1779,85,65,07-GLP-1-Support-Weight-Loss/1800-kcal/1800-kcal-Eggetarian-GLP-1-Support-Weight-Loss-Option-02.pdf
GLP-1 Support Weight Loss,1800,Eggetarian,3,1787,84,73,07-GLP-1-Support-Weight-Loss/1800-kcal/1800-kcal-Eggetarian-GLP-1-Support-Weight-Loss-Option-03.pdf
GLP-1 Support Weight Loss,1800,Eggetarian,4,1787,83,74,07-GLP-1-Support-Weight-Loss/1800-kcal/1800-kcal-Eggetarian-GLP-1-Support-Weight-Loss-Option-04.pdf
GLP-1 Support Weight Loss,1800,Eggetarian,5,1789,83,68,07-GLP-1-Support-Weight-Loss/1800-kcal/1800-kcal-Eggetarian-GLP-1-Support-Weight-Loss-Option-05.pdf
GLP-1 Support Weight Loss,1800,Eggetarian,6,1797,83,76,07-GLP-1-Support-Weight-Loss/1800-kcal/1800-kcal-Eggetarian-GLP-1-Support-Weight-Loss-Option-06.pdf
GLP-1 Support Weight Loss,1800,Eggetarian,7,1768,81,71,07-GLP-1-Support-Weight-Loss/1800-kcal/1800-kcal-Eggetarian-GLP-1-Support-Weight-Loss-Option-07.pdf
GLP-1 Support Weight Loss,1800,Eggetarian,8,1795,79,71,07-GLP-1-Support-Weight-Loss/1800-kcal/1800-kcal-Eggetarian-GLP-1-Support-Weight-Loss-Option-08.pdf
GLP-1 Support Weight Loss,1800,Eggetarian,9,1780,82,69,07-GLP-1-Support-Weight-Loss/1800-kcal/1800-kcal-Eggetarian-GLP-1-Support-Weight-Loss-Option-09.pdf
GLP-1 Support Weight Loss,1800,Eggetarian,10,1779,84,71,07-GLP-1-Support-Weight-Loss/1800-kcal/1800-kcal-Eggetarian-GLP-1-Support-Weight-Loss-Option-10.pdf
GLP-1 Support Weight Loss,1800,Eggetarian,11,1799,81,69,07-GLP-1-Support-Weight-Loss/1800-kcal/1800-kcal-Eggetarian-GLP-1-Support-Weight-Loss-Option-11.pdf
GLP-1 Support Weight Loss,1800,Eggetarian,12,1791,84,78,07-GLP-1-Support-Weight-Loss/1800-kcal/1800-kcal-Eggetarian-GLP-1-Support-Weight-Loss-Option-12.pdf
GLP-1 Support Weight Loss,1800,Eggetarian,13,1788,82,71,07-GLP-1-Support-Weight-Loss/1800-kcal/1800-kcal-Eggetarian-GLP-1-Support-Weight-Loss-Option-13.pdf
GLP-1 Support Weight Loss,1800,Eggetarian,14,1793,82,71,07-GLP-1-Support-Weight-Loss/1800-kcal/1800-kcal-Eggetarian-GLP-1-Support-Weight-Loss-Option-14.pdf
GLP-1 Support Weight Loss,1800,Eggetarian,15,1790,80,70,07-GLP-1-Support-Weight-Loss/1800-kcal/1800-kcal-Eggetarian-GLP-1-Support-Weight-Loss-Option-15.pdf
GLP-1 Support Weight Loss,1800,Eggetarian,16,1787,82,72,07-GLP-1-Support-Weight-Loss/1800-kcal/1800-kcal-Eggetarian-GLP-1-Support-Weight-Loss-Option-16.pdf
GLP-1 Support Weight Loss,1800,Eggetarian,17,1782,82,70,07-GLP-1-Support-Weight-Loss/1800-kcal/1800-kcal-Eggetarian-GLP-1-Support-Weight-Loss-Option-17.pdf
GLP-1 Support Weight Loss,1800,Eggetarian,18,1793,84,74,07-GLP-1-Support-Weight-Loss/1800-kcal/1800-kcal-Eggetarian-GLP-1-Support-Weight-Loss-Option-18.pdf
GLP-1 Support Weight Loss,1800,Eggetarian,19,1774,84,78,07-GLP-1-Support-Weight-Loss/1800-kcal/1800-kcal-Eggetarian-GLP-1-Support-Weight-Loss-Option-19.pdf
GLP-1 Support Weight Loss,1800,Eggetarian,20,1783,81,73,07-GLP-1-Support-Weight-Loss/1800-kcal/1800-kcal-Eggetarian-GLP-1-Support-Weight-Loss-Option-20.pdf
GLP-1 Support Weight Loss,1800,Eggetarian,21,1797,81,69,07-GLP-1-Support-Weight-Loss/1800-kcal/1800-kcal-Eggetarian-GLP-1-Support-Weight-Loss-Option-21.pdf
GLP-1 Support Weight Loss,1800,Eggetarian,22,1795,82,71,07-GLP-1-Support-Weight-Loss/1800-kcal/1800-kcal-Eggetarian-GLP-1-Support-Weight-Loss-Option-22.pdf
GLP-1 Support Weight Loss,1800,Eggetarian,23,1777,86,74,07-GLP-1-Support-Weight-Loss/1800-kcal/1800-kcal-Eggetarian-GLP-1-Support-Weight-Loss-Option-23.pdf
GLP-1 Support Weight Loss,1800,Eggetarian,24,1776,82,72,07-GLP-1-Support-Weight-Loss/1800-kcal/1800-kcal-Eggetarian-GLP-1-Support-Weight-Loss-Option-24.pdf
GLP-1 Support Weight Loss,1800,Eggetarian,25,1796,82,75,07-GLP-1-Support-Weight-Loss/1800-kcal/1800-kcal-Eggetarian-GLP-1-Support-Weight-Loss-Option-25.pdf
GLP-1 Support Weight Loss,1800,Eggetarian,26,1798,85,75,07-GLP-1-Support-Weight-Loss/1800-kcal/1800-kcal-Eggetarian-GLP-1-Support-Weight-Loss-Option-26.pdf
GLP-1 Support Weight Loss,1800,Eggetarian,27,1791,78,68,07-GLP-1-Support-Weight-Loss/1800-kcal/1800-kcal-Eggetarian-GLP-1-Support-Weight-Loss-Option-27.pdf
GLP-1 Support Weight Loss,1800,Eggetarian,28,1785,84,80,07-GLP-1-Support-Weight-Loss/1800-kcal/1800-kcal-Eggetarian-GLP-1-Support-Weight-Loss-Option-28.pdf
GLP-1 Support Weight Loss,1800,Eggetarian,29,1781,77,73,07-GLP-1-Support-Weight-Loss/1800-kcal/1800-kcal-Eggetarian-GLP-1-Support-Weight-Loss-Option-29.pdf
GLP-1 Support Weight Loss,1800,Eggetarian,30,1788,87,77,07-GLP-1-Support-Weight-Loss/1800-kcal/1800-kcal-Eggetarian-GLP-1-Support-Weight-Loss-Option-30.pdf
GLP-1 Support Weight Loss,1800,Non-Vegetarian,1,1777,94,81,07-GLP-1-Support-Weight-Loss/1800-kcal/1800-kcal-Non-Vegetarian-GLP-1-Support-Weight-Loss-Option-01.pdf
GLP-1 Support Weight Loss,1800,Non-Vegetarian,2,1794,96,86,07-GLP-1-Support-Weight-Loss/1800-kcal/1800-kcal-Non-Vegetarian-GLP-1-Support-Weight-Loss-Option-02.pdf
GLP-1 Support Weight Loss,1800,Non-Vegetarian,3,1791,105,89,07-GLP-1-Support-Weight-Loss/1800-kcal/1800-kcal-Non-Vegetarian-GLP-1-Support-Weight-Loss-Option-03.pdf
GLP-1 Support Weight Loss,1800,Non-Vegetarian,4,1787,100,92,07-GLP-1-Support-Weight-Loss/1800-kcal/1800-kcal-Non-Vegetarian-GLP-1-Support-Weight-Loss-Option-04.pdf
GLP-1 Support Weight Loss,1800,Non-Vegetarian,5,1786,95,83,07-GLP-1-Support-Weight-Loss/1800-kcal/1800-kcal-Non-Vegetarian-GLP-1-Support-Weight-Loss-Option-05.pdf
GLP-1 Support Weight Loss,1800,Non-Vegetarian,6,1788,92,86,07-GLP-1-Support-Weight-Loss/1800-kcal/1800-kcal-Non-Vegetarian-GLP-1-Support-Weight-Loss-Option-06.pdf
GLP-1 Support Weight Loss,1800,Non-Vegetarian,7,1792,96,91,07-GLP-1-Support-Weight-Loss/1800-kcal/1800-kcal-Non-Vegetarian-GLP-1-Support-Weight-Loss-Option-07.pdf
GLP-1 Support Weight Loss,1800,Non-Vegetarian,8,1786,98,86,07-GLP-1-Support-Weight-Loss/1800-kcal/1800-kcal-Non-Vegetarian-GLP-1-Support-Weight-Loss-Option-08.pdf
GLP-1 Support Weight Loss,1800,Non-Vegetarian,9,1786,94,83,07-GLP-1-Support-Weight-Loss/1800-kcal/1800-kcal-Non-Vegetarian-GLP-1-Support-Weight-Loss-Option-09.pdf
GLP-1 Support Weight Loss,1800,Non-Vegetarian,10,1792,96,80,07-GLP-1-Support-Weight-Loss/1800-kcal/1800-kcal-Non-Vegetarian-GLP-1-Support-Weight-Loss-Option-10.pdf
GLP-1 Support Weight Loss,1800,Non-Vegetarian,11,1791,105,87,07-GLP-1-Support-Weight-Loss/1800-kcal/1800-kcal-Non-Vegetarian-GLP-1-Support-Weight-Loss-Option-11.pdf
GLP-1 Support Weight Loss,1800,Non-Vegetarian,12,1772,95,72,07-GLP-1-Support-Weight-Loss/1800-kcal/1800-kcal-Non-Vegetarian-GLP-1-Support-Weight-Loss-Option-12.pdf
GLP-1 Support Weight Loss,1800,Non-Vegetarian,13,1780,93,79,07-GLP-1-Support-Weight-Loss/1800-kcal/1800-kcal-Non-Vegetarian-GLP-1-Support-Weight-Loss-Option-13.pdf
GLP-1 Support Weight Loss,1800,Non-Vegetarian,14,1794,93,82,07-GLP-1-Support-Weight-Loss/1800-kcal/1800-kcal-Non-Vegetarian-GLP-1-Support-Weight-Loss-Option-14.pdf
GLP-1 Support Weight Loss,1800,Non-Vegetarian,15,1774,89,81,07-GLP-1-Support-Weight-Loss/1800-kcal/1800-kcal-Non-Vegetarian-GLP-1-Support-Weight-Loss-Option-15.pdf
GLP-1 Support Weight Loss,1800,Non-Vegetarian,16,1799,101,83,07-GLP-1-Support-Weight-Loss/1800-kcal/1800-kcal-Non-Vegetarian-GLP-1-Support-Weight-Loss-Option-16.pdf
GLP-1 Support Weight Loss,1800,Non-Vegetarian,17,1782,95,76,07-GLP-1-Support-Weight-Loss/1800-kcal/1800-kcal-Non-Vegetarian-GLP-1-Support-Weight-Loss-Option-17.pdf
GLP-1 Support Weight Loss,1800,Non-Vegetarian,18,1793,94,76,07-GLP-1-Support-Weight-Loss/1800-kcal/1800-kcal-Non-Vegetarian-GLP-1-Support-Weight-Loss-Option-18.pdf
GLP-1 Support Weight Loss,1800,Non-Vegetarian,19,1781,95,83,07-GLP-1-Support-Weight-Loss/1800-kcal/1800-kcal-Non-Vegetarian-GLP-1-Support-Weight-Loss-Option-19.pdf
GLP-1 Support Weight Loss,1800,Non-Vegetarian,20,1796,96,81,07-GLP-1-Support-Weight-Loss/1800-kcal/1800-kcal-Non-Vegetarian-GLP-1-Support-Weight-Loss-Option-20.pdf
GLP-1 Support Weight Loss,1800,Non-Vegetarian,21,1797,96,80,07-GLP-1-Support-Weight-Loss/1800-kcal/1800-kcal-Non-Vegetarian-GLP-1-Support-Weight-Loss-Option-21.pdf
GLP-1 Support Weight Loss,1800,Non-Vegetarian,22,1781,95,69,07-GLP-1-Support-Weight-Loss/1800-kcal/1800-kcal-Non-Vegetarian-GLP-1-Support-Weight-Loss-Option-22.pdf
GLP-1 Support Weight Loss,1800,Non-Vegetarian,23,1775,93,81,07-GLP-1-Support-Weight-Loss/1800-kcal/1800-kcal-Non-Vegetarian-GLP-1-Support-Weight-Loss-Option-23.pdf
GLP-1 Support Weight Loss,1800,Non-Vegetarian,24,1797,97,81,07-GLP-1-Support-Weight-Loss/1800-kcal/1800-kcal-Non-Vegetarian-GLP-1-Support-Weight-Loss-Option-24.pdf
GLP-1 Support Weight Loss,1800,Non-Vegetarian,25,1769,93,86,07-GLP-1-Support-Weight-Loss/1800-kcal/1800-kcal-Non-Vegetarian-GLP-1-Support-Weight-Loss-Option-25.pdf
GLP-1 Support Weight Loss,1800,Non-Vegetarian,26,1779,95,83,07-GLP-1-Support-Weight-Loss/1800-kcal/1800-kcal-Non-Vegetarian-GLP-1-Support-Weight-Loss-Option-26.pdf
GLP-1 Support Weight Loss,1800,Non-Vegetarian,27,1786,97,84,07-GLP-1-Support-Weight-Loss/1800-kcal/1800-kcal-Non-Vegetarian-GLP-1-Support-Weight-Loss-Option-27.pdf
GLP-1 Support Weight Loss,1800,Non-Vegetarian,28,1779,96,83,07-GLP-1-Support-Weight-Loss/1800-kcal/1800-kcal-Non-Vegetarian-GLP-1-Support-Weight-Loss-Option-28.pdf
GLP-1 Support Weight Loss,1800,Non-Vegetarian,29,1779,94,88,07-GLP-1-Support-Weight-Loss/1800-kcal/1800-kcal-Non-Vegetarian-GLP-1-Support-Weight-Loss-Option-29.pdf
GLP-1 Support Weight Loss,1800,Non-Vegetarian,30,1783,93,75,07-GLP-1-Support-Weight-Loss/1800-kcal/1800-kcal-Non-Vegetarian-GLP-1-Support-Weight-Loss-Option-30.pdf
